ISO-10303-21;
HEADER;
/* Generated by software containing ST-Developer
 * from STEP Tools, Inc. (www.steptools.com) 
 */
/* OPTION: using custom renumber hook */

FILE_DESCRIPTION(
/* description */ ('STEP AP242 Edition 2',
'CAx-IF Rec.Pracs.---Representation and Presentation of Product Manufa
cturing Information (PMI)---4.0---2014-10-13',
'CAx-IF Rec.Pracs.---3D Tessellated Geometry---0.4---2014-09-14','2;1',
'CAx-IF Rec.Pracs.---User Defined Attributes---1.5---2016-08-15'),
/* implementation_level */ '2;1');

FILE_NAME(
/* name */ 'Part Studio 1 - Part 1',
/* time_stamp */ '2026-08-12T05:22:35Z',
/* author */ (''),
/* organization */ (''),
/* preprocessor_version */ 'ST-DEVELOPER v20',
/* originating_system */ 'ONSHAPE BY PTC INC, 1.219',
/* authorisation */ '  ');

FILE_SCHEMA (('AP242_MANAGED_MODEL_BASED_3D_ENGINEERING_MIM_LF { 1 0 10303 442 3 1 4 }'));
ENDSEC;

DATA;
#10=SHAPE_REPRESENTATION_RELATIONSHIP('','',#1873,#11);
#11=ADVANCED_BREP_SHAPE_REPRESENTATION('',(#1871),#3101);
#12=CYLINDRICAL_SURFACE('',#1882,0.003);
#13=CYLINDRICAL_SURFACE('',#1949,0.001);
#14=CYLINDRICAL_SURFACE('',#1954,0.001);
#15=CYLINDRICAL_SURFACE('',#1958,0.001);
#16=CYLINDRICAL_SURFACE('',#1959,0.001);
#17=CYLINDRICAL_SURFACE('',#1960,0.001);
#18=CYLINDRICAL_SURFACE('',#1961,0.001);
#19=CYLINDRICAL_SURFACE('',#1962,0.001);
#20=CYLINDRICAL_SURFACE('',#1963,0.001);
#21=CYLINDRICAL_SURFACE('',#1964,0.001);
#22=CYLINDRICAL_SURFACE('',#1965,0.001);
#23=CYLINDRICAL_SURFACE('',#1966,0.001);
#24=CYLINDRICAL_SURFACE('',#1967,0.001);
#25=CYLINDRICAL_SURFACE('',#1968,0.001);
#26=CYLINDRICAL_SURFACE('',#1969,0.001);
#27=CYLINDRICAL_SURFACE('',#1970,0.001);
#28=CYLINDRICAL_SURFACE('',#1976,0.001);
#29=CYLINDRICAL_SURFACE('',#1982,0.001);
#30=CYLINDRICAL_SURFACE('',#1983,0.001);
#31=CYLINDRICAL_SURFACE('',#1988,0.001);
#32=CYLINDRICAL_SURFACE('',#1998,0.001);
#33=CYLINDRICAL_SURFACE('',#2003,0.001);
#34=CYLINDRICAL_SURFACE('',#2008,0.001);
#35=CYLINDRICAL_SURFACE('',#2010,0.001);
#36=CYLINDRICAL_SURFACE('',#2013,0.001);
#37=CYLINDRICAL_SURFACE('',#2030,0.001);
#38=CYLINDRICAL_SURFACE('',#2033,0.002);
#39=CYLINDRICAL_SURFACE('',#2036,0.002);
#40=CYLINDRICAL_SURFACE('',#2042,0.003);
#41=CYLINDRICAL_SURFACE('',#2045,0.003);
#42=CIRCLE('',#1879,0.002);
#43=CIRCLE('',#1880,0.002);
#44=CIRCLE('',#1881,0.001);
#45=CIRCLE('',#1883,0.003);
#46=CIRCLE('',#1884,0.003);
#47=CIRCLE('',#1886,0.001);
#48=CIRCLE('',#1887,0.001);
#49=CIRCLE('',#1888,0.001);
#50=CIRCLE('',#1889,0.001);
#51=CIRCLE('',#1890,0.001);
#52=CIRCLE('',#1891,0.001);
#53=CIRCLE('',#1892,0.001);
#54=CIRCLE('',#1893,0.001);
#55=CIRCLE('',#1894,0.001);
#56=CIRCLE('',#1895,0.001);
#57=CIRCLE('',#1896,0.001);
#58=CIRCLE('',#1897,0.001);
#59=CIRCLE('',#1898,0.001);
#60=CIRCLE('',#1899,0.001);
#61=CIRCLE('',#1900,0.001);
#62=CIRCLE('',#1901,0.001);
#63=CIRCLE('',#1902,0.001);
#64=CIRCLE('',#1903,0.001);
#65=CIRCLE('',#1904,0.001);
#66=CIRCLE('',#1905,0.001);
#67=CIRCLE('',#1906,0.001);
#68=CIRCLE('',#1907,0.001);
#69=CIRCLE('',#1908,0.001);
#70=CIRCLE('',#1909,0.001);
#71=CIRCLE('',#1910,0.003);
#72=CIRCLE('',#1911,0.003);
#73=CIRCLE('',#1913,0.001);
#74=CIRCLE('',#1914,0.001);
#75=CIRCLE('',#1916,0.001);
#76=CIRCLE('',#1918,0.001);
#77=CIRCLE('',#1920,0.001);
#78=CIRCLE('',#1922,0.001);
#79=CIRCLE('',#1924,0.001);
#80=CIRCLE('',#1926,0.001);
#81=CIRCLE('',#1928,0.001);
#82=CIRCLE('',#1930,0.001);
#83=CIRCLE('',#1932,0.001);
#84=CIRCLE('',#1934,0.001);
#85=CIRCLE('',#1936,0.001);
#86=CIRCLE('',#1938,0.001);
#87=CIRCLE('',#1940,0.001);
#88=CIRCLE('',#1942,0.001);
#89=CIRCLE('',#1943,0.001);
#90=CIRCLE('',#1945,0.001);
#91=CIRCLE('',#1946,0.001);
#92=CIRCLE('',#1999,0.001);
#93=CIRCLE('',#2004,0.001);
#94=CIRCLE('',#2009,0.001);
#95=CIRCLE('',#2011,0.001);
#96=CIRCLE('',#2014,0.001);
#97=CIRCLE('',#2031,0.001);
#98=CIRCLE('',#2034,0.002);
#99=CIRCLE('',#2037,0.002);
#100=CIRCLE('',#2041,0.003);
#101=CIRCLE('',#2044,0.003);
#102=ORIENTED_EDGE('',*,*,#586,.F.);
#103=ORIENTED_EDGE('',*,*,#587,.T.);
#104=ORIENTED_EDGE('',*,*,#588,.T.);
#105=ORIENTED_EDGE('',*,*,#589,.F.);
#106=ORIENTED_EDGE('',*,*,#590,.F.);
#107=ORIENTED_EDGE('',*,*,#591,.T.);
#108=ORIENTED_EDGE('',*,*,#592,.T.);
#109=ORIENTED_EDGE('',*,*,#588,.F.);
#110=ORIENTED_EDGE('',*,*,#593,.F.);
#111=ORIENTED_EDGE('',*,*,#594,.T.);
#112=ORIENTED_EDGE('',*,*,#586,.T.);
#113=ORIENTED_EDGE('',*,*,#595,.F.);
#114=ORIENTED_EDGE('',*,*,#596,.F.);
#115=ORIENTED_EDGE('',*,*,#597,.F.);
#116=ORIENTED_EDGE('',*,*,#598,.F.);
#117=ORIENTED_EDGE('',*,*,#599,.F.);
#118=ORIENTED_EDGE('',*,*,#593,.T.);
#119=ORIENTED_EDGE('',*,*,#600,.T.);
#120=ORIENTED_EDGE('',*,*,#591,.F.);
#121=ORIENTED_EDGE('',*,*,#601,.T.);
#122=ORIENTED_EDGE('',*,*,#602,.T.);
#123=ORIENTED_EDGE('',*,*,#603,.F.);
#124=ORIENTED_EDGE('',*,*,#604,.T.);
#125=ORIENTED_EDGE('',*,*,#605,.T.);
#126=ORIENTED_EDGE('',*,*,#606,.T.);
#127=ORIENTED_EDGE('',*,*,#607,.F.);
#128=ORIENTED_EDGE('',*,*,#608,.F.);
#129=ORIENTED_EDGE('',*,*,#609,.T.);
#130=ORIENTED_EDGE('',*,*,#610,.T.);
#131=ORIENTED_EDGE('',*,*,#611,.F.);
#132=ORIENTED_EDGE('',*,*,#612,.T.);
#133=ORIENTED_EDGE('',*,*,#613,.F.);
#134=ORIENTED_EDGE('',*,*,#614,.F.);
#135=ORIENTED_EDGE('',*,*,#615,.F.);
#136=ORIENTED_EDGE('',*,*,#616,.F.);
#137=ORIENTED_EDGE('',*,*,#617,.F.);
#138=ORIENTED_EDGE('',*,*,#618,.T.);
#139=ORIENTED_EDGE('',*,*,#618,.F.);
#140=ORIENTED_EDGE('',*,*,#619,.T.);
#141=ORIENTED_EDGE('',*,*,#620,.F.);
#142=ORIENTED_EDGE('',*,*,#621,.F.);
#143=ORIENTED_EDGE('',*,*,#622,.F.);
#144=ORIENTED_EDGE('',*,*,#623,.F.);
#145=ORIENTED_EDGE('',*,*,#624,.T.);
#146=ORIENTED_EDGE('',*,*,#625,.T.);
#147=ORIENTED_EDGE('',*,*,#626,.F.);
#148=ORIENTED_EDGE('',*,*,#627,.F.);
#149=ORIENTED_EDGE('',*,*,#628,.T.);
#150=ORIENTED_EDGE('',*,*,#629,.T.);
#151=ORIENTED_EDGE('',*,*,#630,.T.);
#152=ORIENTED_EDGE('',*,*,#631,.F.);
#153=ORIENTED_EDGE('',*,*,#632,.F.);
#154=ORIENTED_EDGE('',*,*,#633,.T.);
#155=ORIENTED_EDGE('',*,*,#634,.F.);
#156=ORIENTED_EDGE('',*,*,#635,.F.);
#157=ORIENTED_EDGE('',*,*,#636,.F.);
#158=ORIENTED_EDGE('',*,*,#637,.F.);
#159=ORIENTED_EDGE('',*,*,#638,.T.);
#160=ORIENTED_EDGE('',*,*,#639,.F.);
#161=ORIENTED_EDGE('',*,*,#640,.T.);
#162=ORIENTED_EDGE('',*,*,#641,.F.);
#163=ORIENTED_EDGE('',*,*,#642,.F.);
#164=ORIENTED_EDGE('',*,*,#643,.F.);
#165=ORIENTED_EDGE('',*,*,#644,.F.);
#166=ORIENTED_EDGE('',*,*,#645,.T.);
#167=ORIENTED_EDGE('',*,*,#646,.T.);
#168=ORIENTED_EDGE('',*,*,#613,.T.);
#169=ORIENTED_EDGE('',*,*,#647,.F.);
#170=ORIENTED_EDGE('',*,*,#648,.T.);
#171=ORIENTED_EDGE('',*,*,#649,.T.);
#172=ORIENTED_EDGE('',*,*,#650,.F.);
#173=ORIENTED_EDGE('',*,*,#651,.F.);
#174=ORIENTED_EDGE('',*,*,#609,.F.);
#175=ORIENTED_EDGE('',*,*,#652,.T.);
#176=ORIENTED_EDGE('',*,*,#653,.F.);
#177=ORIENTED_EDGE('',*,*,#654,.F.);
#178=ORIENTED_EDGE('',*,*,#605,.F.);
#179=ORIENTED_EDGE('',*,*,#655,.F.);
#180=ORIENTED_EDGE('',*,*,#656,.F.);
#181=ORIENTED_EDGE('',*,*,#657,.F.);
#182=ORIENTED_EDGE('',*,*,#658,.T.);
#183=ORIENTED_EDGE('',*,*,#659,.T.);
#184=ORIENTED_EDGE('',*,*,#660,.F.);
#185=ORIENTED_EDGE('',*,*,#601,.F.);
#186=ORIENTED_EDGE('',*,*,#590,.T.);
#187=ORIENTED_EDGE('',*,*,#587,.F.);
#188=ORIENTED_EDGE('',*,*,#594,.F.);
#189=ORIENTED_EDGE('',*,*,#599,.T.);
#190=ORIENTED_EDGE('',*,*,#661,.T.);
#191=ORIENTED_EDGE('',*,*,#662,.F.);
#192=ORIENTED_EDGE('',*,*,#663,.F.);
#193=ORIENTED_EDGE('',*,*,#664,.F.);
#194=ORIENTED_EDGE('',*,*,#665,.T.);
#195=ORIENTED_EDGE('',*,*,#666,.T.);
#196=ORIENTED_EDGE('',*,*,#667,.F.);
#197=ORIENTED_EDGE('',*,*,#668,.T.);
#198=ORIENTED_EDGE('',*,*,#669,.T.);
#199=ORIENTED_EDGE('',*,*,#670,.F.);
#200=ORIENTED_EDGE('',*,*,#671,.F.);
#201=ORIENTED_EDGE('',*,*,#672,.T.);
#202=ORIENTED_EDGE('',*,*,#673,.F.);
#203=ORIENTED_EDGE('',*,*,#674,.F.);
#204=ORIENTED_EDGE('',*,*,#675,.F.);
#205=ORIENTED_EDGE('',*,*,#676,.F.);
#206=ORIENTED_EDGE('',*,*,#677,.F.);
#207=ORIENTED_EDGE('',*,*,#678,.F.);
#208=ORIENTED_EDGE('',*,*,#679,.F.);
#209=ORIENTED_EDGE('',*,*,#680,.F.);
#210=ORIENTED_EDGE('',*,*,#681,.F.);
#211=ORIENTED_EDGE('',*,*,#682,.F.);
#212=ORIENTED_EDGE('',*,*,#683,.F.);
#213=ORIENTED_EDGE('',*,*,#684,.F.);
#214=ORIENTED_EDGE('',*,*,#685,.F.);
#215=ORIENTED_EDGE('',*,*,#686,.F.);
#216=ORIENTED_EDGE('',*,*,#687,.F.);
#217=ORIENTED_EDGE('',*,*,#688,.F.);
#218=ORIENTED_EDGE('',*,*,#689,.F.);
#219=ORIENTED_EDGE('',*,*,#690,.F.);
#220=ORIENTED_EDGE('',*,*,#691,.F.);
#221=ORIENTED_EDGE('',*,*,#692,.T.);
#222=ORIENTED_EDGE('',*,*,#693,.T.);
#223=ORIENTED_EDGE('',*,*,#694,.T.);
#224=ORIENTED_EDGE('',*,*,#695,.T.);
#225=ORIENTED_EDGE('',*,*,#696,.T.);
#226=ORIENTED_EDGE('',*,*,#697,.T.);
#227=ORIENTED_EDGE('',*,*,#698,.T.);
#228=ORIENTED_EDGE('',*,*,#699,.T.);
#229=ORIENTED_EDGE('',*,*,#700,.F.);
#230=ORIENTED_EDGE('',*,*,#701,.T.);
#231=ORIENTED_EDGE('',*,*,#702,.T.);
#232=ORIENTED_EDGE('',*,*,#703,.F.);
#233=ORIENTED_EDGE('',*,*,#704,.F.);
#234=ORIENTED_EDGE('',*,*,#705,.T.);
#235=ORIENTED_EDGE('',*,*,#706,.T.);
#236=ORIENTED_EDGE('',*,*,#707,.T.);
#237=ORIENTED_EDGE('',*,*,#708,.T.);
#238=ORIENTED_EDGE('',*,*,#709,.T.);
#239=ORIENTED_EDGE('',*,*,#710,.T.);
#240=ORIENTED_EDGE('',*,*,#711,.T.);
#241=ORIENTED_EDGE('',*,*,#712,.T.);
#242=ORIENTED_EDGE('',*,*,#713,.T.);
#243=ORIENTED_EDGE('',*,*,#714,.T.);
#244=ORIENTED_EDGE('',*,*,#715,.T.);
#245=ORIENTED_EDGE('',*,*,#716,.T.);
#246=ORIENTED_EDGE('',*,*,#717,.T.);
#247=ORIENTED_EDGE('',*,*,#718,.T.);
#248=ORIENTED_EDGE('',*,*,#719,.T.);
#249=ORIENTED_EDGE('',*,*,#720,.T.);
#250=ORIENTED_EDGE('',*,*,#721,.T.);
#251=ORIENTED_EDGE('',*,*,#722,.F.);
#252=ORIENTED_EDGE('',*,*,#723,.T.);
#253=ORIENTED_EDGE('',*,*,#724,.T.);
#254=ORIENTED_EDGE('',*,*,#725,.F.);
#255=ORIENTED_EDGE('',*,*,#726,.F.);
#256=ORIENTED_EDGE('',*,*,#727,.F.);
#257=ORIENTED_EDGE('',*,*,#728,.T.);
#258=ORIENTED_EDGE('',*,*,#729,.F.);
#259=ORIENTED_EDGE('',*,*,#730,.T.);
#260=ORIENTED_EDGE('',*,*,#731,.T.);
#261=ORIENTED_EDGE('',*,*,#732,.F.);
#262=ORIENTED_EDGE('',*,*,#733,.F.);
#263=ORIENTED_EDGE('',*,*,#734,.T.);
#264=ORIENTED_EDGE('',*,*,#735,.T.);
#265=ORIENTED_EDGE('',*,*,#736,.T.);
#266=ORIENTED_EDGE('',*,*,#737,.T.);
#267=ORIENTED_EDGE('',*,*,#738,.F.);
#268=ORIENTED_EDGE('',*,*,#739,.F.);
#269=ORIENTED_EDGE('',*,*,#695,.F.);
#270=ORIENTED_EDGE('',*,*,#740,.F.);
#271=ORIENTED_EDGE('',*,*,#677,.T.);
#272=ORIENTED_EDGE('',*,*,#741,.T.);
#273=ORIENTED_EDGE('',*,*,#696,.F.);
#274=ORIENTED_EDGE('',*,*,#741,.F.);
#275=ORIENTED_EDGE('',*,*,#676,.T.);
#276=ORIENTED_EDGE('',*,*,#742,.T.);
#277=ORIENTED_EDGE('',*,*,#697,.F.);
#278=ORIENTED_EDGE('',*,*,#742,.F.);
#279=ORIENTED_EDGE('',*,*,#675,.T.);
#280=ORIENTED_EDGE('',*,*,#743,.T.);
#281=ORIENTED_EDGE('',*,*,#698,.F.);
#282=ORIENTED_EDGE('',*,*,#743,.F.);
#283=ORIENTED_EDGE('',*,*,#674,.T.);
#284=ORIENTED_EDGE('',*,*,#744,.T.);
#285=ORIENTED_EDGE('',*,*,#699,.F.);
#286=ORIENTED_EDGE('',*,*,#744,.F.);
#287=ORIENTED_EDGE('',*,*,#673,.T.);
#288=ORIENTED_EDGE('',*,*,#745,.T.);
#289=ORIENTED_EDGE('',*,*,#700,.T.);
#290=ORIENTED_EDGE('',*,*,#745,.F.);
#291=ORIENTED_EDGE('',*,*,#672,.F.);
#292=ORIENTED_EDGE('',*,*,#746,.T.);
#293=ORIENTED_EDGE('',*,*,#701,.F.);
#294=ORIENTED_EDGE('',*,*,#746,.F.);
#295=ORIENTED_EDGE('',*,*,#671,.T.);
#296=ORIENTED_EDGE('',*,*,#747,.T.);
#297=ORIENTED_EDGE('',*,*,#702,.F.);
#298=ORIENTED_EDGE('',*,*,#747,.F.);
#299=ORIENTED_EDGE('',*,*,#670,.T.);
#300=ORIENTED_EDGE('',*,*,#748,.T.);
#301=ORIENTED_EDGE('',*,*,#703,.T.);
#302=ORIENTED_EDGE('',*,*,#748,.F.);
#303=ORIENTED_EDGE('',*,*,#669,.F.);
#304=ORIENTED_EDGE('',*,*,#749,.T.);
#305=ORIENTED_EDGE('',*,*,#704,.T.);
#306=ORIENTED_EDGE('',*,*,#749,.F.);
#307=ORIENTED_EDGE('',*,*,#668,.F.);
#308=ORIENTED_EDGE('',*,*,#750,.T.);
#309=ORIENTED_EDGE('',*,*,#694,.F.);
#310=ORIENTED_EDGE('',*,*,#750,.F.);
#311=ORIENTED_EDGE('',*,*,#678,.T.);
#312=ORIENTED_EDGE('',*,*,#740,.T.);
#313=ORIENTED_EDGE('',*,*,#691,.T.);
#314=ORIENTED_EDGE('',*,*,#705,.F.);
#315=ORIENTED_EDGE('',*,*,#690,.T.);
#316=ORIENTED_EDGE('',*,*,#706,.F.);
#317=ORIENTED_EDGE('',*,*,#689,.T.);
#318=ORIENTED_EDGE('',*,*,#707,.F.);
#319=ORIENTED_EDGE('',*,*,#688,.T.);
#320=ORIENTED_EDGE('',*,*,#708,.F.);
#321=ORIENTED_EDGE('',*,*,#687,.T.);
#322=ORIENTED_EDGE('',*,*,#709,.F.);
#323=ORIENTED_EDGE('',*,*,#686,.T.);
#324=ORIENTED_EDGE('',*,*,#710,.F.);
#325=ORIENTED_EDGE('',*,*,#685,.T.);
#326=ORIENTED_EDGE('',*,*,#711,.F.);
#327=ORIENTED_EDGE('',*,*,#684,.T.);
#328=ORIENTED_EDGE('',*,*,#712,.F.);
#329=ORIENTED_EDGE('',*,*,#683,.T.);
#330=ORIENTED_EDGE('',*,*,#713,.F.);
#331=ORIENTED_EDGE('',*,*,#682,.T.);
#332=ORIENTED_EDGE('',*,*,#714,.F.);
#333=ORIENTED_EDGE('',*,*,#681,.T.);
#334=ORIENTED_EDGE('',*,*,#715,.F.);
#335=ORIENTED_EDGE('',*,*,#680,.T.);
#336=ORIENTED_EDGE('',*,*,#716,.F.);
#337=ORIENTED_EDGE('',*,*,#679,.T.);
#338=ORIENTED_EDGE('',*,*,#717,.F.);
#339=ORIENTED_EDGE('',*,*,#719,.F.);
#340=ORIENTED_EDGE('',*,*,#751,.F.);
#341=ORIENTED_EDGE('',*,*,#636,.T.);
#342=ORIENTED_EDGE('',*,*,#752,.T.);
#343=ORIENTED_EDGE('',*,*,#720,.F.);
#344=ORIENTED_EDGE('',*,*,#752,.F.);
#345=ORIENTED_EDGE('',*,*,#635,.T.);
#346=ORIENTED_EDGE('',*,*,#753,.T.);
#347=ORIENTED_EDGE('',*,*,#721,.F.);
#348=ORIENTED_EDGE('',*,*,#753,.F.);
#349=ORIENTED_EDGE('',*,*,#634,.T.);
#350=ORIENTED_EDGE('',*,*,#754,.T.);
#351=ORIENTED_EDGE('',*,*,#722,.T.);
#352=ORIENTED_EDGE('',*,*,#754,.F.);
#353=ORIENTED_EDGE('',*,*,#633,.F.);
#354=ORIENTED_EDGE('',*,*,#755,.T.);
#355=ORIENTED_EDGE('',*,*,#723,.F.);
#356=ORIENTED_EDGE('',*,*,#755,.F.);
#357=ORIENTED_EDGE('',*,*,#632,.T.);
#358=ORIENTED_EDGE('',*,*,#756,.T.);
#359=ORIENTED_EDGE('',*,*,#724,.F.);
#360=ORIENTED_EDGE('',*,*,#756,.F.);
#361=ORIENTED_EDGE('',*,*,#631,.T.);
#362=ORIENTED_EDGE('',*,*,#757,.T.);
#363=ORIENTED_EDGE('',*,*,#725,.T.);
#364=ORIENTED_EDGE('',*,*,#757,.F.);
#365=ORIENTED_EDGE('',*,*,#630,.F.);
#366=ORIENTED_EDGE('',*,*,#758,.T.);
#367=ORIENTED_EDGE('',*,*,#726,.T.);
#368=ORIENTED_EDGE('',*,*,#758,.F.);
#369=ORIENTED_EDGE('',*,*,#629,.F.);
#370=ORIENTED_EDGE('',*,*,#759,.T.);
#371=ORIENTED_EDGE('',*,*,#727,.T.);
#372=ORIENTED_EDGE('',*,*,#759,.F.);
#373=ORIENTED_EDGE('',*,*,#640,.F.);
#374=ORIENTED_EDGE('',*,*,#760,.T.);
#375=ORIENTED_EDGE('',*,*,#728,.F.);
#376=ORIENTED_EDGE('',*,*,#760,.F.);
#377=ORIENTED_EDGE('',*,*,#639,.T.);
#378=ORIENTED_EDGE('',*,*,#761,.T.);
#379=ORIENTED_EDGE('',*,*,#729,.T.);
#380=ORIENTED_EDGE('',*,*,#761,.F.);
#381=ORIENTED_EDGE('',*,*,#638,.F.);
#382=ORIENTED_EDGE('',*,*,#762,.T.);
#383=ORIENTED_EDGE('',*,*,#718,.F.);
#384=ORIENTED_EDGE('',*,*,#762,.F.);
#385=ORIENTED_EDGE('',*,*,#637,.T.);
#386=ORIENTED_EDGE('',*,*,#751,.T.);
#387=ORIENTED_EDGE('',*,*,#731,.F.);
#388=ORIENTED_EDGE('',*,*,#763,.F.);
#389=ORIENTED_EDGE('',*,*,#626,.T.);
#390=ORIENTED_EDGE('',*,*,#764,.T.);
#391=ORIENTED_EDGE('',*,*,#732,.T.);
#392=ORIENTED_EDGE('',*,*,#764,.F.);
#393=ORIENTED_EDGE('',*,*,#625,.F.);
#394=ORIENTED_EDGE('',*,*,#765,.T.);
#395=ORIENTED_EDGE('',*,*,#733,.T.);
#396=ORIENTED_EDGE('',*,*,#765,.F.);
#397=ORIENTED_EDGE('',*,*,#624,.F.);
#398=ORIENTED_EDGE('',*,*,#766,.T.);
#399=ORIENTED_EDGE('',*,*,#734,.F.);
#400=ORIENTED_EDGE('',*,*,#766,.F.);
#401=ORIENTED_EDGE('',*,*,#623,.T.);
#402=ORIENTED_EDGE('',*,*,#767,.T.);
#403=ORIENTED_EDGE('',*,*,#735,.F.);
#404=ORIENTED_EDGE('',*,*,#767,.F.);
#405=ORIENTED_EDGE('',*,*,#622,.T.);
#406=ORIENTED_EDGE('',*,*,#768,.T.);
#407=ORIENTED_EDGE('',*,*,#736,.F.);
#408=ORIENTED_EDGE('',*,*,#768,.F.);
#409=ORIENTED_EDGE('',*,*,#621,.T.);
#410=ORIENTED_EDGE('',*,*,#769,.T.);
#411=ORIENTED_EDGE('',*,*,#737,.F.);
#412=ORIENTED_EDGE('',*,*,#769,.F.);
#413=ORIENTED_EDGE('',*,*,#620,.T.);
#414=ORIENTED_EDGE('',*,*,#770,.T.);
#415=ORIENTED_EDGE('',*,*,#738,.T.);
#416=ORIENTED_EDGE('',*,*,#770,.F.);
#417=ORIENTED_EDGE('',*,*,#619,.F.);
#418=ORIENTED_EDGE('',*,*,#771,.T.);
#419=ORIENTED_EDGE('',*,*,#739,.T.);
#420=ORIENTED_EDGE('',*,*,#771,.F.);
#421=ORIENTED_EDGE('',*,*,#628,.F.);
#422=ORIENTED_EDGE('',*,*,#772,.T.);
#423=ORIENTED_EDGE('',*,*,#730,.F.);
#424=ORIENTED_EDGE('',*,*,#772,.F.);
#425=ORIENTED_EDGE('',*,*,#627,.T.);
#426=ORIENTED_EDGE('',*,*,#763,.T.);
#427=ORIENTED_EDGE('',*,*,#773,.F.);
#428=ORIENTED_EDGE('',*,*,#774,.F.);
#429=ORIENTED_EDGE('',*,*,#662,.T.);
#430=ORIENTED_EDGE('',*,*,#775,.T.);
#431=ORIENTED_EDGE('',*,*,#776,.F.);
#432=ORIENTED_EDGE('',*,*,#777,.F.);
#433=ORIENTED_EDGE('',*,*,#663,.T.);
#434=ORIENTED_EDGE('',*,*,#774,.T.);
#435=ORIENTED_EDGE('',*,*,#778,.F.);
#436=ORIENTED_EDGE('',*,*,#779,.F.);
#437=ORIENTED_EDGE('',*,*,#664,.T.);
#438=ORIENTED_EDGE('',*,*,#777,.T.);
#439=ORIENTED_EDGE('',*,*,#780,.T.);
#440=ORIENTED_EDGE('',*,*,#781,.F.);
#441=ORIENTED_EDGE('',*,*,#665,.F.);
#442=ORIENTED_EDGE('',*,*,#779,.T.);
#443=ORIENTED_EDGE('',*,*,#782,.T.);
#444=ORIENTED_EDGE('',*,*,#783,.F.);
#445=ORIENTED_EDGE('',*,*,#666,.F.);
#446=ORIENTED_EDGE('',*,*,#781,.T.);
#447=ORIENTED_EDGE('',*,*,#784,.F.);
#448=ORIENTED_EDGE('',*,*,#785,.F.);
#449=ORIENTED_EDGE('',*,*,#667,.T.);
#450=ORIENTED_EDGE('',*,*,#783,.T.);
#451=ORIENTED_EDGE('',*,*,#786,.F.);
#452=ORIENTED_EDGE('',*,*,#787,.F.);
#453=ORIENTED_EDGE('',*,*,#641,.T.);
#454=ORIENTED_EDGE('',*,*,#785,.T.);
#455=ORIENTED_EDGE('',*,*,#788,.F.);
#456=ORIENTED_EDGE('',*,*,#789,.F.);
#457=ORIENTED_EDGE('',*,*,#642,.T.);
#458=ORIENTED_EDGE('',*,*,#787,.T.);
#459=ORIENTED_EDGE('',*,*,#790,.F.);
#460=ORIENTED_EDGE('',*,*,#791,.F.);
#461=ORIENTED_EDGE('',*,*,#643,.T.);
#462=ORIENTED_EDGE('',*,*,#789,.T.);
#463=ORIENTED_EDGE('',*,*,#792,.F.);
#464=ORIENTED_EDGE('',*,*,#793,.F.);
#465=ORIENTED_EDGE('',*,*,#644,.T.);
#466=ORIENTED_EDGE('',*,*,#791,.T.);
#467=ORIENTED_EDGE('',*,*,#794,.T.);
#468=ORIENTED_EDGE('',*,*,#795,.F.);
#469=ORIENTED_EDGE('',*,*,#645,.F.);
#470=ORIENTED_EDGE('',*,*,#793,.T.);
#471=ORIENTED_EDGE('',*,*,#796,.T.);
#472=ORIENTED_EDGE('',*,*,#797,.F.);
#473=ORIENTED_EDGE('',*,*,#648,.F.);
#474=ORIENTED_EDGE('',*,*,#798,.T.);
#475=ORIENTED_EDGE('',*,*,#799,.T.);
#476=ORIENTED_EDGE('',*,*,#800,.F.);
#477=ORIENTED_EDGE('',*,*,#649,.F.);
#478=ORIENTED_EDGE('',*,*,#797,.T.);
#479=ORIENTED_EDGE('',*,*,#801,.F.);
#480=ORIENTED_EDGE('',*,*,#802,.F.);
#481=ORIENTED_EDGE('',*,*,#650,.T.);
#482=ORIENTED_EDGE('',*,*,#800,.T.);
#483=ORIENTED_EDGE('',*,*,#803,.F.);
#484=ORIENTED_EDGE('',*,*,#804,.F.);
#485=ORIENTED_EDGE('',*,*,#653,.T.);
#486=ORIENTED_EDGE('',*,*,#805,.T.);
#487=ORIENTED_EDGE('',*,*,#806,.F.);
#488=ORIENTED_EDGE('',*,*,#807,.F.);
#489=ORIENTED_EDGE('',*,*,#656,.T.);
#490=ORIENTED_EDGE('',*,*,#808,.T.);
#491=ORIENTED_EDGE('',*,*,#809,.F.);
#492=ORIENTED_EDGE('',*,*,#810,.F.);
#493=ORIENTED_EDGE('',*,*,#657,.T.);
#494=ORIENTED_EDGE('',*,*,#807,.T.);
#495=ORIENTED_EDGE('',*,*,#811,.T.);
#496=ORIENTED_EDGE('',*,*,#812,.F.);
#497=ORIENTED_EDGE('',*,*,#658,.F.);
#498=ORIENTED_EDGE('',*,*,#810,.T.);
#499=ORIENTED_EDGE('',*,*,#813,.T.);
#500=ORIENTED_EDGE('',*,*,#814,.F.);
#501=ORIENTED_EDGE('',*,*,#659,.F.);
#502=ORIENTED_EDGE('',*,*,#812,.T.);
#503=ORIENTED_EDGE('',*,*,#600,.F.);
#504=ORIENTED_EDGE('',*,*,#595,.T.);
#505=ORIENTED_EDGE('',*,*,#589,.T.);
#506=ORIENTED_EDGE('',*,*,#592,.F.);
#507=ORIENTED_EDGE('',*,*,#815,.T.);
#508=ORIENTED_EDGE('',*,*,#611,.T.);
#509=ORIENTED_EDGE('',*,*,#816,.T.);
#510=ORIENTED_EDGE('',*,*,#801,.T.);
#511=ORIENTED_EDGE('',*,*,#799,.F.);
#512=ORIENTED_EDGE('',*,*,#796,.F.);
#513=ORIENTED_EDGE('',*,*,#817,.T.);
#514=ORIENTED_EDGE('',*,*,#603,.T.);
#515=ORIENTED_EDGE('',*,*,#818,.T.);
#516=ORIENTED_EDGE('',*,*,#813,.F.);
#517=ORIENTED_EDGE('',*,*,#811,.F.);
#518=ORIENTED_EDGE('',*,*,#809,.T.);
#519=ORIENTED_EDGE('',*,*,#806,.T.);
#520=ORIENTED_EDGE('',*,*,#602,.F.);
#521=ORIENTED_EDGE('',*,*,#660,.T.);
#522=ORIENTED_EDGE('',*,*,#814,.T.);
#523=ORIENTED_EDGE('',*,*,#818,.F.);
#524=ORIENTED_EDGE('',*,*,#604,.F.);
#525=ORIENTED_EDGE('',*,*,#817,.F.);
#526=ORIENTED_EDGE('',*,*,#808,.F.);
#527=ORIENTED_EDGE('',*,*,#655,.T.);
#528=ORIENTED_EDGE('',*,*,#819,.F.);
#529=ORIENTED_EDGE('',*,*,#607,.T.);
#530=ORIENTED_EDGE('',*,*,#820,.T.);
#531=ORIENTED_EDGE('',*,*,#803,.T.);
#532=ORIENTED_EDGE('',*,*,#820,.F.);
#533=ORIENTED_EDGE('',*,*,#606,.F.);
#534=ORIENTED_EDGE('',*,*,#654,.T.);
#535=ORIENTED_EDGE('',*,*,#804,.T.);
#536=ORIENTED_EDGE('',*,*,#652,.F.);
#537=ORIENTED_EDGE('',*,*,#608,.T.);
#538=ORIENTED_EDGE('',*,*,#819,.T.);
#539=ORIENTED_EDGE('',*,*,#805,.F.);
#540=ORIENTED_EDGE('',*,*,#610,.F.);
#541=ORIENTED_EDGE('',*,*,#651,.T.);
#542=ORIENTED_EDGE('',*,*,#802,.T.);
#543=ORIENTED_EDGE('',*,*,#816,.F.);
#544=ORIENTED_EDGE('',*,*,#612,.F.);
#545=ORIENTED_EDGE('',*,*,#815,.F.);
#546=ORIENTED_EDGE('',*,*,#798,.F.);
#547=ORIENTED_EDGE('',*,*,#647,.T.);
#548=ORIENTED_EDGE('',*,*,#821,.F.);
#549=ORIENTED_EDGE('',*,*,#615,.T.);
#550=ORIENTED_EDGE('',*,*,#822,.F.);
#551=ORIENTED_EDGE('',*,*,#794,.F.);
#552=ORIENTED_EDGE('',*,*,#792,.T.);
#553=ORIENTED_EDGE('',*,*,#790,.T.);
#554=ORIENTED_EDGE('',*,*,#788,.T.);
#555=ORIENTED_EDGE('',*,*,#786,.T.);
#556=ORIENTED_EDGE('',*,*,#784,.T.);
#557=ORIENTED_EDGE('',*,*,#782,.F.);
#558=ORIENTED_EDGE('',*,*,#780,.F.);
#559=ORIENTED_EDGE('',*,*,#778,.T.);
#560=ORIENTED_EDGE('',*,*,#776,.T.);
#561=ORIENTED_EDGE('',*,*,#773,.T.);
#562=ORIENTED_EDGE('',*,*,#822,.T.);
#563=ORIENTED_EDGE('',*,*,#614,.T.);
#564=ORIENTED_EDGE('',*,*,#646,.F.);
#565=ORIENTED_EDGE('',*,*,#795,.T.);
#566=ORIENTED_EDGE('',*,*,#661,.F.);
#567=ORIENTED_EDGE('',*,*,#616,.T.);
#568=ORIENTED_EDGE('',*,*,#821,.T.);
#569=ORIENTED_EDGE('',*,*,#775,.F.);
#570=ORIENTED_EDGE('',*,*,#823,.F.);
#571=ORIENTED_EDGE('',*,*,#598,.T.);
#572=ORIENTED_EDGE('',*,*,#823,.T.);
#573=ORIENTED_EDGE('',*,*,#824,.F.);
#574=ORIENTED_EDGE('',*,*,#597,.T.);
#575=ORIENTED_EDGE('',*,*,#824,.T.);
#576=ORIENTED_EDGE('',*,*,#825,.F.);
#577=ORIENTED_EDGE('',*,*,#596,.T.);
#578=ORIENTED_EDGE('',*,*,#825,.T.);
#579=ORIENTED_EDGE('',*,*,#617,.T.);
#580=ORIENTED_EDGE('',*,*,#826,.T.);
#581=ORIENTED_EDGE('',*,*,#826,.F.);
#582=ORIENTED_EDGE('',*,*,#693,.F.);
#583=ORIENTED_EDGE('',*,*,#827,.T.);
#584=ORIENTED_EDGE('',*,*,#827,.F.);
#585=ORIENTED_EDGE('',*,*,#692,.F.);
#586=EDGE_CURVE('',#828,#829,#1002,.T.);
#587=EDGE_CURVE('',#828,#830,#1003,.T.);
#588=EDGE_CURVE('',#830,#831,#1004,.T.);
#589=EDGE_CURVE('',#829,#831,#1005,.T.);
#590=EDGE_CURVE('',#832,#830,#1006,.T.);
#591=EDGE_CURVE('',#832,#833,#1007,.T.);
#592=EDGE_CURVE('',#833,#831,#1008,.T.);
#593=EDGE_CURVE('',#834,#835,#1009,.T.);
#594=EDGE_CURVE('',#834,#828,#1010,.T.);
#595=EDGE_CURVE('',#835,#829,#1011,.T.);
#596=EDGE_CURVE('',#836,#836,#42,.T.);
#597=EDGE_CURVE('',#837,#837,#43,.T.);
#598=EDGE_CURVE('',#838,#838,#44,.T.);
#599=EDGE_CURVE('',#834,#839,#1012,.T.);
#600=EDGE_CURVE('',#835,#833,#1013,.T.);
#601=EDGE_CURVE('',#832,#840,#1014,.T.);
#602=EDGE_CURVE('',#840,#841,#1015,.T.);
#603=EDGE_CURVE('',#842,#841,#1016,.T.);
#604=EDGE_CURVE('',#842,#843,#1017,.T.);
#605=EDGE_CURVE('',#843,#844,#1018,.T.);
#606=EDGE_CURVE('',#844,#845,#1019,.T.);
#607=EDGE_CURVE('',#846,#845,#1020,.T.);
#608=EDGE_CURVE('',#847,#846,#1021,.T.);
#609=EDGE_CURVE('',#847,#848,#1022,.T.);
#610=EDGE_CURVE('',#848,#849,#1023,.T.);
#611=EDGE_CURVE('',#850,#849,#1024,.T.);
#612=EDGE_CURVE('',#850,#851,#1025,.T.);
#613=EDGE_CURVE('',#852,#851,#1026,.T.);
#614=EDGE_CURVE('',#853,#852,#1027,.T.);
#615=EDGE_CURVE('',#854,#853,#1028,.T.);
#616=EDGE_CURVE('',#839,#854,#1029,.T.);
#617=EDGE_CURVE('',#855,#855,#45,.T.);
#618=EDGE_CURVE('',#856,#856,#46,.T.);
#619=EDGE_CURVE('',#857,#858,#1030,.T.);
#620=EDGE_CURVE('',#859,#858,#1031,.T.);
#621=EDGE_CURVE('',#860,#859,#47,.T.);
#622=EDGE_CURVE('',#861,#860,#1032,.T.);
#623=EDGE_CURVE('',#862,#861,#1033,.T.);
#624=EDGE_CURVE('',#862,#863,#1034,.T.);
#625=EDGE_CURVE('',#863,#864,#1035,.T.);
#626=EDGE_CURVE('',#865,#864,#48,.T.);
#627=EDGE_CURVE('',#866,#865,#1036,.T.);
#628=EDGE_CURVE('',#866,#857,#1037,.T.);
#629=EDGE_CURVE('',#867,#868,#1038,.T.);
#630=EDGE_CURVE('',#868,#869,#1039,.T.);
#631=EDGE_CURVE('',#870,#869,#49,.T.);
#632=EDGE_CURVE('',#871,#870,#1040,.T.);
#633=EDGE_CURVE('',#871,#872,#1041,.T.);
#634=EDGE_CURVE('',#873,#872,#1042,.T.);
#635=EDGE_CURVE('',#874,#873,#1043,.T.);
#636=EDGE_CURVE('',#875,#874,#1044,.T.);
#637=EDGE_CURVE('',#876,#875,#50,.T.);
#638=EDGE_CURVE('',#876,#877,#1045,.T.);
#639=EDGE_CURVE('',#878,#877,#1046,.T.);
#640=EDGE_CURVE('',#878,#867,#1047,.T.);
#641=EDGE_CURVE('',#879,#880,#1048,.T.);
#642=EDGE_CURVE('',#881,#879,#1049,.T.);
#643=EDGE_CURVE('',#882,#881,#1050,.T.);
#644=EDGE_CURVE('',#883,#882,#51,.T.);
#645=EDGE_CURVE('',#883,#884,#1051,.T.);
#646=EDGE_CURVE('',#884,#852,#1052,.T.);
#647=EDGE_CURVE('',#885,#851,#1053,.T.);
#648=EDGE_CURVE('',#885,#886,#1054,.T.);
#649=EDGE_CURVE('',#886,#887,#1055,.T.);
#650=EDGE_CURVE('',#888,#887,#52,.T.);
#651=EDGE_CURVE('',#848,#888,#1056,.T.);
#652=EDGE_CURVE('',#847,#889,#1057,.T.);
#653=EDGE_CURVE('',#890,#889,#53,.T.);
#654=EDGE_CURVE('',#844,#890,#1058,.T.);
#655=EDGE_CURVE('',#891,#843,#1059,.T.);
#656=EDGE_CURVE('',#892,#891,#1060,.T.);
#657=EDGE_CURVE('',#893,#892,#54,.T.);
#658=EDGE_CURVE('',#893,#894,#1061,.T.);
#659=EDGE_CURVE('',#894,#895,#1062,.T.);
#660=EDGE_CURVE('',#840,#895,#1063,.T.);
#661=EDGE_CURVE('',#839,#896,#1064,.T.);
#662=EDGE_CURVE('',#897,#896,#1065,.T.);
#663=EDGE_CURVE('',#898,#897,#1066,.T.);
#664=EDGE_CURVE('',#899,#898,#1067,.T.);
#665=EDGE_CURVE('',#899,#900,#1068,.T.);
#666=EDGE_CURVE('',#900,#901,#1069,.T.);
#667=EDGE_CURVE('',#880,#901,#55,.T.);
#668=EDGE_CURVE('',#902,#903,#1070,.T.);
#669=EDGE_CURVE('',#903,#904,#1071,.T.);
#670=EDGE_CURVE('',#905,#904,#56,.T.);
#671=EDGE_CURVE('',#906,#905,#1072,.T.);
#672=EDGE_CURVE('',#906,#907,#1073,.T.);
#673=EDGE_CURVE('',#908,#907,#1074,.T.);
#674=EDGE_CURVE('',#909,#908,#1075,.T.);
#675=EDGE_CURVE('',#910,#909,#57,.T.);
#676=EDGE_CURVE('',#911,#910,#1076,.T.);
#677=EDGE_CURVE('',#912,#911,#1077,.T.);
#678=EDGE_CURVE('',#902,#912,#1078,.T.);
#679=EDGE_CURVE('',#913,#913,#58,.T.);
#680=EDGE_CURVE('',#914,#914,#59,.T.);
#681=EDGE_CURVE('',#915,#915,#60,.T.);
#682=EDGE_CURVE('',#916,#916,#61,.T.);
#683=EDGE_CURVE('',#917,#917,#62,.T.);
#684=EDGE_CURVE('',#918,#918,#63,.T.);
#685=EDGE_CURVE('',#919,#919,#64,.T.);
#686=EDGE_CURVE('',#920,#920,#65,.T.);
#687=EDGE_CURVE('',#921,#921,#66,.T.);
#688=EDGE_CURVE('',#922,#922,#67,.T.);
#689=EDGE_CURVE('',#923,#923,#68,.T.);
#690=EDGE_CURVE('',#924,#924,#69,.T.);
#691=EDGE_CURVE('',#925,#925,#70,.T.);
#692=EDGE_CURVE('',#926,#926,#71,.F.);
#693=EDGE_CURVE('',#927,#927,#72,.F.);
#694=EDGE_CURVE('',#928,#929,#1079,.T.);
#695=EDGE_CURVE('',#929,#930,#1080,.T.);
#696=EDGE_CURVE('',#930,#931,#1081,.T.);
#697=EDGE_CURVE('',#931,#932,#73,.T.);
#698=EDGE_CURVE('',#932,#933,#1082,.T.);
#699=EDGE_CURVE('',#933,#934,#1083,.T.);
#700=EDGE_CURVE('',#935,#934,#1084,.T.);
#701=EDGE_CURVE('',#935,#936,#1085,.T.);
#702=EDGE_CURVE('',#936,#937,#74,.T.);
#703=EDGE_CURVE('',#938,#937,#1086,.T.);
#704=EDGE_CURVE('',#928,#938,#1087,.T.);
#705=EDGE_CURVE('',#939,#939,#75,.T.);
#706=EDGE_CURVE('',#940,#940,#76,.T.);
#707=EDGE_CURVE('',#941,#941,#77,.T.);
#708=EDGE_CURVE('',#942,#942,#78,.T.);
#709=EDGE_CURVE('',#943,#943,#79,.T.);
#710=EDGE_CURVE('',#944,#944,#80,.T.);
#711=EDGE_CURVE('',#945,#945,#81,.T.);
#712=EDGE_CURVE('',#946,#946,#82,.T.);
#713=EDGE_CURVE('',#947,#947,#83,.T.);
#714=EDGE_CURVE('',#948,#948,#84,.T.);
#715=EDGE_CURVE('',#949,#949,#85,.T.);
#716=EDGE_CURVE('',#950,#950,#86,.T.);
#717=EDGE_CURVE('',#951,#951,#87,.T.);
#718=EDGE_CURVE('',#952,#953,#88,.T.);
#719=EDGE_CURVE('',#953,#954,#1088,.T.);
#720=EDGE_CURVE('',#954,#955,#1089,.T.);
#721=EDGE_CURVE('',#955,#956,#1090,.T.);
#722=EDGE_CURVE('',#957,#956,#1091,.T.);
#723=EDGE_CURVE('',#957,#958,#1092,.T.);
#724=EDGE_CURVE('',#958,#959,#89,.T.);
#725=EDGE_CURVE('',#960,#959,#1093,.T.);
#726=EDGE_CURVE('',#961,#960,#1094,.T.);
#727=EDGE_CURVE('',#962,#961,#1095,.T.);
#728=EDGE_CURVE('',#962,#963,#1096,.T.);
#729=EDGE_CURVE('',#952,#963,#1097,.T.);
#730=EDGE_CURVE('',#964,#965,#1098,.T.);
#731=EDGE_CURVE('',#965,#966,#90,.T.);
#732=EDGE_CURVE('',#967,#966,#1099,.T.);
#733=EDGE_CURVE('',#968,#967,#1100,.T.);
#734=EDGE_CURVE('',#968,#969,#1101,.T.);
#735=EDGE_CURVE('',#969,#970,#1102,.T.);
#736=EDGE_CURVE('',#970,#971,#91,.T.);
#737=EDGE_CURVE('',#971,#972,#1103,.T.);
#738=EDGE_CURVE('',#973,#972,#1104,.T.);
#739=EDGE_CURVE('',#964,#973,#1105,.T.);
#740=EDGE_CURVE('',#912,#929,#1106,.T.);
#741=EDGE_CURVE('',#911,#930,#1107,.T.);
#742=EDGE_CURVE('',#910,#931,#1108,.T.);
#743=EDGE_CURVE('',#909,#932,#1109,.T.);
#744=EDGE_CURVE('',#908,#933,#1110,.T.);
#745=EDGE_CURVE('',#907,#934,#1111,.T.);
#746=EDGE_CURVE('',#906,#935,#1112,.T.);
#747=EDGE_CURVE('',#905,#936,#1113,.T.);
#748=EDGE_CURVE('',#904,#937,#1114,.T.);
#749=EDGE_CURVE('',#903,#938,#1115,.T.);
#750=EDGE_CURVE('',#902,#928,#1116,.T.);
#751=EDGE_CURVE('',#875,#953,#1117,.T.);
#752=EDGE_CURVE('',#874,#954,#1118,.T.);
#753=EDGE_CURVE('',#873,#955,#1119,.T.);
#754=EDGE_CURVE('',#872,#956,#1120,.T.);
#755=EDGE_CURVE('',#871,#957,#1121,.T.);
#756=EDGE_CURVE('',#870,#958,#1122,.T.);
#757=EDGE_CURVE('',#869,#959,#1123,.T.);
#758=EDGE_CURVE('',#868,#960,#1124,.T.);
#759=EDGE_CURVE('',#867,#961,#1125,.T.);
#760=EDGE_CURVE('',#878,#962,#1126,.T.);
#761=EDGE_CURVE('',#877,#963,#1127,.T.);
#762=EDGE_CURVE('',#876,#952,#1128,.T.);
#763=EDGE_CURVE('',#865,#965,#1129,.T.);
#764=EDGE_CURVE('',#864,#966,#1130,.T.);
#765=EDGE_CURVE('',#863,#967,#1131,.T.);
#766=EDGE_CURVE('',#862,#968,#1132,.T.);
#767=EDGE_CURVE('',#861,#969,#1133,.T.);
#768=EDGE_CURVE('',#860,#970,#1134,.T.);
#769=EDGE_CURVE('',#859,#971,#1135,.T.);
#770=EDGE_CURVE('',#858,#972,#1136,.T.);
#771=EDGE_CURVE('',#857,#973,#1137,.T.);
#772=EDGE_CURVE('',#866,#964,#1138,.T.);
#773=EDGE_CURVE('',#974,#975,#1139,.T.);
#774=EDGE_CURVE('',#897,#974,#1140,.T.);
#775=EDGE_CURVE('',#896,#975,#1141,.T.);
#776=EDGE_CURVE('',#976,#974,#1142,.T.);
#777=EDGE_CURVE('',#898,#976,#1143,.T.);
#778=EDGE_CURVE('',#977,#976,#1144,.T.);
#779=EDGE_CURVE('',#899,#977,#1145,.T.);
#780=EDGE_CURVE('',#977,#978,#1146,.T.);
#781=EDGE_CURVE('',#900,#978,#1147,.T.);
#782=EDGE_CURVE('',#978,#979,#1148,.T.);
#783=EDGE_CURVE('',#901,#979,#1149,.T.);
#784=EDGE_CURVE('',#980,#979,#92,.T.);
#785=EDGE_CURVE('',#880,#980,#1150,.T.);
#786=EDGE_CURVE('',#981,#980,#1151,.T.);
#787=EDGE_CURVE('',#879,#981,#1152,.T.);
#788=EDGE_CURVE('',#982,#981,#1153,.T.);
#789=EDGE_CURVE('',#881,#982,#1154,.T.);
#790=EDGE_CURVE('',#983,#982,#1155,.T.);
#791=EDGE_CURVE('',#882,#983,#1156,.T.);
#792=EDGE_CURVE('',#984,#983,#93,.T.);
#793=EDGE_CURVE('',#883,#984,#1157,.T.);
#794=EDGE_CURVE('',#984,#985,#1158,.T.);
#795=EDGE_CURVE('',#884,#985,#1159,.T.);
#796=EDGE_CURVE('',#986,#987,#1160,.T.);
#797=EDGE_CURVE('',#886,#987,#1161,.T.);
#798=EDGE_CURVE('',#885,#986,#1162,.T.);
#799=EDGE_CURVE('',#987,#988,#1163,.T.);
#800=EDGE_CURVE('',#887,#988,#1164,.T.);
#801=EDGE_CURVE('',#989,#988,#94,.T.);
#802=EDGE_CURVE('',#888,#989,#1165,.T.);
#803=EDGE_CURVE('',#990,#991,#95,.T.);
#804=EDGE_CURVE('',#890,#990,#1166,.T.);
#805=EDGE_CURVE('',#889,#991,#1167,.T.);
#806=EDGE_CURVE('',#992,#993,#1168,.T.);
#807=EDGE_CURVE('',#892,#992,#1169,.T.);
#808=EDGE_CURVE('',#891,#993,#1170,.T.);
#809=EDGE_CURVE('',#994,#992,#96,.T.);
#810=EDGE_CURVE('',#893,#994,#1171,.T.);
#811=EDGE_CURVE('',#994,#995,#1172,.T.);
#812=EDGE_CURVE('',#894,#995,#1173,.T.);
#813=EDGE_CURVE('',#995,#996,#1174,.T.);
#814=EDGE_CURVE('',#895,#996,#1175,.T.);
#815=EDGE_CURVE('',#986,#850,#1176,.T.);
#816=EDGE_CURVE('',#849,#989,#1177,.T.);
#817=EDGE_CURVE('',#993,#842,#1178,.T.);
#818=EDGE_CURVE('',#841,#996,#1179,.T.);
#819=EDGE_CURVE('',#846,#991,#1180,.T.);
#820=EDGE_CURVE('',#845,#990,#1181,.T.);
#821=EDGE_CURVE('',#854,#975,#1182,.T.);
#822=EDGE_CURVE('',#985,#853,#1183,.T.);
#823=EDGE_CURVE('',#997,#997,#97,.T.);
#824=EDGE_CURVE('',#998,#998,#98,.T.);
#825=EDGE_CURVE('',#999,#999,#99,.T.);
#826=EDGE_CURVE('',#1000,#1000,#100,.T.);
#827=EDGE_CURVE('',#1001,#1001,#101,.T.);
#828=VERTEX_POINT('',#2575);
#829=VERTEX_POINT('',#2576);
#830=VERTEX_POINT('',#2578);
#831=VERTEX_POINT('',#2580);
#832=VERTEX_POINT('',#2584);
#833=VERTEX_POINT('',#2586);
#834=VERTEX_POINT('',#2590);
#835=VERTEX_POINT('',#2591);
#836=VERTEX_POINT('',#2596);
#837=VERTEX_POINT('',#2598);
#838=VERTEX_POINT('',#2600);
#839=VERTEX_POINT('',#2602);
#840=VERTEX_POINT('',#2605);
#841=VERTEX_POINT('',#2607);
#842=VERTEX_POINT('',#2609);
#843=VERTEX_POINT('',#2611);
#844=VERTEX_POINT('',#2613);
#845=VERTEX_POINT('',#2615);
#846=VERTEX_POINT('',#2617);
#847=VERTEX_POINT('',#2619);
#848=VERTEX_POINT('',#2621);
#849=VERTEX_POINT('',#2623);
#850=VERTEX_POINT('',#2625);
#851=VERTEX_POINT('',#2627);
#852=VERTEX_POINT('',#2629);
#853=VERTEX_POINT('',#2631);
#854=VERTEX_POINT('',#2633);
#855=VERTEX_POINT('',#2637);
#856=VERTEX_POINT('',#2639);
#857=VERTEX_POINT('',#2642);
#858=VERTEX_POINT('',#2643);
#859=VERTEX_POINT('',#2645);
#860=VERTEX_POINT('',#2647);
#861=VERTEX_POINT('',#2649);
#862=VERTEX_POINT('',#2651);
#863=VERTEX_POINT('',#2653);
#864=VERTEX_POINT('',#2655);
#865=VERTEX_POINT('',#2657);
#866=VERTEX_POINT('',#2659);
#867=VERTEX_POINT('',#2662);
#868=VERTEX_POINT('',#2663);
#869=VERTEX_POINT('',#2665);
#870=VERTEX_POINT('',#2667);
#871=VERTEX_POINT('',#2669);
#872=VERTEX_POINT('',#2671);
#873=VERTEX_POINT('',#2673);
#874=VERTEX_POINT('',#2675);
#875=VERTEX_POINT('',#2677);
#876=VERTEX_POINT('',#2679);
#877=VERTEX_POINT('',#2681);
#878=VERTEX_POINT('',#2683);
#879=VERTEX_POINT('',#2686);
#880=VERTEX_POINT('',#2687);
#881=VERTEX_POINT('',#2689);
#882=VERTEX_POINT('',#2691);
#883=VERTEX_POINT('',#2693);
#884=VERTEX_POINT('',#2695);
#885=VERTEX_POINT('',#2698);
#886=VERTEX_POINT('',#2700);
#887=VERTEX_POINT('',#2702);
#888=VERTEX_POINT('',#2704);
#889=VERTEX_POINT('',#2707);
#890=VERTEX_POINT('',#2709);
#891=VERTEX_POINT('',#2712);
#892=VERTEX_POINT('',#2714);
#893=VERTEX_POINT('',#2716);
#894=VERTEX_POINT('',#2718);
#895=VERTEX_POINT('',#2720);
#896=VERTEX_POINT('',#2723);
#897=VERTEX_POINT('',#2725);
#898=VERTEX_POINT('',#2727);
#899=VERTEX_POINT('',#2729);
#900=VERTEX_POINT('',#2731);
#901=VERTEX_POINT('',#2733);
#902=VERTEX_POINT('',#2736);
#903=VERTEX_POINT('',#2737);
#904=VERTEX_POINT('',#2739);
#905=VERTEX_POINT('',#2741);
#906=VERTEX_POINT('',#2743);
#907=VERTEX_POINT('',#2745);
#908=VERTEX_POINT('',#2747);
#909=VERTEX_POINT('',#2749);
#910=VERTEX_POINT('',#2751);
#911=VERTEX_POINT('',#2753);
#912=VERTEX_POINT('',#2755);
#913=VERTEX_POINT('',#2758);
#914=VERTEX_POINT('',#2760);
#915=VERTEX_POINT('',#2762);
#916=VERTEX_POINT('',#2764);
#917=VERTEX_POINT('',#2766);
#918=VERTEX_POINT('',#2768);
#919=VERTEX_POINT('',#2770);
#920=VERTEX_POINT('',#2772);
#921=VERTEX_POINT('',#2774);
#922=VERTEX_POINT('',#2776);
#923=VERTEX_POINT('',#2778);
#924=VERTEX_POINT('',#2780);
#925=VERTEX_POINT('',#2782);
#926=VERTEX_POINT('',#2784);
#927=VERTEX_POINT('',#2786);
#928=VERTEX_POINT('',#2789);
#929=VERTEX_POINT('',#2790);
#930=VERTEX_POINT('',#2792);
#931=VERTEX_POINT('',#2794);
#932=VERTEX_POINT('',#2796);
#933=VERTEX_POINT('',#2798);
#934=VERTEX_POINT('',#2800);
#935=VERTEX_POINT('',#2802);
#936=VERTEX_POINT('',#2804);
#937=VERTEX_POINT('',#2806);
#938=VERTEX_POINT('',#2808);
#939=VERTEX_POINT('',#2812);
#940=VERTEX_POINT('',#2815);
#941=VERTEX_POINT('',#2818);
#942=VERTEX_POINT('',#2821);
#943=VERTEX_POINT('',#2824);
#944=VERTEX_POINT('',#2827);
#945=VERTEX_POINT('',#2830);
#946=VERTEX_POINT('',#2833);
#947=VERTEX_POINT('',#2836);
#948=VERTEX_POINT('',#2839);
#949=VERTEX_POINT('',#2842);
#950=VERTEX_POINT('',#2845);
#951=VERTEX_POINT('',#2848);
#952=VERTEX_POINT('',#2851);
#953=VERTEX_POINT('',#2852);
#954=VERTEX_POINT('',#2854);
#955=VERTEX_POINT('',#2856);
#956=VERTEX_POINT('',#2858);
#957=VERTEX_POINT('',#2860);
#958=VERTEX_POINT('',#2862);
#959=VERTEX_POINT('',#2864);
#960=VERTEX_POINT('',#2866);
#961=VERTEX_POINT('',#2868);
#962=VERTEX_POINT('',#2870);
#963=VERTEX_POINT('',#2872);
#964=VERTEX_POINT('',#2876);
#965=VERTEX_POINT('',#2877);
#966=VERTEX_POINT('',#2879);
#967=VERTEX_POINT('',#2881);
#968=VERTEX_POINT('',#2883);
#969=VERTEX_POINT('',#2885);
#970=VERTEX_POINT('',#2887);
#971=VERTEX_POINT('',#2889);
#972=VERTEX_POINT('',#2891);
#973=VERTEX_POINT('',#2893);
#974=VERTEX_POINT('',#2976);
#975=VERTEX_POINT('',#2977);
#976=VERTEX_POINT('',#2982);
#977=VERTEX_POINT('',#2986);
#978=VERTEX_POINT('',#2990);
#979=VERTEX_POINT('',#2994);
#980=VERTEX_POINT('',#2998);
#981=VERTEX_POINT('',#3002);
#982=VERTEX_POINT('',#3006);
#983=VERTEX_POINT('',#3010);
#984=VERTEX_POINT('',#3014);
#985=VERTEX_POINT('',#3018);
#986=VERTEX_POINT('',#3022);
#987=VERTEX_POINT('',#3023);
#988=VERTEX_POINT('',#3028);
#989=VERTEX_POINT('',#3032);
#990=VERTEX_POINT('',#3036);
#991=VERTEX_POINT('',#3037);
#992=VERTEX_POINT('',#3042);
#993=VERTEX_POINT('',#3043);
#994=VERTEX_POINT('',#3048);
#995=VERTEX_POINT('',#3052);
#996=VERTEX_POINT('',#3056);
#997=VERTEX_POINT('',#3081);
#998=VERTEX_POINT('',#3085);
#999=VERTEX_POINT('',#3089);
#1000=VERTEX_POINT('',#3094);
#1001=VERTEX_POINT('',#3098);
#1002=LINE('',#2574,#1184);
#1003=LINE('',#2577,#1185);
#1004=LINE('',#2579,#1186);
#1005=LINE('',#2581,#1187);
#1006=LINE('',#2583,#1188);
#1007=LINE('',#2585,#1189);
#1008=LINE('',#2587,#1190);
#1009=LINE('',#2589,#1191);
#1010=LINE('',#2592,#1192);
#1011=LINE('',#2593,#1193);
#1012=LINE('',#2601,#1194);
#1013=LINE('',#2603,#1195);
#1014=LINE('',#2604,#1196);
#1015=LINE('',#2606,#1197);
#1016=LINE('',#2608,#1198);
#1017=LINE('',#2610,#1199);
#1018=LINE('',#2612,#1200);
#1019=LINE('',#2614,#1201);
#1020=LINE('',#2616,#1202);
#1021=LINE('',#2618,#1203);
#1022=LINE('',#2620,#1204);
#1023=LINE('',#2622,#1205);
#1024=LINE('',#2624,#1206);
#1025=LINE('',#2626,#1207);
#1026=LINE('',#2628,#1208);
#1027=LINE('',#2630,#1209);
#1028=LINE('',#2632,#1210);
#1029=LINE('',#2634,#1211);
#1030=LINE('',#2641,#1212);
#1031=LINE('',#2644,#1213);
#1032=LINE('',#2648,#1214);
#1033=LINE('',#2650,#1215);
#1034=LINE('',#2652,#1216);
#1035=LINE('',#2654,#1217);
#1036=LINE('',#2658,#1218);
#1037=LINE('',#2660,#1219);
#1038=LINE('',#2661,#1220);
#1039=LINE('',#2664,#1221);
#1040=LINE('',#2668,#1222);
#1041=LINE('',#2670,#1223);
#1042=LINE('',#2672,#1224);
#1043=LINE('',#2674,#1225);
#1044=LINE('',#2676,#1226);
#1045=LINE('',#2680,#1227);
#1046=LINE('',#2682,#1228);
#1047=LINE('',#2684,#1229);
#1048=LINE('',#2685,#1230);
#1049=LINE('',#2688,#1231);
#1050=LINE('',#2690,#1232);
#1051=LINE('',#2694,#1233);
#1052=LINE('',#2696,#1234);
#1053=LINE('',#2697,#1235);
#1054=LINE('',#2699,#1236);
#1055=LINE('',#2701,#1237);
#1056=LINE('',#2705,#1238);
#1057=LINE('',#2706,#1239);
#1058=LINE('',#2710,#1240);
#1059=LINE('',#2711,#1241);
#1060=LINE('',#2713,#1242);
#1061=LINE('',#2717,#1243);
#1062=LINE('',#2719,#1244);
#1063=LINE('',#2721,#1245);
#1064=LINE('',#2722,#1246);
#1065=LINE('',#2724,#1247);
#1066=LINE('',#2726,#1248);
#1067=LINE('',#2728,#1249);
#1068=LINE('',#2730,#1250);
#1069=LINE('',#2732,#1251);
#1070=LINE('',#2735,#1252);
#1071=LINE('',#2738,#1253);
#1072=LINE('',#2742,#1254);
#1073=LINE('',#2744,#1255);
#1074=LINE('',#2746,#1256);
#1075=LINE('',#2748,#1257);
#1076=LINE('',#2752,#1258);
#1077=LINE('',#2754,#1259);
#1078=LINE('',#2756,#1260);
#1079=LINE('',#2788,#1261);
#1080=LINE('',#2791,#1262);
#1081=LINE('',#2793,#1263);
#1082=LINE('',#2797,#1264);
#1083=LINE('',#2799,#1265);
#1084=LINE('',#2801,#1266);
#1085=LINE('',#2803,#1267);
#1086=LINE('',#2807,#1268);
#1087=LINE('',#2809,#1269);
#1088=LINE('',#2853,#1270);
#1089=LINE('',#2855,#1271);
#1090=LINE('',#2857,#1272);
#1091=LINE('',#2859,#1273);
#1092=LINE('',#2861,#1274);
#1093=LINE('',#2865,#1275);
#1094=LINE('',#2867,#1276);
#1095=LINE('',#2869,#1277);
#1096=LINE('',#2871,#1278);
#1097=LINE('',#2873,#1279);
#1098=LINE('',#2875,#1280);
#1099=LINE('',#2880,#1281);
#1100=LINE('',#2882,#1282);
#1101=LINE('',#2884,#1283);
#1102=LINE('',#2886,#1284);
#1103=LINE('',#2890,#1285);
#1104=LINE('',#2892,#1286);
#1105=LINE('',#2894,#1287);
#1106=LINE('',#2896,#1288);
#1107=LINE('',#2897,#1289);
#1108=LINE('',#2899,#1290);
#1109=LINE('',#2901,#1291);
#1110=LINE('',#2903,#1292);
#1111=LINE('',#2905,#1293);
#1112=LINE('',#2907,#1294);
#1113=LINE('',#2909,#1295);
#1114=LINE('',#2911,#1296);
#1115=LINE('',#2913,#1297);
#1116=LINE('',#2915,#1298);
#1117=LINE('',#2931,#1299);
#1118=LINE('',#2932,#1300);
#1119=LINE('',#2934,#1301);
#1120=LINE('',#2936,#1302);
#1121=LINE('',#2938,#1303);
#1122=LINE('',#2940,#1304);
#1123=LINE('',#2942,#1305);
#1124=LINE('',#2944,#1306);
#1125=LINE('',#2946,#1307);
#1126=LINE('',#2948,#1308);
#1127=LINE('',#2950,#1309);
#1128=LINE('',#2952,#1310);
#1129=LINE('',#2955,#1311);
#1130=LINE('',#2956,#1312);
#1131=LINE('',#2958,#1313);
#1132=LINE('',#2960,#1314);
#1133=LINE('',#2962,#1315);
#1134=LINE('',#2964,#1316);
#1135=LINE('',#2966,#1317);
#1136=LINE('',#2968,#1318);
#1137=LINE('',#2970,#1319);
#1138=LINE('',#2972,#1320);
#1139=LINE('',#2975,#1321);
#1140=LINE('',#2978,#1322);
#1141=LINE('',#2979,#1323);
#1142=LINE('',#2981,#1324);
#1143=LINE('',#2983,#1325);
#1144=LINE('',#2985,#1326);
#1145=LINE('',#2987,#1327);
#1146=LINE('',#2989,#1328);
#1147=LINE('',#2991,#1329);
#1148=LINE('',#2993,#1330);
#1149=LINE('',#2995,#1331);
#1150=LINE('',#2999,#1332);
#1151=LINE('',#3001,#1333);
#1152=LINE('',#3003,#1334);
#1153=LINE('',#3005,#1335);
#1154=LINE('',#3007,#1336);
#1155=LINE('',#3009,#1337);
#1156=LINE('',#3011,#1338);
#1157=LINE('',#3015,#1339);
#1158=LINE('',#3017,#1340);
#1159=LINE('',#3019,#1341);
#1160=LINE('',#3021,#1342);
#1161=LINE('',#3024,#1343);
#1162=LINE('',#3025,#1344);
#1163=LINE('',#3027,#1345);
#1164=LINE('',#3029,#1346);
#1165=LINE('',#3033,#1347);
#1166=LINE('',#3038,#1348);
#1167=LINE('',#3039,#1349);
#1168=LINE('',#3041,#1350);
#1169=LINE('',#3044,#1351);
#1170=LINE('',#3045,#1352);
#1171=LINE('',#3049,#1353);
#1172=LINE('',#3051,#1354);
#1173=LINE('',#3053,#1355);
#1174=LINE('',#3055,#1356);
#1175=LINE('',#3057,#1357);
#1176=LINE('',#3060,#1358);
#1177=LINE('',#3061,#1359);
#1178=LINE('',#3063,#1360);
#1179=LINE('',#3064,#1361);
#1180=LINE('',#3068,#1362);
#1181=LINE('',#3069,#1363);
#1182=LINE('',#3075,#1364);
#1183=LINE('',#3076,#1365);
#1184=VECTOR('',#2050,1.);
#1185=VECTOR('',#2051,1.);
#1186=VECTOR('',#2052,1.);
#1187=VECTOR('',#2053,1.);
#1188=VECTOR('',#2056,1.);
#1189=VECTOR('',#2057,1.);
#1190=VECTOR('',#2058,1.);
#1191=VECTOR('',#2061,1.);
#1192=VECTOR('',#2062,1.);
#1193=VECTOR('',#2063,1.);
#1194=VECTOR('',#2072,1.);
#1195=VECTOR('',#2073,1.);
#1196=VECTOR('',#2074,1.);
#1197=VECTOR('',#2075,1.);
#1198=VECTOR('',#2076,1.);
#1199=VECTOR('',#2077,1.);
#1200=VECTOR('',#2078,1.);
#1201=VECTOR('',#2079,1.);
#1202=VECTOR('',#2080,1.);
#1203=VECTOR('',#2081,1.);
#1204=VECTOR('',#2082,1.);
#1205=VECTOR('',#2083,1.);
#1206=VECTOR('',#2084,1.);
#1207=VECTOR('',#2085,1.);
#1208=VECTOR('',#2086,1.);
#1209=VECTOR('',#2087,1.);
#1210=VECTOR('',#2088,1.);
#1211=VECTOR('',#2089,1.);
#1212=VECTOR('',#2098,1.);
#1213=VECTOR('',#2099,1.);
#1214=VECTOR('',#2102,1.);
#1215=VECTOR('',#2103,1.);
#1216=VECTOR('',#2104,1.);
#1217=VECTOR('',#2105,1.);
#1218=VECTOR('',#2108,1.);
#1219=VECTOR('',#2109,1.);
#1220=VECTOR('',#2110,1.);
#1221=VECTOR('',#2111,1.);
#1222=VECTOR('',#2114,1.);
#1223=VECTOR('',#2115,1.);
#1224=VECTOR('',#2116,1.);
#1225=VECTOR('',#2117,1.);
#1226=VECTOR('',#2118,1.);
#1227=VECTOR('',#2121,1.);
#1228=VECTOR('',#2122,1.);
#1229=VECTOR('',#2123,1.);
#1230=VECTOR('',#2124,1.);
#1231=VECTOR('',#2125,1.);
#1232=VECTOR('',#2126,1.);
#1233=VECTOR('',#2129,1.);
#1234=VECTOR('',#2130,1.);
#1235=VECTOR('',#2131,1.);
#1236=VECTOR('',#2132,1.);
#1237=VECTOR('',#2133,1.);
#1238=VECTOR('',#2136,1.);
#1239=VECTOR('',#2137,1.);
#1240=VECTOR('',#2140,1.);
#1241=VECTOR('',#2141,1.);
#1242=VECTOR('',#2142,1.);
#1243=VECTOR('',#2145,1.);
#1244=VECTOR('',#2146,1.);
#1245=VECTOR('',#2147,1.);
#1246=VECTOR('',#2148,1.);
#1247=VECTOR('',#2149,1.);
#1248=VECTOR('',#2150,1.);
#1249=VECTOR('',#2151,1.);
#1250=VECTOR('',#2152,1.);
#1251=VECTOR('',#2153,1.);
#1252=VECTOR('',#2156,1.);
#1253=VECTOR('',#2157,1.);
#1254=VECTOR('',#2160,1.);
#1255=VECTOR('',#2161,1.);
#1256=VECTOR('',#2162,1.);
#1257=VECTOR('',#2163,1.);
#1258=VECTOR('',#2166,1.);
#1259=VECTOR('',#2167,1.);
#1260=VECTOR('',#2168,1.);
#1261=VECTOR('',#2201,1.);
#1262=VECTOR('',#2202,1.);
#1263=VECTOR('',#2203,1.);
#1264=VECTOR('',#2206,1.);
#1265=VECTOR('',#2207,1.);
#1266=VECTOR('',#2208,1.);
#1267=VECTOR('',#2209,1.);
#1268=VECTOR('',#2212,1.);
#1269=VECTOR('',#2213,1.);
#1270=VECTOR('',#2270,1.);
#1271=VECTOR('',#2271,1.);
#1272=VECTOR('',#2272,1.);
#1273=VECTOR('',#2273,1.);
#1274=VECTOR('',#2274,1.);
#1275=VECTOR('',#2277,1.);
#1276=VECTOR('',#2278,1.);
#1277=VECTOR('',#2279,1.);
#1278=VECTOR('',#2280,1.);
#1279=VECTOR('',#2281,1.);
#1280=VECTOR('',#2284,1.);
#1281=VECTOR('',#2287,1.);
#1282=VECTOR('',#2288,1.);
#1283=VECTOR('',#2289,1.);
#1284=VECTOR('',#2290,1.);
#1285=VECTOR('',#2293,1.);
#1286=VECTOR('',#2294,1.);
#1287=VECTOR('',#2295,1.);
#1288=VECTOR('',#2298,1.);
#1289=VECTOR('',#2299,1.);
#1290=VECTOR('',#2302,1.);
#1291=VECTOR('',#2305,1.);
#1292=VECTOR('',#2308,1.);
#1293=VECTOR('',#2311,1.);
#1294=VECTOR('',#2314,1.);
#1295=VECTOR('',#2317,1.);
#1296=VECTOR('',#2320,1.);
#1297=VECTOR('',#2323,1.);
#1298=VECTOR('',#2326,1.);
#1299=VECTOR('',#2357,1.);
#1300=VECTOR('',#2358,1.);
#1301=VECTOR('',#2361,1.);
#1302=VECTOR('',#2364,1.);
#1303=VECTOR('',#2367,1.);
#1304=VECTOR('',#2370,1.);
#1305=VECTOR('',#2373,1.);
#1306=VECTOR('',#2376,1.);
#1307=VECTOR('',#2379,1.);
#1308=VECTOR('',#2382,1.);
#1309=VECTOR('',#2385,1.);
#1310=VECTOR('',#2388,1.);
#1311=VECTOR('',#2393,1.);
#1312=VECTOR('',#2394,1.);
#1313=VECTOR('',#2397,1.);
#1314=VECTOR('',#2400,1.);
#1315=VECTOR('',#2403,1.);
#1316=VECTOR('',#2406,1.);
#1317=VECTOR('',#2409,1.);
#1318=VECTOR('',#2412,1.);
#1319=VECTOR('',#2415,1.);
#1320=VECTOR('',#2418,1.);
#1321=VECTOR('',#2423,1.);
#1322=VECTOR('',#2424,1.);
#1323=VECTOR('',#2425,1.);
#1324=VECTOR('',#2428,1.);
#1325=VECTOR('',#2429,1.);
#1326=VECTOR('',#2432,1.);
#1327=VECTOR('',#2433,1.);
#1328=VECTOR('',#2436,1.);
#1329=VECTOR('',#2437,1.);
#1330=VECTOR('',#2440,1.);
#1331=VECTOR('',#2441,1.);
#1332=VECTOR('',#2446,1.);
#1333=VECTOR('',#2449,1.);
#1334=VECTOR('',#2450,1.);
#1335=VECTOR('',#2453,1.);
#1336=VECTOR('',#2454,1.);
#1337=VECTOR('',#2457,1.);
#1338=VECTOR('',#2458,1.);
#1339=VECTOR('',#2463,1.);
#1340=VECTOR('',#2466,1.);
#1341=VECTOR('',#2467,1.);
#1342=VECTOR('',#2470,1.);
#1343=VECTOR('',#2471,1.);
#1344=VECTOR('',#2472,1.);
#1345=VECTOR('',#2475,1.);
#1346=VECTOR('',#2476,1.);
#1347=VECTOR('',#2481,1.);
#1348=VECTOR('',#2486,1.);
#1349=VECTOR('',#2487,1.);
#1350=VECTOR('',#2490,1.);
#1351=VECTOR('',#2491,1.);
#1352=VECTOR('',#2492,1.);
#1353=VECTOR('',#2497,1.);
#1354=VECTOR('',#2500,1.);
#1355=VECTOR('',#2501,1.);
#1356=VECTOR('',#2504,1.);
#1357=VECTOR('',#2505,1.);
#1358=VECTOR('',#2510,1.);
#1359=VECTOR('',#2511,1.);
#1360=VECTOR('',#2514,1.);
#1361=VECTOR('',#2515,1.);
#1362=VECTOR('',#2522,1.);
#1363=VECTOR('',#2523,1.);
#1364=VECTOR('',#2534,1.);
#1365=VECTOR('',#2535,1.);
#1366=EDGE_LOOP('',(#102,#103,#104,#105));
#1367=EDGE_LOOP('',(#106,#107,#108,#109));
#1368=EDGE_LOOP('',(#110,#111,#112,#113));
#1369=EDGE_LOOP('',(#114));
#1370=EDGE_LOOP('',(#115));
#1371=EDGE_LOOP('',(#116));
#1372=EDGE_LOOP('',(#117,#118,#119,#120,#121,#122,#123,#124,#125,#126,#127,
#128,#129,#130,#131,#132,#133,#134,#135,#136));
#1373=EDGE_LOOP('',(#137));
#1374=EDGE_LOOP('',(#138));
#1375=EDGE_LOOP('',(#139));
#1376=EDGE_LOOP('',(#140,#141,#142,#143,#144,#145,#146,#147,#148,#149));
#1377=EDGE_LOOP('',(#150,#151,#152,#153,#154,#155,#156,#157,#158,#159,#160,
#161));
#1378=EDGE_LOOP('',(#162,#163,#164,#165,#166,#167,#168,#169,#170,#171,#172,
#173,#174,#175,#176,#177,#178,#179,#180,#181,#182,#183,#184,#185,#186,#187,
#188,#189,#190,#191,#192,#193,#194,#195,#196));
#1379=EDGE_LOOP('',(#197,#198,#199,#200,#201,#202,#203,#204,#205,#206,#207));
#1380=EDGE_LOOP('',(#208));
#1381=EDGE_LOOP('',(#209));
#1382=EDGE_LOOP('',(#210));
#1383=EDGE_LOOP('',(#211));
#1384=EDGE_LOOP('',(#212));
#1385=EDGE_LOOP('',(#213));
#1386=EDGE_LOOP('',(#214));
#1387=EDGE_LOOP('',(#215));
#1388=EDGE_LOOP('',(#216));
#1389=EDGE_LOOP('',(#217));
#1390=EDGE_LOOP('',(#218));
#1391=EDGE_LOOP('',(#219));
#1392=EDGE_LOOP('',(#220));
#1393=EDGE_LOOP('',(#221));
#1394=EDGE_LOOP('',(#222));
#1395=EDGE_LOOP('',(#223,#224,#225,#226,#227,#228,#229,#230,#231,#232,#233));
#1396=EDGE_LOOP('',(#234));
#1397=EDGE_LOOP('',(#235));
#1398=EDGE_LOOP('',(#236));
#1399=EDGE_LOOP('',(#237));
#1400=EDGE_LOOP('',(#238));
#1401=EDGE_LOOP('',(#239));
#1402=EDGE_LOOP('',(#240));
#1403=EDGE_LOOP('',(#241));
#1404=EDGE_LOOP('',(#242));
#1405=EDGE_LOOP('',(#243));
#1406=EDGE_LOOP('',(#244));
#1407=EDGE_LOOP('',(#245));
#1408=EDGE_LOOP('',(#246));
#1409=EDGE_LOOP('',(#247,#248,#249,#250,#251,#252,#253,#254,#255,#256,#257,
#258));
#1410=EDGE_LOOP('',(#259,#260,#261,#262,#263,#264,#265,#266,#267,#268));
#1411=EDGE_LOOP('',(#269,#270,#271,#272));
#1412=EDGE_LOOP('',(#273,#274,#275,#276));
#1413=EDGE_LOOP('',(#277,#278,#279,#280));
#1414=EDGE_LOOP('',(#281,#282,#283,#284));
#1415=EDGE_LOOP('',(#285,#286,#287,#288));
#1416=EDGE_LOOP('',(#289,#290,#291,#292));
#1417=EDGE_LOOP('',(#293,#294,#295,#296));
#1418=EDGE_LOOP('',(#297,#298,#299,#300));
#1419=EDGE_LOOP('',(#301,#302,#303,#304));
#1420=EDGE_LOOP('',(#305,#306,#307,#308));
#1421=EDGE_LOOP('',(#309,#310,#311,#312));
#1422=EDGE_LOOP('',(#313));
#1423=EDGE_LOOP('',(#314));
#1424=EDGE_LOOP('',(#315));
#1425=EDGE_LOOP('',(#316));
#1426=EDGE_LOOP('',(#317));
#1427=EDGE_LOOP('',(#318));
#1428=EDGE_LOOP('',(#319));
#1429=EDGE_LOOP('',(#320));
#1430=EDGE_LOOP('',(#321));
#1431=EDGE_LOOP('',(#322));
#1432=EDGE_LOOP('',(#323));
#1433=EDGE_LOOP('',(#324));
#1434=EDGE_LOOP('',(#325));
#1435=EDGE_LOOP('',(#326));
#1436=EDGE_LOOP('',(#327));
#1437=EDGE_LOOP('',(#328));
#1438=EDGE_LOOP('',(#329));
#1439=EDGE_LOOP('',(#330));
#1440=EDGE_LOOP('',(#331));
#1441=EDGE_LOOP('',(#332));
#1442=EDGE_LOOP('',(#333));
#1443=EDGE_LOOP('',(#334));
#1444=EDGE_LOOP('',(#335));
#1445=EDGE_LOOP('',(#336));
#1446=EDGE_LOOP('',(#337));
#1447=EDGE_LOOP('',(#338));
#1448=EDGE_LOOP('',(#339,#340,#341,#342));
#1449=EDGE_LOOP('',(#343,#344,#345,#346));
#1450=EDGE_LOOP('',(#347,#348,#349,#350));
#1451=EDGE_LOOP('',(#351,#352,#353,#354));
#1452=EDGE_LOOP('',(#355,#356,#357,#358));
#1453=EDGE_LOOP('',(#359,#360,#361,#362));
#1454=EDGE_LOOP('',(#363,#364,#365,#366));
#1455=EDGE_LOOP('',(#367,#368,#369,#370));
#1456=EDGE_LOOP('',(#371,#372,#373,#374));
#1457=EDGE_LOOP('',(#375,#376,#377,#378));
#1458=EDGE_LOOP('',(#379,#380,#381,#382));
#1459=EDGE_LOOP('',(#383,#384,#385,#386));
#1460=EDGE_LOOP('',(#387,#388,#389,#390));
#1461=EDGE_LOOP('',(#391,#392,#393,#394));
#1462=EDGE_LOOP('',(#395,#396,#397,#398));
#1463=EDGE_LOOP('',(#399,#400,#401,#402));
#1464=EDGE_LOOP('',(#403,#404,#405,#406));
#1465=EDGE_LOOP('',(#407,#408,#409,#410));
#1466=EDGE_LOOP('',(#411,#412,#413,#414));
#1467=EDGE_LOOP('',(#415,#416,#417,#418));
#1468=EDGE_LOOP('',(#419,#420,#421,#422));
#1469=EDGE_LOOP('',(#423,#424,#425,#426));
#1470=EDGE_LOOP('',(#427,#428,#429,#430));
#1471=EDGE_LOOP('',(#431,#432,#433,#434));
#1472=EDGE_LOOP('',(#435,#436,#437,#438));
#1473=EDGE_LOOP('',(#439,#440,#441,#442));
#1474=EDGE_LOOP('',(#443,#444,#445,#446));
#1475=EDGE_LOOP('',(#447,#448,#449,#450));
#1476=EDGE_LOOP('',(#451,#452,#453,#454));
#1477=EDGE_LOOP('',(#455,#456,#457,#458));
#1478=EDGE_LOOP('',(#459,#460,#461,#462));
#1479=EDGE_LOOP('',(#463,#464,#465,#466));
#1480=EDGE_LOOP('',(#467,#468,#469,#470));
#1481=EDGE_LOOP('',(#471,#472,#473,#474));
#1482=EDGE_LOOP('',(#475,#476,#477,#478));
#1483=EDGE_LOOP('',(#479,#480,#481,#482));
#1484=EDGE_LOOP('',(#483,#484,#485,#486));
#1485=EDGE_LOOP('',(#487,#488,#489,#490));
#1486=EDGE_LOOP('',(#491,#492,#493,#494));
#1487=EDGE_LOOP('',(#495,#496,#497,#498));
#1488=EDGE_LOOP('',(#499,#500,#501,#502));
#1489=EDGE_LOOP('',(#503,#504,#505,#506));
#1490=EDGE_LOOP('',(#507,#508,#509,#510,#511,#512));
#1491=EDGE_LOOP('',(#513,#514,#515,#516,#517,#518,#519));
#1492=EDGE_LOOP('',(#520,#521,#522,#523));
#1493=EDGE_LOOP('',(#524,#525,#526,#527));
#1494=EDGE_LOOP('',(#528,#529,#530,#531));
#1495=EDGE_LOOP('',(#532,#533,#534,#535));
#1496=EDGE_LOOP('',(#536,#537,#538,#539));
#1497=EDGE_LOOP('',(#540,#541,#542,#543));
#1498=EDGE_LOOP('',(#544,#545,#546,#547));
#1499=EDGE_LOOP('',(#548,#549,#550,#551,#552,#553,#554,#555,#556,#557,#558,
#559,#560,#561));
#1500=EDGE_LOOP('',(#562,#563,#564,#565));
#1501=EDGE_LOOP('',(#566,#567,#568,#569));
#1502=EDGE_LOOP('',(#570));
#1503=EDGE_LOOP('',(#571));
#1504=EDGE_LOOP('',(#572));
#1505=EDGE_LOOP('',(#573));
#1506=EDGE_LOOP('',(#574));
#1507=EDGE_LOOP('',(#575));
#1508=EDGE_LOOP('',(#576));
#1509=EDGE_LOOP('',(#577));
#1510=EDGE_LOOP('',(#578));
#1511=EDGE_LOOP('',(#579));
#1512=EDGE_LOOP('',(#580));
#1513=EDGE_LOOP('',(#581));
#1514=EDGE_LOOP('',(#582));
#1515=EDGE_LOOP('',(#583));
#1516=EDGE_LOOP('',(#584));
#1517=EDGE_LOOP('',(#585));
#1518=FACE_BOUND('',#1366,.T.);
#1519=FACE_BOUND('',#1367,.T.);
#1520=FACE_BOUND('',#1368,.T.);
#1521=FACE_BOUND('',#1369,.T.);
#1522=FACE_BOUND('',#1370,.T.);
#1523=FACE_BOUND('',#1371,.T.);
#1524=FACE_BOUND('',#1372,.T.);
#1525=FACE_BOUND('',#1373,.T.);
#1526=FACE_BOUND('',#1374,.T.);
#1527=FACE_BOUND('',#1375,.T.);
#1528=FACE_BOUND('',#1376,.T.);
#1529=FACE_BOUND('',#1377,.T.);
#1530=FACE_BOUND('',#1378,.T.);
#1531=FACE_BOUND('',#1379,.T.);
#1532=FACE_BOUND('',#1380,.T.);
#1533=FACE_BOUND('',#1381,.T.);
#1534=FACE_BOUND('',#1382,.T.);
#1535=FACE_BOUND('',#1383,.T.);
#1536=FACE_BOUND('',#1384,.T.);
#1537=FACE_BOUND('',#1385,.T.);
#1538=FACE_BOUND('',#1386,.T.);
#1539=FACE_BOUND('',#1387,.T.);
#1540=FACE_BOUND('',#1388,.T.);
#1541=FACE_BOUND('',#1389,.T.);
#1542=FACE_BOUND('',#1390,.T.);
#1543=FACE_BOUND('',#1391,.T.);
#1544=FACE_BOUND('',#1392,.T.);
#1545=FACE_BOUND('',#1393,.T.);
#1546=FACE_BOUND('',#1394,.T.);
#1547=FACE_BOUND('',#1395,.T.);
#1548=FACE_BOUND('',#1396,.T.);
#1549=FACE_BOUND('',#1397,.T.);
#1550=FACE_BOUND('',#1398,.T.);
#1551=FACE_BOUND('',#1399,.T.);
#1552=FACE_BOUND('',#1400,.T.);
#1553=FACE_BOUND('',#1401,.T.);
#1554=FACE_BOUND('',#1402,.T.);
#1555=FACE_BOUND('',#1403,.T.);
#1556=FACE_BOUND('',#1404,.T.);
#1557=FACE_BOUND('',#1405,.T.);
#1558=FACE_BOUND('',#1406,.T.);
#1559=FACE_BOUND('',#1407,.T.);
#1560=FACE_BOUND('',#1408,.T.);
#1561=FACE_BOUND('',#1409,.T.);
#1562=FACE_BOUND('',#1410,.T.);
#1563=FACE_BOUND('',#1411,.T.);
#1564=FACE_BOUND('',#1412,.T.);
#1565=FACE_BOUND('',#1413,.T.);
#1566=FACE_BOUND('',#1414,.T.);
#1567=FACE_BOUND('',#1415,.T.);
#1568=FACE_BOUND('',#1416,.T.);
#1569=FACE_BOUND('',#1417,.T.);
#1570=FACE_BOUND('',#1418,.T.);
#1571=FACE_BOUND('',#1419,.T.);
#1572=FACE_BOUND('',#1420,.T.);
#1573=FACE_BOUND('',#1421,.T.);
#1574=FACE_BOUND('',#1422,.T.);
#1575=FACE_BOUND('',#1423,.T.);
#1576=FACE_BOUND('',#1424,.T.);
#1577=FACE_BOUND('',#1425,.T.);
#1578=FACE_BOUND('',#1426,.T.);
#1579=FACE_BOUND('',#1427,.T.);
#1580=FACE_BOUND('',#1428,.T.);
#1581=FACE_BOUND('',#1429,.T.);
#1582=FACE_BOUND('',#1430,.T.);
#1583=FACE_BOUND('',#1431,.T.);
#1584=FACE_BOUND('',#1432,.T.);
#1585=FACE_BOUND('',#1433,.T.);
#1586=FACE_BOUND('',#1434,.T.);
#1587=FACE_BOUND('',#1435,.T.);
#1588=FACE_BOUND('',#1436,.T.);
#1589=FACE_BOUND('',#1437,.T.);
#1590=FACE_BOUND('',#1438,.T.);
#1591=FACE_BOUND('',#1439,.T.);
#1592=FACE_BOUND('',#1440,.T.);
#1593=FACE_BOUND('',#1441,.T.);
#1594=FACE_BOUND('',#1442,.T.);
#1595=FACE_BOUND('',#1443,.T.);
#1596=FACE_BOUND('',#1444,.T.);
#1597=FACE_BOUND('',#1445,.T.);
#1598=FACE_BOUND('',#1446,.T.);
#1599=FACE_BOUND('',#1447,.T.);
#1600=FACE_BOUND('',#1448,.T.);
#1601=FACE_BOUND('',#1449,.T.);
#1602=FACE_BOUND('',#1450,.T.);
#1603=FACE_BOUND('',#1451,.T.);
#1604=FACE_BOUND('',#1452,.T.);
#1605=FACE_BOUND('',#1453,.T.);
#1606=FACE_BOUND('',#1454,.T.);
#1607=FACE_BOUND('',#1455,.T.);
#1608=FACE_BOUND('',#1456,.T.);
#1609=FACE_BOUND('',#1457,.T.);
#1610=FACE_BOUND('',#1458,.T.);
#1611=FACE_BOUND('',#1459,.T.);
#1612=FACE_BOUND('',#1460,.T.);
#1613=FACE_BOUND('',#1461,.T.);
#1614=FACE_BOUND('',#1462,.T.);
#1615=FACE_BOUND('',#1463,.T.);
#1616=FACE_BOUND('',#1464,.T.);
#1617=FACE_BOUND('',#1465,.T.);
#1618=FACE_BOUND('',#1466,.T.);
#1619=FACE_BOUND('',#1467,.T.);
#1620=FACE_BOUND('',#1468,.T.);
#1621=FACE_BOUND('',#1469,.T.);
#1622=FACE_BOUND('',#1470,.T.);
#1623=FACE_BOUND('',#1471,.T.);
#1624=FACE_BOUND('',#1472,.T.);
#1625=FACE_BOUND('',#1473,.T.);
#1626=FACE_BOUND('',#1474,.T.);
#1627=FACE_BOUND('',#1475,.T.);
#1628=FACE_BOUND('',#1476,.T.);
#1629=FACE_BOUND('',#1477,.T.);
#1630=FACE_BOUND('',#1478,.T.);
#1631=FACE_BOUND('',#1479,.T.);
#1632=FACE_BOUND('',#1480,.T.);
#1633=FACE_BOUND('',#1481,.T.);
#1634=FACE_BOUND('',#1482,.T.);
#1635=FACE_BOUND('',#1483,.T.);
#1636=FACE_BOUND('',#1484,.T.);
#1637=FACE_BOUND('',#1485,.T.);
#1638=FACE_BOUND('',#1486,.T.);
#1639=FACE_BOUND('',#1487,.T.);
#1640=FACE_BOUND('',#1488,.T.);
#1641=FACE_BOUND('',#1489,.T.);
#1642=FACE_BOUND('',#1490,.T.);
#1643=FACE_BOUND('',#1491,.T.);
#1644=FACE_BOUND('',#1492,.T.);
#1645=FACE_BOUND('',#1493,.T.);
#1646=FACE_BOUND('',#1494,.T.);
#1647=FACE_BOUND('',#1495,.T.);
#1648=FACE_BOUND('',#1496,.T.);
#1649=FACE_BOUND('',#1497,.T.);
#1650=FACE_BOUND('',#1498,.T.);
#1651=FACE_BOUND('',#1499,.T.);
#1652=FACE_BOUND('',#1500,.T.);
#1653=FACE_BOUND('',#1501,.T.);
#1654=FACE_BOUND('',#1502,.T.);
#1655=FACE_BOUND('',#1503,.T.);
#1656=FACE_BOUND('',#1504,.T.);
#1657=FACE_BOUND('',#1505,.T.);
#1658=FACE_BOUND('',#1506,.T.);
#1659=FACE_BOUND('',#1507,.T.);
#1660=FACE_BOUND('',#1508,.T.);
#1661=FACE_BOUND('',#1509,.T.);
#1662=FACE_BOUND('',#1510,.T.);
#1663=FACE_BOUND('',#1511,.T.);
#1664=FACE_BOUND('',#1512,.T.);
#1665=FACE_BOUND('',#1513,.T.);
#1666=FACE_BOUND('',#1514,.T.);
#1667=FACE_BOUND('',#1515,.T.);
#1668=FACE_BOUND('',#1516,.T.);
#1669=FACE_BOUND('',#1517,.T.);
#1670=PLANE('',#1875);
#1671=PLANE('',#1876);
#1672=PLANE('',#1877);
#1673=PLANE('',#1878);
#1674=PLANE('',#1885);
#1675=PLANE('',#1912);
#1676=PLANE('',#1915);
#1677=PLANE('',#1917);
#1678=PLANE('',#1919);
#1679=PLANE('',#1921);
#1680=PLANE('',#1923);
#1681=PLANE('',#1925);
#1682=PLANE('',#1927);
#1683=PLANE('',#1929);
#1684=PLANE('',#1931);
#1685=PLANE('',#1933);
#1686=PLANE('',#1935);
#1687=PLANE('',#1937);
#1688=PLANE('',#1939);
#1689=PLANE('',#1941);
#1690=PLANE('',#1944);
#1691=PLANE('',#1947);
#1692=PLANE('',#1948);
#1693=PLANE('',#1950);
#1694=PLANE('',#1951);
#1695=PLANE('',#1952);
#1696=PLANE('',#1953);
#1697=PLANE('',#1955);
#1698=PLANE('',#1956);
#1699=PLANE('',#1957);
#1700=PLANE('',#1971);
#1701=PLANE('',#1972);
#1702=PLANE('',#1973);
#1703=PLANE('',#1974);
#1704=PLANE('',#1975);
#1705=PLANE('',#1977);
#1706=PLANE('',#1978);
#1707=PLANE('',#1979);
#1708=PLANE('',#1980);
#1709=PLANE('',#1981);
#1710=PLANE('',#1984);
#1711=PLANE('',#1985);
#1712=PLANE('',#1986);
#1713=PLANE('',#1987);
#1714=PLANE('',#1989);
#1715=PLANE('',#1990);
#1716=PLANE('',#1991);
#1717=PLANE('',#1992);
#1718=PLANE('',#1993);
#1719=PLANE('',#1994);
#1720=PLANE('',#1995);
#1721=PLANE('',#1996);
#1722=PLANE('',#1997);
#1723=PLANE('',#2000);
#1724=PLANE('',#2001);
#1725=PLANE('',#2002);
#1726=PLANE('',#2005);
#1727=PLANE('',#2006);
#1728=PLANE('',#2007);
#1729=PLANE('',#2012);
#1730=PLANE('',#2015);
#1731=PLANE('',#2016);
#1732=PLANE('',#2017);
#1733=PLANE('',#2018);
#1734=PLANE('',#2019);
#1735=PLANE('',#2020);
#1736=PLANE('',#2021);
#1737=PLANE('',#2022);
#1738=PLANE('',#2023);
#1739=PLANE('',#2024);
#1740=PLANE('',#2025);
#1741=PLANE('',#2026);
#1742=PLANE('',#2027);
#1743=PLANE('',#2028);
#1744=PLANE('',#2029);
#1745=PLANE('',#2032);
#1746=PLANE('',#2035);
#1747=PLANE('',#2038);
#1748=PLANE('',#2039);
#1749=PLANE('',#2040);
#1750=PLANE('',#2043);
#1751=ADVANCED_FACE('',(#1518),#1670,.T.);
#1752=ADVANCED_FACE('',(#1519),#1671,.F.);
#1753=ADVANCED_FACE('',(#1520),#1672,.T.);
#1754=ADVANCED_FACE('',(#1521,#1522,#1523,#1524),#1673,.F.);
#1755=ADVANCED_FACE('',(#1525,#1526),#12,.F.);
#1756=ADVANCED_FACE('',(#1527,#1528,#1529,#1530,#1531,#1532,#1533,#1534,
#1535,#1536,#1537,#1538,#1539,#1540,#1541,#1542,#1543,#1544,#1545,#1546),
#1674,.T.);
#1757=ADVANCED_FACE('',(#1547),#1675,.F.);
#1758=ADVANCED_FACE('',(#1548),#1676,.F.);
#1759=ADVANCED_FACE('',(#1549),#1677,.F.);
#1760=ADVANCED_FACE('',(#1550),#1678,.F.);
#1761=ADVANCED_FACE('',(#1551),#1679,.F.);
#1762=ADVANCED_FACE('',(#1552),#1680,.F.);
#1763=ADVANCED_FACE('',(#1553),#1681,.F.);
#1764=ADVANCED_FACE('',(#1554),#1682,.F.);
#1765=ADVANCED_FACE('',(#1555),#1683,.F.);
#1766=ADVANCED_FACE('',(#1556),#1684,.F.);
#1767=ADVANCED_FACE('',(#1557),#1685,.F.);
#1768=ADVANCED_FACE('',(#1558),#1686,.F.);
#1769=ADVANCED_FACE('',(#1559),#1687,.F.);
#1770=ADVANCED_FACE('',(#1560),#1688,.F.);
#1771=ADVANCED_FACE('',(#1561),#1689,.F.);
#1772=ADVANCED_FACE('',(#1562),#1690,.F.);
#1773=ADVANCED_FACE('',(#1563),#1691,.T.);
#1774=ADVANCED_FACE('',(#1564),#1692,.T.);
#1775=ADVANCED_FACE('',(#1565),#13,.F.);
#1776=ADVANCED_FACE('',(#1566),#1693,.T.);
#1777=ADVANCED_FACE('',(#1567),#1694,.T.);
#1778=ADVANCED_FACE('',(#1568),#1695,.F.);
#1779=ADVANCED_FACE('',(#1569),#1696,.T.);
#1780=ADVANCED_FACE('',(#1570),#14,.F.);
#1781=ADVANCED_FACE('',(#1571),#1697,.F.);
#1782=ADVANCED_FACE('',(#1572),#1698,.F.);
#1783=ADVANCED_FACE('',(#1573),#1699,.T.);
#1784=ADVANCED_FACE('',(#1574,#1575),#15,.F.);
#1785=ADVANCED_FACE('',(#1576,#1577),#16,.F.);
#1786=ADVANCED_FACE('',(#1578,#1579),#17,.F.);
#1787=ADVANCED_FACE('',(#1580,#1581),#18,.F.);
#1788=ADVANCED_FACE('',(#1582,#1583),#19,.F.);
#1789=ADVANCED_FACE('',(#1584,#1585),#20,.F.);
#1790=ADVANCED_FACE('',(#1586,#1587),#21,.F.);
#1791=ADVANCED_FACE('',(#1588,#1589),#22,.F.);
#1792=ADVANCED_FACE('',(#1590,#1591),#23,.F.);
#1793=ADVANCED_FACE('',(#1592,#1593),#24,.F.);
#1794=ADVANCED_FACE('',(#1594,#1595),#25,.F.);
#1795=ADVANCED_FACE('',(#1596,#1597),#26,.F.);
#1796=ADVANCED_FACE('',(#1598,#1599),#27,.F.);
#1797=ADVANCED_FACE('',(#1600),#1700,.T.);
#1798=ADVANCED_FACE('',(#1601),#1701,.T.);
#1799=ADVANCED_FACE('',(#1602),#1702,.T.);
#1800=ADVANCED_FACE('',(#1603),#1703,.F.);
#1801=ADVANCED_FACE('',(#1604),#1704,.T.);
#1802=ADVANCED_FACE('',(#1605),#28,.F.);
#1803=ADVANCED_FACE('',(#1606),#1705,.F.);
#1804=ADVANCED_FACE('',(#1607),#1706,.F.);
#1805=ADVANCED_FACE('',(#1608),#1707,.F.);
#1806=ADVANCED_FACE('',(#1609),#1708,.T.);
#1807=ADVANCED_FACE('',(#1610),#1709,.F.);
#1808=ADVANCED_FACE('',(#1611),#29,.F.);
#1809=ADVANCED_FACE('',(#1612),#30,.F.);
#1810=ADVANCED_FACE('',(#1613),#1710,.F.);
#1811=ADVANCED_FACE('',(#1614),#1711,.F.);
#1812=ADVANCED_FACE('',(#1615),#1712,.T.);
#1813=ADVANCED_FACE('',(#1616),#1713,.T.);
#1814=ADVANCED_FACE('',(#1617),#31,.F.);
#1815=ADVANCED_FACE('',(#1618),#1714,.T.);
#1816=ADVANCED_FACE('',(#1619),#1715,.F.);
#1817=ADVANCED_FACE('',(#1620),#1716,.F.);
#1818=ADVANCED_FACE('',(#1621),#1717,.T.);
#1819=ADVANCED_FACE('',(#1622),#1718,.T.);
#1820=ADVANCED_FACE('',(#1623),#1719,.T.);
#1821=ADVANCED_FACE('',(#1624),#1720,.T.);
#1822=ADVANCED_FACE('',(#1625),#1721,.F.);
#1823=ADVANCED_FACE('',(#1626),#1722,.F.);
#1824=ADVANCED_FACE('',(#1627),#32,.F.);
#1825=ADVANCED_FACE('',(#1628),#1723,.T.);
#1826=ADVANCED_FACE('',(#1629),#1724,.T.);
#1827=ADVANCED_FACE('',(#1630),#1725,.T.);
#1828=ADVANCED_FACE('',(#1631),#33,.F.);
#1829=ADVANCED_FACE('',(#1632),#1726,.F.);
#1830=ADVANCED_FACE('',(#1633),#1727,.F.);
#1831=ADVANCED_FACE('',(#1634),#1728,.F.);
#1832=ADVANCED_FACE('',(#1635),#34,.F.);
#1833=ADVANCED_FACE('',(#1636),#35,.F.);
#1834=ADVANCED_FACE('',(#1637),#1729,.T.);
#1835=ADVANCED_FACE('',(#1638),#36,.F.);
#1836=ADVANCED_FACE('',(#1639),#1730,.F.);
#1837=ADVANCED_FACE('',(#1640),#1731,.F.);
#1838=ADVANCED_FACE('',(#1641),#1732,.T.);
#1839=ADVANCED_FACE('',(#1642),#1733,.F.);
#1840=ADVANCED_FACE('',(#1643),#1734,.F.);
#1841=ADVANCED_FACE('',(#1644),#1735,.T.);
#1842=ADVANCED_FACE('',(#1645),#1736,.T.);
#1843=ADVANCED_FACE('',(#1646),#1737,.F.);
#1844=ADVANCED_FACE('',(#1647),#1738,.T.);
#1845=ADVANCED_FACE('',(#1648),#1739,.F.);
#1846=ADVANCED_FACE('',(#1649),#1740,.T.);
#1847=ADVANCED_FACE('',(#1650),#1741,.T.);
#1848=ADVANCED_FACE('',(#1651),#1742,.F.);
#1849=ADVANCED_FACE('',(#1652),#1743,.F.);
#1850=ADVANCED_FACE('',(#1653),#1744,.F.);
#1851=ADVANCED_FACE('',(#1654,#1655),#37,.T.);
#1852=ADVANCED_FACE('',(#1656),#1745,.T.);
#1853=ADVANCED_FACE('',(#1657,#1658),#38,.T.);
#1854=ADVANCED_FACE('',(#1659),#1746,.T.);
#1855=ADVANCED_FACE('',(#1660,#1661),#39,.T.);
#1856=ADVANCED_FACE('',(#1662),#1747,.T.);
#1857=ADVANCED_FACE('',(#1663),#1748,.T.);
#1858=ADVANCED_FACE('',(#1664),#1749,.T.);
#1859=ADVANCED_FACE('',(#1665,#1666),#40,.F.);
#1860=ADVANCED_FACE('',(#1667),#1750,.T.);
#1861=ADVANCED_FACE('',(#1668,#1669),#41,.F.);
#1862=CLOSED_SHELL('',(#1751,#1752,#1753,#1754,#1755,#1756,#1757,#1758,
#1759,#1760,#1761,#1762,#1763,#1764,#1765,#1766,#1767,#1768,#1769,#1770,
#1771,#1772,#1773,#1774,#1775,#1776,#1777,#1778,#1779,#1780,#1781,#1782,
#1783,#1784,#1785,#1786,#1787,#1788,#1789,#1790,#1791,#1792,#1793,#1794,
#1795,#1796,#1797,#1798,#1799,#1800,#1801,#1802,#1803,#1804,#1805,#1806,
#1807,#1808,#1809,#1810,#1811,#1812,#1813,#1814,#1815,#1816,#1817,#1818,
#1819,#1820,#1821,#1822,#1823,#1824,#1825,#1826,#1827,#1828,#1829,#1830,
#1831,#1832,#1833,#1834,#1835,#1836,#1837,#1838,#1839,#1840,#1841,#1842,
#1843,#1844,#1845,#1846,#1847,#1848,#1849,#1850,#1851,#1852,#1853,#1854,
#1855,#1856,#1857,#1858,#1859,#1860,#1861));
#1863=STYLED_ITEM('',(#1864),#1871);
#1864=PRESENTATION_STYLE_ASSIGNMENT((#1865));
#1865=SURFACE_STYLE_USAGE(.BOTH.,#1866);
#1866=SURFACE_SIDE_STYLE('',(#1867));
#1867=SURFACE_STYLE_FILL_AREA(#1868);
#1868=FILL_AREA_STYLE('',(#1869));
#1869=FILL_AREA_STYLE_COLOUR('',#1870);
#1870=COLOUR_RGB('',0.615686274509804,0.811764705882353,0.929411764705882);
#1871=MANIFOLD_SOLID_BREP('Part 1',#1862);
#1872=SHAPE_DEFINITION_REPRESENTATION(#3106,#1873);
#1873=SHAPE_REPRESENTATION('Part 1',(#1874),#3101);
#1874=AXIS2_PLACEMENT_3D('',#2572,#2046,#2047);
#1875=AXIS2_PLACEMENT_3D('',#2573,#2048,#2049);
#1876=AXIS2_PLACEMENT_3D('',#2582,#2054,#2055);
#1877=AXIS2_PLACEMENT_3D('',#2588,#2059,#2060);
#1878=AXIS2_PLACEMENT_3D('',#2594,#2064,#2065);
#1879=AXIS2_PLACEMENT_3D('',#2595,#2066,#2067);
#1880=AXIS2_PLACEMENT_3D('',#2597,#2068,#2069);
#1881=AXIS2_PLACEMENT_3D('',#2599,#2070,#2071);
#1882=AXIS2_PLACEMENT_3D('',#2635,#2090,#2091);
#1883=AXIS2_PLACEMENT_3D('',#2636,#2092,#2093);
#1884=AXIS2_PLACEMENT_3D('',#2638,#2094,#2095);
#1885=AXIS2_PLACEMENT_3D('',#2640,#2096,#2097);
#1886=AXIS2_PLACEMENT_3D('',#2646,#2100,#2101);
#1887=AXIS2_PLACEMENT_3D('',#2656,#2106,#2107);
#1888=AXIS2_PLACEMENT_3D('',#2666,#2112,#2113);
#1889=AXIS2_PLACEMENT_3D('',#2678,#2119,#2120);
#1890=AXIS2_PLACEMENT_3D('',#2692,#2127,#2128);
#1891=AXIS2_PLACEMENT_3D('',#2703,#2134,#2135);
#1892=AXIS2_PLACEMENT_3D('',#2708,#2138,#2139);
#1893=AXIS2_PLACEMENT_3D('',#2715,#2143,#2144);
#1894=AXIS2_PLACEMENT_3D('',#2734,#2154,#2155);
#1895=AXIS2_PLACEMENT_3D('',#2740,#2158,#2159);
#1896=AXIS2_PLACEMENT_3D('',#2750,#2164,#2165);
#1897=AXIS2_PLACEMENT_3D('',#2757,#2169,#2170);
#1898=AXIS2_PLACEMENT_3D('',#2759,#2171,#2172);
#1899=AXIS2_PLACEMENT_3D('',#2761,#2173,#2174);
#1900=AXIS2_PLACEMENT_3D('',#2763,#2175,#2176);
#1901=AXIS2_PLACEMENT_3D('',#2765,#2177,#2178);
#1902=AXIS2_PLACEMENT_3D('',#2767,#2179,#2180);
#1903=AXIS2_PLACEMENT_3D('',#2769,#2181,#2182);
#1904=AXIS2_PLACEMENT_3D('',#2771,#2183,#2184);
#1905=AXIS2_PLACEMENT_3D('',#2773,#2185,#2186);
#1906=AXIS2_PLACEMENT_3D('',#2775,#2187,#2188);
#1907=AXIS2_PLACEMENT_3D('',#2777,#2189,#2190);
#1908=AXIS2_PLACEMENT_3D('',#2779,#2191,#2192);
#1909=AXIS2_PLACEMENT_3D('',#2781,#2193,#2194);
#1910=AXIS2_PLACEMENT_3D('',#2783,#2195,#2196);
#1911=AXIS2_PLACEMENT_3D('',#2785,#2197,#2198);
#1912=AXIS2_PLACEMENT_3D('',#2787,#2199,#2200);
#1913=AXIS2_PLACEMENT_3D('',#2795,#2204,#2205);
#1914=AXIS2_PLACEMENT_3D('',#2805,#2210,#2211);
#1915=AXIS2_PLACEMENT_3D('',#2810,#2214,#2215);
#1916=AXIS2_PLACEMENT_3D('',#2811,#2216,#2217);
#1917=AXIS2_PLACEMENT_3D('',#2813,#2218,#2219);
#1918=AXIS2_PLACEMENT_3D('',#2814,#2220,#2221);
#1919=AXIS2_PLACEMENT_3D('',#2816,#2222,#2223);
#1920=AXIS2_PLACEMENT_3D('',#2817,#2224,#2225);
#1921=AXIS2_PLACEMENT_3D('',#2819,#2226,#2227);
#1922=AXIS2_PLACEMENT_3D('',#2820,#2228,#2229);
#1923=AXIS2_PLACEMENT_3D('',#2822,#2230,#2231);
#1924=AXIS2_PLACEMENT_3D('',#2823,#2232,#2233);
#1925=AXIS2_PLACEMENT_3D('',#2825,#2234,#2235);
#1926=AXIS2_PLACEMENT_3D('',#2826,#2236,#2237);
#1927=AXIS2_PLACEMENT_3D('',#2828,#2238,#2239);
#1928=AXIS2_PLACEMENT_3D('',#2829,#2240,#2241);
#1929=AXIS2_PLACEMENT_3D('',#2831,#2242,#2243);
#1930=AXIS2_PLACEMENT_3D('',#2832,#2244,#2245);
#1931=AXIS2_PLACEMENT_3D('',#2834,#2246,#2247);
#1932=AXIS2_PLACEMENT_3D('',#2835,#2248,#2249);
#1933=AXIS2_PLACEMENT_3D('',#2837,#2250,#2251);
#1934=AXIS2_PLACEMENT_3D('',#2838,#2252,#2253);
#1935=AXIS2_PLACEMENT_3D('',#2840,#2254,#2255);
#1936=AXIS2_PLACEMENT_3D('',#2841,#2256,#2257);
#1937=AXIS2_PLACEMENT_3D('',#2843,#2258,#2259);
#1938=AXIS2_PLACEMENT_3D('',#2844,#2260,#2261);
#1939=AXIS2_PLACEMENT_3D('',#2846,#2262,#2263);
#1940=AXIS2_PLACEMENT_3D('',#2847,#2264,#2265);
#1941=AXIS2_PLACEMENT_3D('',#2849,#2266,#2267);
#1942=AXIS2_PLACEMENT_3D('',#2850,#2268,#2269);
#1943=AXIS2_PLACEMENT_3D('',#2863,#2275,#2276);
#1944=AXIS2_PLACEMENT_3D('',#2874,#2282,#2283);
#1945=AXIS2_PLACEMENT_3D('',#2878,#2285,#2286);
#1946=AXIS2_PLACEMENT_3D('',#2888,#2291,#2292);
#1947=AXIS2_PLACEMENT_3D('',#2895,#2296,#2297);
#1948=AXIS2_PLACEMENT_3D('',#2898,#2300,#2301);
#1949=AXIS2_PLACEMENT_3D('',#2900,#2303,#2304);
#1950=AXIS2_PLACEMENT_3D('',#2902,#2306,#2307);
#1951=AXIS2_PLACEMENT_3D('',#2904,#2309,#2310);
#1952=AXIS2_PLACEMENT_3D('',#2906,#2312,#2313);
#1953=AXIS2_PLACEMENT_3D('',#2908,#2315,#2316);
#1954=AXIS2_PLACEMENT_3D('',#2910,#2318,#2319);
#1955=AXIS2_PLACEMENT_3D('',#2912,#2321,#2322);
#1956=AXIS2_PLACEMENT_3D('',#2914,#2324,#2325);
#1957=AXIS2_PLACEMENT_3D('',#2916,#2327,#2328);
#1958=AXIS2_PLACEMENT_3D('',#2917,#2329,#2330);
#1959=AXIS2_PLACEMENT_3D('',#2918,#2331,#2332);
#1960=AXIS2_PLACEMENT_3D('',#2919,#2333,#2334);
#1961=AXIS2_PLACEMENT_3D('',#2920,#2335,#2336);
#1962=AXIS2_PLACEMENT_3D('',#2921,#2337,#2338);
#1963=AXIS2_PLACEMENT_3D('',#2922,#2339,#2340);
#1964=AXIS2_PLACEMENT_3D('',#2923,#2341,#2342);
#1965=AXIS2_PLACEMENT_3D('',#2924,#2343,#2344);
#1966=AXIS2_PLACEMENT_3D('',#2925,#2345,#2346);
#1967=AXIS2_PLACEMENT_3D('',#2926,#2347,#2348);
#1968=AXIS2_PLACEMENT_3D('',#2927,#2349,#2350);
#1969=AXIS2_PLACEMENT_3D('',#2928,#2351,#2352);
#1970=AXIS2_PLACEMENT_3D('',#2929,#2353,#2354);
#1971=AXIS2_PLACEMENT_3D('',#2930,#2355,#2356);
#1972=AXIS2_PLACEMENT_3D('',#2933,#2359,#2360);
#1973=AXIS2_PLACEMENT_3D('',#2935,#2362,#2363);
#1974=AXIS2_PLACEMENT_3D('',#2937,#2365,#2366);
#1975=AXIS2_PLACEMENT_3D('',#2939,#2368,#2369);
#1976=AXIS2_PLACEMENT_3D('',#2941,#2371,#2372);
#1977=AXIS2_PLACEMENT_3D('',#2943,#2374,#2375);
#1978=AXIS2_PLACEMENT_3D('',#2945,#2377,#2378);
#1979=AXIS2_PLACEMENT_3D('',#2947,#2380,#2381);
#1980=AXIS2_PLACEMENT_3D('',#2949,#2383,#2384);
#1981=AXIS2_PLACEMENT_3D('',#2951,#2386,#2387);
#1982=AXIS2_PLACEMENT_3D('',#2953,#2389,#2390);
#1983=AXIS2_PLACEMENT_3D('',#2954,#2391,#2392);
#1984=AXIS2_PLACEMENT_3D('',#2957,#2395,#2396);
#1985=AXIS2_PLACEMENT_3D('',#2959,#2398,#2399);
#1986=AXIS2_PLACEMENT_3D('',#2961,#2401,#2402);
#1987=AXIS2_PLACEMENT_3D('',#2963,#2404,#2405);
#1988=AXIS2_PLACEMENT_3D('',#2965,#2407,#2408);
#1989=AXIS2_PLACEMENT_3D('',#2967,#2410,#2411);
#1990=AXIS2_PLACEMENT_3D('',#2969,#2413,#2414);
#1991=AXIS2_PLACEMENT_3D('',#2971,#2416,#2417);
#1992=AXIS2_PLACEMENT_3D('',#2973,#2419,#2420);
#1993=AXIS2_PLACEMENT_3D('',#2974,#2421,#2422);
#1994=AXIS2_PLACEMENT_3D('',#2980,#2426,#2427);
#1995=AXIS2_PLACEMENT_3D('',#2984,#2430,#2431);
#1996=AXIS2_PLACEMENT_3D('',#2988,#2434,#2435);
#1997=AXIS2_PLACEMENT_3D('',#2992,#2438,#2439);
#1998=AXIS2_PLACEMENT_3D('',#2996,#2442,#2443);
#1999=AXIS2_PLACEMENT_3D('',#2997,#2444,#2445);
#2000=AXIS2_PLACEMENT_3D('',#3000,#2447,#2448);
#2001=AXIS2_PLACEMENT_3D('',#3004,#2451,#2452);
#2002=AXIS2_PLACEMENT_3D('',#3008,#2455,#2456);
#2003=AXIS2_PLACEMENT_3D('',#3012,#2459,#2460);
#2004=AXIS2_PLACEMENT_3D('',#3013,#2461,#2462);
#2005=AXIS2_PLACEMENT_3D('',#3016,#2464,#2465);
#2006=AXIS2_PLACEMENT_3D('',#3020,#2468,#2469);
#2007=AXIS2_PLACEMENT_3D('',#3026,#2473,#2474);
#2008=AXIS2_PLACEMENT_3D('',#3030,#2477,#2478);
#2009=AXIS2_PLACEMENT_3D('',#3031,#2479,#2480);
#2010=AXIS2_PLACEMENT_3D('',#3034,#2482,#2483);
#2011=AXIS2_PLACEMENT_3D('',#3035,#2484,#2485);
#2012=AXIS2_PLACEMENT_3D('',#3040,#2488,#2489);
#2013=AXIS2_PLACEMENT_3D('',#3046,#2493,#2494);
#2014=AXIS2_PLACEMENT_3D('',#3047,#2495,#2496);
#2015=AXIS2_PLACEMENT_3D('',#3050,#2498,#2499);
#2016=AXIS2_PLACEMENT_3D('',#3054,#2502,#2503);
#2017=AXIS2_PLACEMENT_3D('',#3058,#2506,#2507);
#2018=AXIS2_PLACEMENT_3D('',#3059,#2508,#2509);
#2019=AXIS2_PLACEMENT_3D('',#3062,#2512,#2513);
#2020=AXIS2_PLACEMENT_3D('',#3065,#2516,#2517);
#2021=AXIS2_PLACEMENT_3D('',#3066,#2518,#2519);
#2022=AXIS2_PLACEMENT_3D('',#3067,#2520,#2521);
#2023=AXIS2_PLACEMENT_3D('',#3070,#2524,#2525);
#2024=AXIS2_PLACEMENT_3D('',#3071,#2526,#2527);
#2025=AXIS2_PLACEMENT_3D('',#3072,#2528,#2529);
#2026=AXIS2_PLACEMENT_3D('',#3073,#2530,#2531);
#2027=AXIS2_PLACEMENT_3D('',#3074,#2532,#2533);
#2028=AXIS2_PLACEMENT_3D('',#3077,#2536,#2537);
#2029=AXIS2_PLACEMENT_3D('',#3078,#2538,#2539);
#2030=AXIS2_PLACEMENT_3D('',#3079,#2540,#2541);
#2031=AXIS2_PLACEMENT_3D('',#3080,#2542,#2543);
#2032=AXIS2_PLACEMENT_3D('',#3082,#2544,#2545);
#2033=AXIS2_PLACEMENT_3D('',#3083,#2546,#2547);
#2034=AXIS2_PLACEMENT_3D('',#3084,#2548,#2549);
#2035=AXIS2_PLACEMENT_3D('',#3086,#2550,#2551);
#2036=AXIS2_PLACEMENT_3D('',#3087,#2552,#2553);
#2037=AXIS2_PLACEMENT_3D('',#3088,#2554,#2555);
#2038=AXIS2_PLACEMENT_3D('',#3090,#2556,#2557);
#2039=AXIS2_PLACEMENT_3D('',#3091,#2558,#2559);
#2040=AXIS2_PLACEMENT_3D('',#3092,#2560,#2561);
#2041=AXIS2_PLACEMENT_3D('',#3093,#2562,#2563);
#2042=AXIS2_PLACEMENT_3D('',#3095,#2564,#2565);
#2043=AXIS2_PLACEMENT_3D('',#3096,#2566,#2567);
#2044=AXIS2_PLACEMENT_3D('',#3097,#2568,#2569);
#2045=AXIS2_PLACEMENT_3D('',#3099,#2570,#2571);
#2046=DIRECTION('',(0.,0.,1.));
#2047=DIRECTION('',(1.,0.,0.));
#2048=DIRECTION('',(-1.,0.,0.));
#2049=DIRECTION('',(0.,1.,0.));
#2050=DIRECTION('',(0.,-1.,0.));
#2051=DIRECTION('',(0.,0.,-1.));
#2052=DIRECTION('',(0.,-1.,0.));
#2053=DIRECTION('',(0.,0.,-1.));
#2054=DIRECTION('',(-2.77555756156289E-16,0.,1.));
#2055=DIRECTION('',(1.,0.,2.77555756156289E-16));
#2056=DIRECTION('',(-1.,0.,-2.77555756156289E-16));
#2057=DIRECTION('',(0.,-1.,0.));
#2058=DIRECTION('',(-1.,0.,-2.77555756156289E-16));
#2059=DIRECTION('',(-2.77555756156289E-16,0.,1.));
#2060=DIRECTION('',(1.,0.,2.77555756156289E-16));
#2061=DIRECTION('',(0.,-1.,0.));
#2062=DIRECTION('',(-1.,0.,-2.77555756156289E-16));
#2063=DIRECTION('',(-1.,0.,-2.77555756156289E-16));
#2064=DIRECTION('',(-1.,0.,-4.62592926927149E-17));
#2065=DIRECTION('',(-4.62592926927149E-17,0.,1.));
#2066=DIRECTION('',(1.,0.,4.62592926927149E-17));
#2067=DIRECTION('',(4.62592926927149E-17,0.,-1.));
#2068=DIRECTION('',(1.,0.,4.62592926927149E-17));
#2069=DIRECTION('',(4.62592926927149E-17,0.,-1.));
#2070=DIRECTION('',(1.,0.,4.62592926927149E-17));
#2071=DIRECTION('',(4.62592926927149E-17,0.,-1.));
#2072=DIRECTION('',(4.62592926927149E-17,0.,-1.));
#2073=DIRECTION('',(4.62592926927149E-17,0.,-1.));
#2074=DIRECTION('',(-4.62592926927149E-17,0.,1.));
#2075=DIRECTION('',(0.,-1.,0.));
#2076=DIRECTION('',(4.62592926927149E-17,0.,-1.));
#2077=DIRECTION('',(0.,1.,0.));
#2078=DIRECTION('',(-4.62592926927149E-17,0.,1.));
#2079=DIRECTION('',(0.,-1.,0.));
#2080=DIRECTION('',(4.62592926927149E-17,0.,-1.));
#2081=DIRECTION('',(0.,-1.,0.));
#2082=DIRECTION('',(-4.62592926927149E-17,0.,1.));
#2083=DIRECTION('',(0.,-1.,0.));
#2084=DIRECTION('',(4.62592926927149E-17,0.,-1.));
#2085=DIRECTION('',(0.,1.,0.));
#2086=DIRECTION('',(4.62592926927149E-17,0.,-1.));
#2087=DIRECTION('',(0.,1.,0.));
#2088=DIRECTION('',(4.62592926927149E-17,0.,-1.));
#2089=DIRECTION('',(0.,-1.,0.));
#2090=DIRECTION('',(0.,1.,0.));
#2091=DIRECTION('',(1.,0.,0.));
#2092=DIRECTION('',(0.,1.,0.));
#2093=DIRECTION('',(1.,0.,0.));
#2094=DIRECTION('',(0.,1.,0.));
#2095=DIRECTION('',(1.,0.,0.));
#2096=DIRECTION('',(0.,1.,0.));
#2097=DIRECTION('',(1.,0.,0.));
#2098=DIRECTION('',(0.969892290878411,0.,-0.24353427704253));
#2099=DIRECTION('',(-1.,0.,0.));
#2100=DIRECTION('',(0.,1.,0.));
#2101=DIRECTION('',(1.,0.,0.));
#2102=DIRECTION('',(1.,0.,0.));
#2103=DIRECTION('',(0.,0.,-1.));
#2104=DIRECTION('',(-0.980386474231437,0.,0.197084654765537));
#2105=DIRECTION('',(-1.,0.,9.88572236051112E-17));
#2106=DIRECTION('',(0.,1.,0.));
#2107=DIRECTION('',(1.,0.,0.));
#2108=DIRECTION('',(-1.,0.,2.38468862387848E-16));
#2109=DIRECTION('',(0.,0.,-1.));
#2110=DIRECTION('',(0.,0.,-1.));
#2111=DIRECTION('',(-1.,0.,0.));
#2112=DIRECTION('',(0.,1.,0.));
#2113=DIRECTION('',(1.,0.,0.));
#2114=DIRECTION('',(-1.,0.,0.));
#2115=DIRECTION('',(0.,0.,-1.));
#2116=DIRECTION('',(-1.,0.,0.));
#2117=DIRECTION('',(-0.999611838703631,0.,-0.027859862231291));
#2118=DIRECTION('',(-1.,0.,0.));
#2119=DIRECTION('',(0.,1.,0.));
#2120=DIRECTION('',(1.,0.,0.));
#2121=DIRECTION('',(-1.,0.,0.));
#2122=DIRECTION('',(0.,0.,-1.));
#2123=DIRECTION('',(-1.,0.,0.));
#2124=DIRECTION('',(1.,0.,0.));
#2125=DIRECTION('',(0.,0.,-1.));
#2126=DIRECTION('',(-1.,0.,0.));
#2127=DIRECTION('',(0.,1.,0.));
#2128=DIRECTION('',(1.,0.,0.));
#2129=DIRECTION('',(0.,0.,1.));
#2130=DIRECTION('',(1.,0.,0.));
#2131=DIRECTION('',(1.,0.,0.));
#2132=DIRECTION('',(0.,0.,-1.));
#2133=DIRECTION('',(-1.,0.,1.32914577656066E-16));
#2134=DIRECTION('',(0.,1.,0.));
#2135=DIRECTION('',(1.,0.,0.));
#2136=DIRECTION('',(-1.,0.,1.23455418843615E-16));
#2137=DIRECTION('',(-1.,0.,0.));
#2138=DIRECTION('',(0.,1.,0.));
#2139=DIRECTION('',(1.,0.,0.));
#2140=DIRECTION('',(-1.,0.,0.));
#2141=DIRECTION('',(0.999497308495318,0.,0.0317037901616761));
#2142=DIRECTION('',(1.,0.,0.));
#2143=DIRECTION('',(0.,1.,0.));
#2144=DIRECTION('',(1.,0.,0.));
#2145=DIRECTION('',(1.,0.,0.));
#2146=DIRECTION('',(0.,0.,-1.));
#2147=DIRECTION('',(-1.,0.,0.));
#2148=DIRECTION('',(-1.,0.,0.));
#2149=DIRECTION('',(0.,0.,1.));
#2150=DIRECTION('',(1.,0.,0.));
#2151=DIRECTION('',(0.,0.,1.));
#2152=DIRECTION('',(0.999959173253391,0.,0.00903614001636073));
#2153=DIRECTION('',(1.,0.,0.));
#2154=DIRECTION('',(0.,1.,0.));
#2155=DIRECTION('',(1.,0.,0.));
#2156=DIRECTION('',(0.,0.,-1.));
#2157=DIRECTION('',(-1.,0.,0.));
#2158=DIRECTION('',(0.,1.,0.));
#2159=DIRECTION('',(1.,0.,0.));
#2160=DIRECTION('',(-1.,0.,0.));
#2161=DIRECTION('',(0.0207221093163054,0.,0.999785274039122));
#2162=DIRECTION('',(0.,0.,-1.));
#2163=DIRECTION('',(-1.,0.,0.));
#2164=DIRECTION('',(0.,1.,0.));
#2165=DIRECTION('',(1.,0.,0.));
#2166=DIRECTION('',(1.,0.,0.));
#2167=DIRECTION('',(0.998736578740657,0.,0.0502518286772494));
#2168=DIRECTION('',(0.136979942639247,0.,0.990573821234212));
#2169=DIRECTION('',(0.,1.,0.));
#2170=DIRECTION('',(1.,0.,0.));
#2171=DIRECTION('',(0.,1.,0.));
#2172=DIRECTION('',(1.,0.,0.));
#2173=DIRECTION('',(0.,1.,0.));
#2174=DIRECTION('',(1.,0.,0.));
#2175=DIRECTION('',(0.,1.,0.));
#2176=DIRECTION('',(1.,0.,0.));
#2177=DIRECTION('',(0.,1.,0.));
#2178=DIRECTION('',(1.,0.,0.));
#2179=DIRECTION('',(0.,1.,0.));
#2180=DIRECTION('',(1.,0.,0.));
#2181=DIRECTION('',(0.,1.,0.));
#2182=DIRECTION('',(1.,0.,0.));
#2183=DIRECTION('',(0.,1.,0.));
#2184=DIRECTION('',(1.,0.,0.));
#2185=DIRECTION('',(0.,1.,0.));
#2186=DIRECTION('',(1.,0.,0.));
#2187=DIRECTION('',(0.,1.,0.));
#2188=DIRECTION('',(1.,0.,0.));
#2189=DIRECTION('',(0.,1.,0.));
#2190=DIRECTION('',(1.,0.,0.));
#2191=DIRECTION('',(0.,1.,0.));
#2192=DIRECTION('',(1.,0.,0.));
#2193=DIRECTION('',(0.,1.,0.));
#2194=DIRECTION('',(1.,0.,0.));
#2195=DIRECTION('',(0.,1.,0.));
#2196=DIRECTION('',(1.,0.,0.));
#2197=DIRECTION('',(0.,1.,0.));
#2198=DIRECTION('',(1.,0.,0.));
#2199=DIRECTION('',(0.,-1.,0.));
#2200=DIRECTION('',(1.,0.,0.));
#2201=DIRECTION('',(0.136979942639247,0.,0.990573821234212));
#2202=DIRECTION('',(0.998736578740657,0.,0.0502518286772494));
#2203=DIRECTION('',(1.,0.,0.));
#2204=DIRECTION('',(0.,1.,0.));
#2205=DIRECTION('',(1.,0.,0.));
#2206=DIRECTION('',(-1.,0.,0.));
#2207=DIRECTION('',(0.,0.,-1.));
#2208=DIRECTION('',(0.0207221093163054,0.,0.999785274039122));
#2209=DIRECTION('',(-1.,0.,0.));
#2210=DIRECTION('',(0.,1.,0.));
#2211=DIRECTION('',(1.,0.,0.));
#2212=DIRECTION('',(-1.,0.,0.));
#2213=DIRECTION('',(0.,0.,-1.));
#2214=DIRECTION('',(0.,-1.,0.));
#2215=DIRECTION('',(1.,0.,0.));
#2216=DIRECTION('',(0.,1.,0.));
#2217=DIRECTION('',(1.,0.,0.));
#2218=DIRECTION('',(0.,-1.,0.));
#2219=DIRECTION('',(1.,0.,0.));
#2220=DIRECTION('',(0.,1.,0.));
#2221=DIRECTION('',(1.,0.,0.));
#2222=DIRECTION('',(0.,-1.,0.));
#2223=DIRECTION('',(1.,0.,0.));
#2224=DIRECTION('',(0.,1.,0.));
#2225=DIRECTION('',(1.,0.,0.));
#2226=DIRECTION('',(0.,-1.,0.));
#2227=DIRECTION('',(1.,0.,0.));
#2228=DIRECTION('',(0.,1.,0.));
#2229=DIRECTION('',(1.,0.,0.));
#2230=DIRECTION('',(0.,-1.,0.));
#2231=DIRECTION('',(1.,0.,0.));
#2232=DIRECTION('',(0.,1.,0.));
#2233=DIRECTION('',(1.,0.,0.));
#2234=DIRECTION('',(0.,-1.,0.));
#2235=DIRECTION('',(1.,0.,0.));
#2236=DIRECTION('',(0.,1.,0.));
#2237=DIRECTION('',(1.,0.,0.));
#2238=DIRECTION('',(0.,-1.,0.));
#2239=DIRECTION('',(1.,0.,0.));
#2240=DIRECTION('',(0.,1.,0.));
#2241=DIRECTION('',(1.,0.,0.));
#2242=DIRECTION('',(0.,-1.,0.));
#2243=DIRECTION('',(1.,0.,0.));
#2244=DIRECTION('',(0.,1.,0.));
#2245=DIRECTION('',(1.,0.,0.));
#2246=DIRECTION('',(0.,-1.,0.));
#2247=DIRECTION('',(1.,0.,0.));
#2248=DIRECTION('',(0.,1.,0.));
#2249=DIRECTION('',(1.,0.,0.));
#2250=DIRECTION('',(0.,-1.,0.));
#2251=DIRECTION('',(1.,0.,0.));
#2252=DIRECTION('',(0.,1.,0.));
#2253=DIRECTION('',(1.,0.,0.));
#2254=DIRECTION('',(0.,-1.,0.));
#2255=DIRECTION('',(1.,0.,0.));
#2256=DIRECTION('',(0.,1.,0.));
#2257=DIRECTION('',(1.,0.,0.));
#2258=DIRECTION('',(0.,-1.,0.));
#2259=DIRECTION('',(1.,0.,0.));
#2260=DIRECTION('',(0.,1.,0.));
#2261=DIRECTION('',(1.,0.,0.));
#2262=DIRECTION('',(0.,-1.,0.));
#2263=DIRECTION('',(1.,0.,0.));
#2264=DIRECTION('',(0.,1.,0.));
#2265=DIRECTION('',(1.,0.,0.));
#2266=DIRECTION('',(0.,-1.,0.));
#2267=DIRECTION('',(1.,0.,0.));
#2268=DIRECTION('',(0.,1.,0.));
#2269=DIRECTION('',(1.,0.,0.));
#2270=DIRECTION('',(-1.,0.,0.));
#2271=DIRECTION('',(-0.999611838703631,0.,-0.027859862231291));
#2272=DIRECTION('',(-1.,0.,0.));
#2273=DIRECTION('',(0.,0.,-1.));
#2274=DIRECTION('',(-1.,0.,0.));
#2275=DIRECTION('',(0.,1.,0.));
#2276=DIRECTION('',(1.,0.,0.));
#2277=DIRECTION('',(-1.,0.,0.));
#2278=DIRECTION('',(0.,0.,-1.));
#2279=DIRECTION('',(-1.,0.,0.));
#2280=DIRECTION('',(0.,0.,-1.));
#2281=DIRECTION('',(-1.,0.,0.));
#2282=DIRECTION('',(0.,-1.,0.));
#2283=DIRECTION('',(1.,0.,0.));
#2284=DIRECTION('',(-1.,0.,2.38468862387848E-16));
#2285=DIRECTION('',(0.,1.,0.));
#2286=DIRECTION('',(1.,0.,0.));
#2287=DIRECTION('',(-1.,0.,9.88572236051112E-17));
#2288=DIRECTION('',(-0.980386474231437,0.,0.197084654765537));
#2289=DIRECTION('',(0.,0.,-1.));
#2290=DIRECTION('',(1.,0.,0.));
#2291=DIRECTION('',(0.,1.,0.));
#2292=DIRECTION('',(1.,0.,0.));
#2293=DIRECTION('',(-1.,0.,0.));
#2294=DIRECTION('',(0.969892290878411,0.,-0.24353427704253));
#2295=DIRECTION('',(0.,0.,-1.));
#2296=DIRECTION('',(0.0502518286772494,0.,-0.998736578740657));
#2297=DIRECTION('',(-0.998736578740657,0.,-0.0502518286772494));
#2298=DIRECTION('',(0.,-1.,0.));
#2299=DIRECTION('',(0.,-1.,0.));
#2300=DIRECTION('',(0.,0.,-1.));
#2301=DIRECTION('',(0.,1.,0.));
#2302=DIRECTION('',(0.,-1.,0.));
#2303=DIRECTION('',(0.,-1.,0.));
#2304=DIRECTION('',(-1.,0.,0.));
#2305=DIRECTION('',(0.,-1.,0.));
#2306=DIRECTION('',(0.,0.,1.));
#2307=DIRECTION('',(0.,-1.,0.));
#2308=DIRECTION('',(0.,-1.,0.));
#2309=DIRECTION('',(-1.,0.,0.));
#2310=DIRECTION('',(0.,1.,0.));
#2311=DIRECTION('',(0.,-1.,0.));
#2312=DIRECTION('',(0.999785274039122,0.,-0.0207221093163054));
#2313=DIRECTION('',(-0.0207221093163054,0.,-0.999785274039122));
#2314=DIRECTION('',(0.,-1.,0.));
#2315=DIRECTION('',(0.,0.,1.));
#2316=DIRECTION('',(0.,-1.,0.));
#2317=DIRECTION('',(0.,-1.,0.));
#2318=DIRECTION('',(0.,-1.,0.));
#2319=DIRECTION('',(-1.,0.,0.));
#2320=DIRECTION('',(0.,-1.,0.));
#2321=DIRECTION('',(0.,0.,1.));
#2322=DIRECTION('',(0.,-1.,0.));
#2323=DIRECTION('',(0.,-1.,0.));
#2324=DIRECTION('',(-1.,0.,0.));
#2325=DIRECTION('',(0.,1.,0.));
#2326=DIRECTION('',(0.,-1.,0.));
#2327=DIRECTION('',(0.990573821234212,0.,-0.136979942639247));
#2328=DIRECTION('',(-0.136979942639247,0.,-0.990573821234212));
#2329=DIRECTION('',(0.,-1.,0.));
#2330=DIRECTION('',(-1.,0.,0.));
#2331=DIRECTION('',(0.,-1.,0.));
#2332=DIRECTION('',(-1.,0.,0.));
#2333=DIRECTION('',(0.,-1.,0.));
#2334=DIRECTION('',(-1.,0.,0.));
#2335=DIRECTION('',(0.,-1.,0.));
#2336=DIRECTION('',(-1.,0.,0.));
#2337=DIRECTION('',(0.,-1.,0.));
#2338=DIRECTION('',(-1.,0.,0.));
#2339=DIRECTION('',(0.,-1.,0.));
#2340=DIRECTION('',(-1.,0.,0.));
#2341=DIRECTION('',(0.,-1.,0.));
#2342=DIRECTION('',(-1.,0.,0.));
#2343=DIRECTION('',(0.,-1.,0.));
#2344=DIRECTION('',(-1.,0.,0.));
#2345=DIRECTION('',(0.,-1.,0.));
#2346=DIRECTION('',(-1.,0.,0.));
#2347=DIRECTION('',(0.,-1.,0.));
#2348=DIRECTION('',(-1.,0.,0.));
#2349=DIRECTION('',(0.,-1.,0.));
#2350=DIRECTION('',(-1.,0.,0.));
#2351=DIRECTION('',(0.,-1.,0.));
#2352=DIRECTION('',(-1.,0.,0.));
#2353=DIRECTION('',(0.,-1.,0.));
#2354=DIRECTION('',(-1.,0.,0.));
#2355=DIRECTION('',(0.,0.,1.));
#2356=DIRECTION('',(0.,-1.,0.));
#2357=DIRECTION('',(0.,-1.,0.));
#2358=DIRECTION('',(0.,-1.,0.));
#2359=DIRECTION('',(-0.027859862231291,0.,0.999611838703631));
#2360=DIRECTION('',(0.999611838703631,0.,0.027859862231291));
#2361=DIRECTION('',(0.,-1.,0.));
#2362=DIRECTION('',(0.,0.,1.));
#2363=DIRECTION('',(0.,-1.,0.));
#2364=DIRECTION('',(0.,-1.,0.));
#2365=DIRECTION('',(-1.,0.,0.));
#2366=DIRECTION('',(0.,1.,0.));
#2367=DIRECTION('',(0.,-1.,0.));
#2368=DIRECTION('',(0.,0.,1.));
#2369=DIRECTION('',(0.,-1.,0.));
#2370=DIRECTION('',(0.,-1.,0.));
#2371=DIRECTION('',(0.,-1.,0.));
#2372=DIRECTION('',(-1.,0.,0.));
#2373=DIRECTION('',(0.,-1.,0.));
#2374=DIRECTION('',(0.,0.,1.));
#2375=DIRECTION('',(0.,-1.,0.));
#2376=DIRECTION('',(0.,-1.,0.));
#2377=DIRECTION('',(-1.,0.,0.));
#2378=DIRECTION('',(0.,1.,0.));
#2379=DIRECTION('',(0.,-1.,0.));
#2380=DIRECTION('',(0.,0.,1.));
#2381=DIRECTION('',(0.,-1.,0.));
#2382=DIRECTION('',(0.,-1.,0.));
#2383=DIRECTION('',(-1.,0.,0.));
#2384=DIRECTION('',(0.,1.,0.));
#2385=DIRECTION('',(0.,-1.,0.));
#2386=DIRECTION('',(0.,0.,1.));
#2387=DIRECTION('',(0.,-1.,0.));
#2388=DIRECTION('',(0.,-1.,0.));
#2389=DIRECTION('',(0.,-1.,0.));
#2390=DIRECTION('',(-1.,0.,0.));
#2391=DIRECTION('',(0.,-1.,0.));
#2392=DIRECTION('',(-1.,0.,0.));
#2393=DIRECTION('',(0.,-1.,0.));
#2394=DIRECTION('',(0.,-1.,0.));
#2395=DIRECTION('',(9.88572236051112E-17,0.,1.));
#2396=DIRECTION('',(1.,0.,-9.88572236051112E-17));
#2397=DIRECTION('',(0.,-1.,0.));
#2398=DIRECTION('',(0.197084654765537,0.,0.980386474231437));
#2399=DIRECTION('',(0.980386474231438,0.,-0.197084654765538));
#2400=DIRECTION('',(0.,-1.,0.));
#2401=DIRECTION('',(-1.,0.,0.));
#2402=DIRECTION('',(0.,1.,0.));
#2403=DIRECTION('',(0.,-1.,0.));
#2404=DIRECTION('',(0.,0.,-1.));
#2405=DIRECTION('',(0.,1.,0.));
#2406=DIRECTION('',(0.,-1.,0.));
#2407=DIRECTION('',(0.,-1.,0.));
#2408=DIRECTION('',(-1.,0.,0.));
#2409=DIRECTION('',(0.,-1.,0.));
#2410=DIRECTION('',(0.,0.,1.));
#2411=DIRECTION('',(0.,-1.,0.));
#2412=DIRECTION('',(0.,-1.,0.));
#2413=DIRECTION('',(-0.24353427704253,0.,-0.969892290878411));
#2414=DIRECTION('',(-0.969892290878411,0.,0.24353427704253));
#2415=DIRECTION('',(0.,-1.,0.));
#2416=DIRECTION('',(-1.,0.,0.));
#2417=DIRECTION('',(0.,1.,0.));
#2418=DIRECTION('',(0.,-1.,0.));
#2419=DIRECTION('',(2.38468862387848E-16,0.,1.));
#2420=DIRECTION('',(1.,0.,-2.38468862387848E-16));
#2421=DIRECTION('',(1.,0.,0.));
#2422=DIRECTION('',(0.,-1.,0.));
#2423=DIRECTION('',(0.,0.,1.));
#2424=DIRECTION('',(0.,-1.,0.));
#2425=DIRECTION('',(0.,-1.,0.));
#2426=DIRECTION('',(0.,0.,-1.));
#2427=DIRECTION('',(0.,1.,0.));
#2428=DIRECTION('',(1.,0.,0.));
#2429=DIRECTION('',(0.,-1.,0.));
#2430=DIRECTION('',(1.,0.,0.));
#2431=DIRECTION('',(0.,-1.,0.));
#2432=DIRECTION('',(0.,0.,1.));
#2433=DIRECTION('',(0.,-1.,0.));
#2434=DIRECTION('',(0.00903614001636073,0.,-0.999959173253391));
#2435=DIRECTION('',(-0.999959173253391,0.,-0.00903614001636073));
#2436=DIRECTION('',(0.999959173253391,0.,0.00903614001636073));
#2437=DIRECTION('',(0.,-1.,0.));
#2438=DIRECTION('',(0.,0.,-1.));
#2439=DIRECTION('',(0.,1.,0.));
#2440=DIRECTION('',(1.,0.,0.));
#2441=DIRECTION('',(0.,-1.,0.));
#2442=DIRECTION('',(0.,-1.,0.));
#2443=DIRECTION('',(-1.,0.,0.));
#2444=DIRECTION('',(0.,1.,0.));
#2445=DIRECTION('',(1.,0.,0.));
#2446=DIRECTION('',(0.,-1.,0.));
#2447=DIRECTION('',(0.,0.,-1.));
#2448=DIRECTION('',(0.,1.,0.));
#2449=DIRECTION('',(1.,0.,0.));
#2450=DIRECTION('',(0.,-1.,0.));
#2451=DIRECTION('',(-1.,0.,0.));
#2452=DIRECTION('',(0.,1.,0.));
#2453=DIRECTION('',(0.,0.,-1.));
#2454=DIRECTION('',(0.,-1.,0.));
#2455=DIRECTION('',(0.,0.,1.));
#2456=DIRECTION('',(0.,-1.,0.));
#2457=DIRECTION('',(-1.,0.,0.));
#2458=DIRECTION('',(0.,-1.,0.));
#2459=DIRECTION('',(0.,-1.,0.));
#2460=DIRECTION('',(-1.,0.,0.));
#2461=DIRECTION('',(0.,1.,0.));
#2462=DIRECTION('',(1.,0.,0.));
#2463=DIRECTION('',(0.,-1.,0.));
#2464=DIRECTION('',(1.,0.,0.));
#2465=DIRECTION('',(0.,-1.,0.));
#2466=DIRECTION('',(0.,0.,1.));
#2467=DIRECTION('',(0.,-1.,0.));
#2468=DIRECTION('',(-1.,0.,0.));
#2469=DIRECTION('',(0.,1.,0.));
#2470=DIRECTION('',(0.,0.,-1.));
#2471=DIRECTION('',(0.,-1.,0.));
#2472=DIRECTION('',(0.,-1.,0.));
#2473=DIRECTION('',(1.32914577656066E-16,0.,1.));
#2474=DIRECTION('',(1.,0.,-1.32914577656066E-16));
#2475=DIRECTION('',(-1.,0.,1.32914577656066E-16));
#2476=DIRECTION('',(0.,-1.,0.));
#2477=DIRECTION('',(0.,-1.,0.));
#2478=DIRECTION('',(-1.,0.,0.));
#2479=DIRECTION('',(0.,1.,0.));
#2480=DIRECTION('',(1.,0.,0.));
#2481=DIRECTION('',(0.,-1.,0.));
#2482=DIRECTION('',(0.,-1.,0.));
#2483=DIRECTION('',(-1.,0.,0.));
#2484=DIRECTION('',(0.,1.,0.));
#2485=DIRECTION('',(1.,0.,0.));
#2486=DIRECTION('',(0.,-1.,0.));
#2487=DIRECTION('',(0.,-1.,0.));
#2488=DIRECTION('',(0.,0.,-1.));
#2489=DIRECTION('',(0.,1.,0.));
#2490=DIRECTION('',(1.,0.,0.));
#2491=DIRECTION('',(0.,-1.,0.));
#2492=DIRECTION('',(0.,-1.,0.));
#2493=DIRECTION('',(0.,-1.,0.));
#2494=DIRECTION('',(-1.,0.,0.));
#2495=DIRECTION('',(0.,1.,0.));
#2496=DIRECTION('',(1.,0.,0.));
#2497=DIRECTION('',(0.,-1.,0.));
#2498=DIRECTION('',(0.,0.,-1.));
#2499=DIRECTION('',(0.,1.,0.));
#2500=DIRECTION('',(1.,0.,0.));
#2501=DIRECTION('',(0.,-1.,0.));
#2502=DIRECTION('',(-1.,0.,0.));
#2503=DIRECTION('',(0.,1.,0.));
#2504=DIRECTION('',(0.,0.,-1.));
#2505=DIRECTION('',(0.,-1.,0.));
#2506=DIRECTION('',(0.,-1.,0.));
#2507=DIRECTION('',(1.,0.,0.));
#2508=DIRECTION('',(0.,-1.,0.));
#2509=DIRECTION('',(1.,0.,0.));
#2510=DIRECTION('',(1.,0.,0.));
#2511=DIRECTION('',(-1.,0.,1.23455418843615E-16));
#2512=DIRECTION('',(0.,-1.,0.));
#2513=DIRECTION('',(1.,0.,0.));
#2514=DIRECTION('',(0.999497308495318,0.,0.0317037901616761));
#2515=DIRECTION('',(-1.,0.,0.));
#2516=DIRECTION('',(0.,0.,1.));
#2517=DIRECTION('',(0.,-1.,0.));
#2518=DIRECTION('',(0.0317037901616761,0.,-0.999497308495318));
#2519=DIRECTION('',(-0.999497308495318,0.,-0.0317037901616761));
#2520=DIRECTION('',(0.,-1.,0.));
#2521=DIRECTION('',(1.,0.,0.));
#2522=DIRECTION('',(-1.,0.,0.));
#2523=DIRECTION('',(-1.,0.,0.));
#2524=DIRECTION('',(0.,0.,1.));
#2525=DIRECTION('',(0.,-1.,0.));
#2526=DIRECTION('',(0.,0.,1.));
#2527=DIRECTION('',(0.,-1.,0.));
#2528=DIRECTION('',(1.23455418843615E-16,0.,1.));
#2529=DIRECTION('',(1.,0.,-1.23455418843615E-16));
#2530=DIRECTION('',(0.,0.,-1.));
#2531=DIRECTION('',(0.,1.,0.));
#2532=DIRECTION('',(0.,-1.,0.));
#2533=DIRECTION('',(1.,0.,0.));
#2534=DIRECTION('',(-1.,0.,0.));
#2535=DIRECTION('',(1.,0.,0.));
#2536=DIRECTION('',(0.,0.,-1.));
#2537=DIRECTION('',(0.,1.,0.));
#2538=DIRECTION('',(0.,0.,1.));
#2539=DIRECTION('',(0.,-1.,0.));
#2540=DIRECTION('',(-1.,0.,-4.62592926927149E-17));
#2541=DIRECTION('',(-4.62592926927149E-17,0.,1.));
#2542=DIRECTION('',(1.,0.,4.62592926927149E-17));
#2543=DIRECTION('',(4.62592926927149E-17,0.,-1.));
#2544=DIRECTION('',(1.,0.,4.62592926927149E-17));
#2545=DIRECTION('',(4.62592926927149E-17,0.,-1.));
#2546=DIRECTION('',(-1.,0.,-4.62592926927149E-17));
#2547=DIRECTION('',(-4.62592926927149E-17,0.,1.));
#2548=DIRECTION('',(1.,0.,4.62592926927149E-17));
#2549=DIRECTION('',(4.62592926927149E-17,0.,-1.));
#2550=DIRECTION('',(1.,0.,4.62592926927149E-17));
#2551=DIRECTION('',(4.62592926927149E-17,0.,-1.));
#2552=DIRECTION('',(-1.,0.,-4.62592926927149E-17));
#2553=DIRECTION('',(-4.62592926927149E-17,0.,1.));
#2554=DIRECTION('',(1.,0.,4.62592926927149E-17));
#2555=DIRECTION('',(4.62592926927149E-17,0.,-1.));
#2556=DIRECTION('',(1.,0.,4.62592926927149E-17));
#2557=DIRECTION('',(4.62592926927149E-17,0.,-1.));
#2558=DIRECTION('',(0.,1.,0.));
#2559=DIRECTION('',(1.,0.,0.));
#2560=DIRECTION('',(0.,1.,0.));
#2561=DIRECTION('',(1.,0.,0.));
#2562=DIRECTION('',(0.,1.,0.));
#2563=DIRECTION('',(1.,0.,0.));
#2564=DIRECTION('',(0.,1.,0.));
#2565=DIRECTION('',(1.,0.,0.));
#2566=DIRECTION('',(0.,1.,0.));
#2567=DIRECTION('',(1.,0.,0.));
#2568=DIRECTION('',(0.,1.,0.));
#2569=DIRECTION('',(1.,0.,0.));
#2570=DIRECTION('',(0.,1.,0.));
#2571=DIRECTION('',(1.,0.,0.));
#2572=CARTESIAN_POINT('',(0.,0.,0.));
#2573=CARTESIAN_POINT('',(-0.0715,0.0035,-0.0393));
#2574=CARTESIAN_POINT('',(-0.0715,0.0035,-0.0043));
#2575=CARTESIAN_POINT('',(-0.0715,0.0035,-0.0043));
#2576=CARTESIAN_POINT('',(-0.0715,-0.002,-0.0043));
#2577=CARTESIAN_POINT('',(-0.0715,0.0035,-0.0393));
#2578=CARTESIAN_POINT('',(-0.0715,0.0035,-0.0743));
#2579=CARTESIAN_POINT('',(-0.0715,0.0035,-0.0743));
#2580=CARTESIAN_POINT('',(-0.0715,-0.002,-0.0743));
#2581=CARTESIAN_POINT('',(-0.0715,-0.002,-0.0393));
#2582=CARTESIAN_POINT('',(0.0035,0.0035,-0.0743));
#2583=CARTESIAN_POINT('',(0.0035,0.0035,-0.0743));
#2584=CARTESIAN_POINT('',(0.0035,0.0035,-0.0743));
#2585=CARTESIAN_POINT('',(0.0035,0.0035,-0.0743));
#2586=CARTESIAN_POINT('',(0.0035,-0.002,-0.0743));
#2587=CARTESIAN_POINT('',(0.0035,-0.002,-0.0743));
#2588=CARTESIAN_POINT('',(0.0035,0.0035,-0.0043));
#2589=CARTESIAN_POINT('',(0.0035,0.0035,-0.0043));
#2590=CARTESIAN_POINT('',(0.0035,0.0035,-0.0043));
#2591=CARTESIAN_POINT('',(0.0035,-0.002,-0.0043));
#2592=CARTESIAN_POINT('',(0.0035,0.0035,-0.0043));
#2593=CARTESIAN_POINT('',(0.0035,-0.002,-0.0043));
#2594=CARTESIAN_POINT('',(0.0035,0.0035,-0.0743));
#2595=CARTESIAN_POINT('',(0.0035,0.0005,-0.0713104348142247));
#2596=CARTESIAN_POINT('',(0.0035,0.0005,-0.0733104348142247));
#2597=CARTESIAN_POINT('',(0.0035,0.0005,-0.0493104348142247));
#2598=CARTESIAN_POINT('',(0.0035,0.0005,-0.0513104348142247));
#2599=CARTESIAN_POINT('',(0.0035,0.0005,-0.0061));
#2600=CARTESIAN_POINT('',(0.0035,0.0005,-0.0071));
#2601=CARTESIAN_POINT('',(0.0035,0.0035,-0.0743));
#2602=CARTESIAN_POINT('',(0.0035,0.0035,-0.00774327545395233));
#2603=CARTESIAN_POINT('',(0.0035,-0.002,-0.0393));
#2604=CARTESIAN_POINT('',(0.0035,0.0035,-0.0393));
#2605=CARTESIAN_POINT('',(0.0035,0.0035,-0.0596435652965914));
#2606=CARTESIAN_POINT('',(0.0035,0.0035,-0.0596435652965914));
#2607=CARTESIAN_POINT('',(0.0035,0.,-0.0596435652965914));
#2608=CARTESIAN_POINT('',(0.0035,0.,-0.0393));
#2609=CARTESIAN_POINT('',(0.0035,0.,-0.0566429389566061));
#2610=CARTESIAN_POINT('',(0.0035,0.0035,-0.0566429389566061));
#2611=CARTESIAN_POINT('',(0.0035,0.0035,-0.0566429389566061));
#2612=CARTESIAN_POINT('',(0.0035,0.0035,-0.0393));
#2613=CARTESIAN_POINT('',(0.0035,0.0035,-0.0557048017337918));
#2614=CARTESIAN_POINT('',(0.0035,0.0035,-0.0557048017337918));
#2615=CARTESIAN_POINT('',(0.0035,0.,-0.0557048017337918));
#2616=CARTESIAN_POINT('',(0.0035,0.,-0.0393));
#2617=CARTESIAN_POINT('',(0.0035,0.,-0.0542048017337918));
#2618=CARTESIAN_POINT('',(0.0035,0.0035,-0.0542048017337918));
#2619=CARTESIAN_POINT('',(0.0035,0.0035,-0.0542048017337918));
#2620=CARTESIAN_POINT('',(0.0035,0.0035,-0.0393));
#2621=CARTESIAN_POINT('',(0.0035,0.0035,-0.03755));
#2622=CARTESIAN_POINT('',(0.0035,0.0035,-0.03755));
#2623=CARTESIAN_POINT('',(0.0035,0.,-0.03755));
#2624=CARTESIAN_POINT('',(0.0035,0.,-0.0393));
#2625=CARTESIAN_POINT('',(0.0035,0.,-0.0104864822166646));
#2626=CARTESIAN_POINT('',(0.0035,0.0035,-0.0104864822166646));
#2627=CARTESIAN_POINT('',(0.0035,0.0035,-0.0104864822166646));
#2628=CARTESIAN_POINT('',(0.0035,0.0035,-0.0743));
#2629=CARTESIAN_POINT('',(0.0035,0.0035,-0.00924327545395233));
#2630=CARTESIAN_POINT('',(0.0035,0.0035,-0.00924327545395233));
#2631=CARTESIAN_POINT('',(0.0035,0.,-0.00924327545395233));
#2632=CARTESIAN_POINT('',(0.0035,0.,-0.0393));
#2633=CARTESIAN_POINT('',(0.0035,0.,-0.00774327545395233));
#2634=CARTESIAN_POINT('',(0.0035,0.0035,-0.00774327545395233));
#2635=CARTESIAN_POINT('',(-0.0015,0.0005,-0.0653));
#2636=CARTESIAN_POINT('',(-0.0015,0.0005,-0.0653));
#2637=CARTESIAN_POINT('',(0.0015,0.0005,-0.0653));
#2638=CARTESIAN_POINT('',(-0.0015,0.0035,-0.0653));
#2639=CARTESIAN_POINT('',(0.0015,0.0035,-0.0653));
#2640=CARTESIAN_POINT('',(0.0035,0.0035,-0.0393));
#2641=CARTESIAN_POINT('',(-0.0193263504654169,0.0035,-0.0527558396950364));
#2642=CARTESIAN_POINT('',(-0.0197013504654169,0.0035,-0.0526616793900728));
#2643=CARTESIAN_POINT('',(-0.0189513504654169,0.0035,-0.05285));
#2644=CARTESIAN_POINT('',(-0.0175013504654169,0.0035,-0.05285));
#2645=CARTESIAN_POINT('',(-0.00830143782776613,0.0035,-0.05285));
#2646=CARTESIAN_POINT('',(-0.00764,0.0035,-0.0521));
#2647=CARTESIAN_POINT('',(-0.00830143782776617,0.0035,-0.05135));
#2648=CARTESIAN_POINT('',(-0.00942071891388308,0.0035,-0.05135));
#2649=CARTESIAN_POINT('',(-0.0182013504654169,0.0035,-0.05135));
#2650=CARTESIAN_POINT('',(-0.0182013504654169,0.0035,-0.04665));
#2651=CARTESIAN_POINT('',(-0.0182013504654169,0.0035,-0.0413508249290288));
#2652=CARTESIAN_POINT('',(-0.0185764855071902,0.0035,-0.0412754124645144));
#2653=CARTESIAN_POINT('',(-0.0189516205489635,0.0035,-0.0412));
#2654=CARTESIAN_POINT('',(-0.0211450913605987,0.0035,-0.0412));
#2655=CARTESIAN_POINT('',(-0.0233385621722339,0.0035,-0.0412));
#2656=CARTESIAN_POINT('',(-0.024,0.0035,-0.04195));
#2657=CARTESIAN_POINT('',(-0.0233385621722339,0.0035,-0.0427));
#2658=CARTESIAN_POINT('',(-0.0215199563188254,0.0035,-0.0427));
#2659=CARTESIAN_POINT('',(-0.0197013504654169,0.0035,-0.0427));
#2660=CARTESIAN_POINT('',(-0.0197013504654169,0.0035,-0.0474));
#2661=CARTESIAN_POINT('',(-0.0177260546300152,0.0035,-0.0385458653319627));
#2662=CARTESIAN_POINT('',(-0.0177260546300152,0.0035,-0.0385417306639254));
#2663=CARTESIAN_POINT('',(-0.0177260546300152,0.0035,-0.03855));
#2664=CARTESIAN_POINT('',(-0.0205630273150075,0.0035,-0.03855));
#2665=CARTESIAN_POINT('',(-0.0234,0.0035,-0.03855));
#2666=CARTESIAN_POINT('',(-0.024,0.0035,-0.03935));
#2667=CARTESIAN_POINT('',(-0.0232858571571457,0.0035,-0.04005));
#2668=CARTESIAN_POINT('',(-0.0205059558935804,0.0035,-0.04005));
#2669=CARTESIAN_POINT('',(-0.0177260546300152,0.0035,-0.04005));
#2670=CARTESIAN_POINT('',(-0.0177260546300152,0.0035,-0.0452041346680373));
#2671=CARTESIAN_POINT('',(-0.0177260546300152,0.0035,-0.0503582693360746));
#2672=CARTESIAN_POINT('',(-0.0169760546300152,0.0035,-0.0503582693360746));
#2673=CARTESIAN_POINT('',(-0.0162260546300152,0.0035,-0.0503582693360746));
#2674=CARTESIAN_POINT('',(-0.015180702759823,0.0035,-0.0503291346680373));
#2675=CARTESIAN_POINT('',(-0.0141353508896308,0.0035,-0.0503));
#2676=CARTESIAN_POINT('',(-0.0122289830181339,0.0035,-0.0503));
#2677=CARTESIAN_POINT('',(-0.00814334923401878,0.0035,-0.0503));
#2678=CARTESIAN_POINT('',(-0.00748191140625265,0.0035,-0.04955));
#2679=CARTESIAN_POINT('',(-0.00814334923401881,0.0035,-0.0488));
#2680=CARTESIAN_POINT('',(-0.00923298219032788,0.0035,-0.0488));
#2681=CARTESIAN_POINT('',(-0.0162260546300152,0.0035,-0.0488));
#2682=CARTESIAN_POINT('',(-0.0162260546300152,0.0035,-0.0436708653319627));
#2683=CARTESIAN_POINT('',(-0.0162260546300152,0.0035,-0.0385417306639254));
#2684=CARTESIAN_POINT('',(-0.0169760546300152,0.0035,-0.0385417306639254));
#2685=CARTESIAN_POINT('',(-0.026605026935528,0.0035,-0.036));
#2686=CARTESIAN_POINT('',(-0.0285486160432898,0.0035,-0.036));
#2687=CARTESIAN_POINT('',(-0.0246614378277662,0.0035,-0.036));
#2688=CARTESIAN_POINT('',(-0.0285486160432898,0.0035,-0.0265636695391236));
#2689=CARTESIAN_POINT('',(-0.0285486160432898,0.0035,-0.0171273390782471));
#2690=CARTESIAN_POINT('',(-0.0274736160432899,0.0035,-0.0171273390782471));
#2691=CARTESIAN_POINT('',(-0.00847753957921664,0.0035,-0.0171273390782471));
#2692=CARTESIAN_POINT('',(-0.00781610175145052,0.0035,-0.0163773390782471));
#2693=CARTESIAN_POINT('',(-0.00706610175145051,0.0035,-0.0157159012504809));
#2694=CARTESIAN_POINT('',(-0.00706610175145051,0.0035,-0.0124795883522166));
#2695=CARTESIAN_POINT('',(-0.00706610175145051,0.0035,-0.00924327545395233));
#2696=CARTESIAN_POINT('',(0.00772464171643221,0.0035,-0.00924327545395233));
#2697=CARTESIAN_POINT('',(0.0130076925921575,0.0035,-0.0104864822166646));
#2698=CARTESIAN_POINT('',(0.00275,0.0035,-0.0104864822166646));
#2699=CARTESIAN_POINT('',(0.00275,0.0035,-0.0108614822166646));
#2700=CARTESIAN_POINT('',(0.00275,0.0035,-0.03605));
#2701=CARTESIAN_POINT('',(-0.00214428108611694,0.0035,-0.03605));
#2702=CARTESIAN_POINT('',(-0.00703856217223386,0.0035,-0.03605));
#2703=CARTESIAN_POINT('',(-0.0077,0.0035,-0.0368));
#2704=CARTESIAN_POINT('',(-0.00703856217223386,0.0035,-0.03755));
#2705=CARTESIAN_POINT('',(-0.00176928108611693,0.0035,-0.03755));
#2706=CARTESIAN_POINT('',(-0.00100101631980157,0.0035,-0.0542048017337918));
#2707=CARTESIAN_POINT('',(-0.00699569733140356,0.0035,-0.0542048017337918));
#2708=CARTESIAN_POINT('',(-0.00765713515916971,0.0035,-0.0549548017337918));
#2709=CARTESIAN_POINT('',(-0.00699569733140358,0.0035,-0.0557048017337918));
#2710=CARTESIAN_POINT('',(-0.00174784866570178,0.0035,-0.0557048017337918));
#2711=CARTESIAN_POINT('',(0.00386512696705505,0.0035,-0.0566313572258226));
#2712=CARTESIAN_POINT('',(0.00348025393411011,0.0035,-0.0566435652965914));
#2713=CARTESIAN_POINT('',(-0.00173902715200675,0.0035,-0.0566435652965914));
#2714=CARTESIAN_POINT('',(-0.00695830823812375,0.0035,-0.0566435652965914));
#2715=CARTESIAN_POINT('',(-0.00761974606588991,0.0035,-0.0573935652965914));
#2716=CARTESIAN_POINT('',(-0.00695830823812378,0.0035,-0.0581435652965914));
#2717=CARTESIAN_POINT('',(-0.00210415411906189,0.0035,-0.0581435652965914));
#2718=CARTESIAN_POINT('',(0.00275,0.0035,-0.0581435652965914));
#2719=CARTESIAN_POINT('',(0.00275,0.0035,-0.0585185652965914));
#2720=CARTESIAN_POINT('',(0.00275,0.0035,-0.0596435652965914));
#2721=CARTESIAN_POINT('',(0.003125,0.0035,-0.0596435652965914));
#2722=CARTESIAN_POINT('',(0.0236403851843149,0.0035,-0.00774327545395233));
#2723=CARTESIAN_POINT('',(-0.00856610175145051,0.0035,-0.00774327545395233));
#2724=CARTESIAN_POINT('',(-0.00856610175145051,0.0035,-0.00811827545395232));
#2725=CARTESIAN_POINT('',(-0.00856610175145051,0.0035,-0.0156273390782471));
#2726=CARTESIAN_POINT('',(-0.00964110175145051,0.0035,-0.0156273390782471));
#2727=CARTESIAN_POINT('',(-0.0300486160432899,0.0035,-0.0156273390782471));
#2728=CARTESIAN_POINT('',(-0.0300486160432899,0.0035,-0.016002339078247));
#2729=CARTESIAN_POINT('',(-0.0300486160432899,0.0035,-0.0375067773817107));
#2730=CARTESIAN_POINT('',(-0.0296736160432899,0.0035,-0.0375033886908554));
#2731=CARTESIAN_POINT('',(-0.0292986160432899,0.0035,-0.0375));
#2732=CARTESIAN_POINT('',(-0.026980026935528,0.0035,-0.0375));
#2733=CARTESIAN_POINT('',(-0.0246614378277662,0.0035,-0.0375));
#2734=CARTESIAN_POINT('',(-0.024,0.0035,-0.03675));
#2735=CARTESIAN_POINT('',(-0.0195781327635049,0.0035,-0.031209822332859));
#2736=CARTESIAN_POINT('',(-0.0195781327635049,0.0035,-0.0290249979574233));
#2737=CARTESIAN_POINT('',(-0.0195781327635049,0.0035,-0.0333946467082947));
#2738=CARTESIAN_POINT('',(-0.0214614074872028,0.0035,-0.0333946467082947));
#2739=CARTESIAN_POINT('',(-0.0233446822109006,0.0035,-0.0333946467082947));
#2740=CARTESIAN_POINT('',(-0.024,0.0035,-0.03415));
#2741=CARTESIAN_POINT('',(-0.0233325411774306,0.0035,-0.0348946467082947));
#2742=CARTESIAN_POINT('',(-0.0210803369704677,0.0035,-0.0348946467082947));
#2743=CARTESIAN_POINT('',(-0.0180937886387109,0.0035,-0.0348946467082947));
#2744=CARTESIAN_POINT('',(-0.018085960701108,0.0035,-0.0345169700624421));
#2745=CARTESIAN_POINT('',(-0.018078132763505,0.0035,-0.0341392934165895));
#2746=CARTESIAN_POINT('',(-0.018078132763505,0.0035,-0.0319571456870064));
#2747=CARTESIAN_POINT('',(-0.018078132763505,0.0035,-0.0297749979574233));
#2748=CARTESIAN_POINT('',(-0.017003132763505,0.0035,-0.0297749979574233));
#2749=CARTESIAN_POINT('',(-0.00839143782776617,0.0035,-0.0297749979574233));
#2750=CARTESIAN_POINT('',(-0.00773,0.0035,-0.0290249979574233));
#2751=CARTESIAN_POINT('',(-0.00839143782776617,0.0035,-0.0282749979574233));
#2752=CARTESIAN_POINT('',(-0.00951071891388309,0.0035,-0.0282749979574233));
#2753=CARTESIAN_POINT('',(-0.018828132763505,0.0035,-0.0282749979574233));
#2754=CARTESIAN_POINT('',(-0.0191535405963659,0.0035,-0.028291370982118));
#2755=CARTESIAN_POINT('',(-0.0194789484292268,0.0035,-0.0283077440068126));
#2756=CARTESIAN_POINT('',(-0.0195285405963659,0.0035,-0.028666370982118));
#2757=CARTESIAN_POINT('',(-0.024,0.0035,-0.04455));
#2758=CARTESIAN_POINT('',(-0.023,0.0035,-0.04455));
#2759=CARTESIAN_POINT('',(-0.00777,0.0035,-0.01895));
#2760=CARTESIAN_POINT('',(-0.00677,0.0035,-0.01895));
#2761=CARTESIAN_POINT('',(-0.00776,0.0035,-0.0215));
#2762=CARTESIAN_POINT('',(-0.00676,0.0035,-0.0215));
#2763=CARTESIAN_POINT('',(-0.00775,0.0035,-0.02405));
#2764=CARTESIAN_POINT('',(-0.00675,0.0035,-0.02405));
#2765=CARTESIAN_POINT('',(-0.00774,0.0035,-0.0266));
#2766=CARTESIAN_POINT('',(-0.00674,0.0035,-0.0266));
#2767=CARTESIAN_POINT('',(-0.00772,0.0035,-0.0317));
#2768=CARTESIAN_POINT('',(-0.00672,0.0035,-0.0317));
#2769=CARTESIAN_POINT('',(-0.00771,0.0035,-0.03425));
#2770=CARTESIAN_POINT('',(-0.00671,0.0035,-0.03425));
#2771=CARTESIAN_POINT('',(-0.00769,0.0035,-0.03935));
#2772=CARTESIAN_POINT('',(-0.00669,0.0035,-0.03935));
#2773=CARTESIAN_POINT('',(-0.00768,0.0035,-0.0419));
#2774=CARTESIAN_POINT('',(-0.00668,0.0035,-0.0419));
#2775=CARTESIAN_POINT('',(-0.00767,0.0035,-0.04445));
#2776=CARTESIAN_POINT('',(-0.00667,0.0035,-0.04445));
#2777=CARTESIAN_POINT('',(-0.00766,0.0035,-0.047));
#2778=CARTESIAN_POINT('',(-0.00666,0.0035,-0.047));
#2779=CARTESIAN_POINT('',(-0.00761,0.0035,-0.05975));
#2780=CARTESIAN_POINT('',(-0.00661,0.0035,-0.05975));
#2781=CARTESIAN_POINT('',(-0.0076,0.0035,-0.0623));
#2782=CARTESIAN_POINT('',(-0.0066,0.0035,-0.0623));
#2783=CARTESIAN_POINT('',(-0.0665,0.0035,-0.0693));
#2784=CARTESIAN_POINT('',(-0.0635,0.0035,-0.0693));
#2785=CARTESIAN_POINT('',(-0.0665,0.0035,-0.0093));
#2786=CARTESIAN_POINT('',(-0.0635,0.0035,-0.0093));
#2787=CARTESIAN_POINT('',(0.0035,0.,-0.0393));
#2788=CARTESIAN_POINT('',(-0.0195285405963659,0.,-0.028666370982118));
#2789=CARTESIAN_POINT('',(-0.0195781327635049,0.,-0.0290249979574233));
#2790=CARTESIAN_POINT('',(-0.0194789484292268,0.,-0.0283077440068126));
#2791=CARTESIAN_POINT('',(-0.0191535405963659,0.,-0.028291370982118));
#2792=CARTESIAN_POINT('',(-0.018828132763505,0.,-0.0282749979574233));
#2793=CARTESIAN_POINT('',(-0.00951071891388309,0.,-0.0282749979574233));
#2794=CARTESIAN_POINT('',(-0.00839143782776617,0.,-0.0282749979574233));
#2795=CARTESIAN_POINT('',(-0.00773,0.,-0.0290249979574233));
#2796=CARTESIAN_POINT('',(-0.00839143782776617,0.,-0.0297749979574233));
#2797=CARTESIAN_POINT('',(-0.017003132763505,0.,-0.0297749979574233));
#2798=CARTESIAN_POINT('',(-0.018078132763505,0.,-0.0297749979574233));
#2799=CARTESIAN_POINT('',(-0.018078132763505,0.,-0.0319571456870064));
#2800=CARTESIAN_POINT('',(-0.018078132763505,0.,-0.0341392934165895));
#2801=CARTESIAN_POINT('',(-0.018085960701108,0.,-0.0345169700624421));
#2802=CARTESIAN_POINT('',(-0.0180937886387109,0.,-0.0348946467082947));
#2803=CARTESIAN_POINT('',(-0.0210803369704677,0.,-0.0348946467082947));
#2804=CARTESIAN_POINT('',(-0.0233325411774306,0.,-0.0348946467082947));
#2805=CARTESIAN_POINT('',(-0.024,0.,-0.03415));
#2806=CARTESIAN_POINT('',(-0.0233446822109006,0.,-0.0333946467082947));
#2807=CARTESIAN_POINT('',(-0.0214614074872028,0.,-0.0333946467082947));
#2808=CARTESIAN_POINT('',(-0.0195781327635049,0.,-0.0333946467082947));
#2809=CARTESIAN_POINT('',(-0.0195781327635049,0.,-0.031209822332859));
#2810=CARTESIAN_POINT('',(0.0035,0.,-0.0393));
#2811=CARTESIAN_POINT('',(-0.0076,0.,-0.0623));
#2812=CARTESIAN_POINT('',(-0.0066,0.,-0.0623));
#2813=CARTESIAN_POINT('',(0.0035,0.,-0.0393));
#2814=CARTESIAN_POINT('',(-0.00761,0.,-0.05975));
#2815=CARTESIAN_POINT('',(-0.00661,0.,-0.05975));
#2816=CARTESIAN_POINT('',(0.0035,0.,-0.0393));
#2817=CARTESIAN_POINT('',(-0.00766,0.,-0.047));
#2818=CARTESIAN_POINT('',(-0.00666,0.,-0.047));
#2819=CARTESIAN_POINT('',(0.0035,0.,-0.0393));
#2820=CARTESIAN_POINT('',(-0.00767,0.,-0.04445));
#2821=CARTESIAN_POINT('',(-0.00667,0.,-0.04445));
#2822=CARTESIAN_POINT('',(0.0035,0.,-0.0393));
#2823=CARTESIAN_POINT('',(-0.00768,0.,-0.0419));
#2824=CARTESIAN_POINT('',(-0.00668,0.,-0.0419));
#2825=CARTESIAN_POINT('',(0.0035,0.,-0.0393));
#2826=CARTESIAN_POINT('',(-0.00769,0.,-0.03935));
#2827=CARTESIAN_POINT('',(-0.00669,0.,-0.03935));
#2828=CARTESIAN_POINT('',(0.0035,0.,-0.0393));
#2829=CARTESIAN_POINT('',(-0.00771,0.,-0.03425));
#2830=CARTESIAN_POINT('',(-0.00671,0.,-0.03425));
#2831=CARTESIAN_POINT('',(0.0035,0.,-0.0393));
#2832=CARTESIAN_POINT('',(-0.00772,0.,-0.0317));
#2833=CARTESIAN_POINT('',(-0.00672,0.,-0.0317));
#2834=CARTESIAN_POINT('',(0.0035,0.,-0.0393));
#2835=CARTESIAN_POINT('',(-0.00774,0.,-0.0266));
#2836=CARTESIAN_POINT('',(-0.00674,0.,-0.0266));
#2837=CARTESIAN_POINT('',(0.0035,0.,-0.0393));
#2838=CARTESIAN_POINT('',(-0.00775,0.,-0.02405));
#2839=CARTESIAN_POINT('',(-0.00675,0.,-0.02405));
#2840=CARTESIAN_POINT('',(0.0035,0.,-0.0393));
#2841=CARTESIAN_POINT('',(-0.00776,0.,-0.0215));
#2842=CARTESIAN_POINT('',(-0.00676,0.,-0.0215));
#2843=CARTESIAN_POINT('',(0.0035,0.,-0.0393));
#2844=CARTESIAN_POINT('',(-0.00777,0.,-0.01895));
#2845=CARTESIAN_POINT('',(-0.00677,0.,-0.01895));
#2846=CARTESIAN_POINT('',(0.0035,0.,-0.0393));
#2847=CARTESIAN_POINT('',(-0.024,0.,-0.04455));
#2848=CARTESIAN_POINT('',(-0.023,0.,-0.04455));
#2849=CARTESIAN_POINT('',(0.0035,0.,-0.0393));
#2850=CARTESIAN_POINT('',(-0.00748191140625265,0.,-0.04955));
#2851=CARTESIAN_POINT('',(-0.00814334923401881,0.,-0.0488));
#2852=CARTESIAN_POINT('',(-0.00814334923401878,0.,-0.0503));
#2853=CARTESIAN_POINT('',(-0.0122289830181339,0.,-0.0503));
#2854=CARTESIAN_POINT('',(-0.0141353508896308,0.,-0.0503));
#2855=CARTESIAN_POINT('',(-0.015180702759823,0.,-0.0503291346680373));
#2856=CARTESIAN_POINT('',(-0.0162260546300152,0.,-0.0503582693360746));
#2857=CARTESIAN_POINT('',(-0.0169760546300152,0.,-0.0503582693360746));
#2858=CARTESIAN_POINT('',(-0.0177260546300152,0.,-0.0503582693360746));
#2859=CARTESIAN_POINT('',(-0.0177260546300152,0.,-0.0452041346680373));
#2860=CARTESIAN_POINT('',(-0.0177260546300152,0.,-0.04005));
#2861=CARTESIAN_POINT('',(-0.0205059558935804,0.,-0.04005));
#2862=CARTESIAN_POINT('',(-0.0232858571571457,0.,-0.04005));
#2863=CARTESIAN_POINT('',(-0.024,0.,-0.03935));
#2864=CARTESIAN_POINT('',(-0.0234,0.,-0.03855));
#2865=CARTESIAN_POINT('',(-0.0205630273150075,0.,-0.03855));
#2866=CARTESIAN_POINT('',(-0.0177260546300152,0.,-0.03855));
#2867=CARTESIAN_POINT('',(-0.0177260546300152,0.,-0.0385458653319627));
#2868=CARTESIAN_POINT('',(-0.0177260546300152,0.,-0.0385417306639254));
#2869=CARTESIAN_POINT('',(-0.0169760546300152,0.,-0.0385417306639254));
#2870=CARTESIAN_POINT('',(-0.0162260546300152,0.,-0.0385417306639254));
#2871=CARTESIAN_POINT('',(-0.0162260546300152,0.,-0.0436708653319627));
#2872=CARTESIAN_POINT('',(-0.0162260546300152,0.,-0.0488));
#2873=CARTESIAN_POINT('',(-0.00923298219032788,0.,-0.0488));
#2874=CARTESIAN_POINT('',(0.0035,0.,-0.0393));
#2875=CARTESIAN_POINT('',(-0.0215199563188254,0.,-0.0427));
#2876=CARTESIAN_POINT('',(-0.0197013504654169,0.,-0.0427));
#2877=CARTESIAN_POINT('',(-0.0233385621722339,0.,-0.0427));
#2878=CARTESIAN_POINT('',(-0.024,0.,-0.04195));
#2879=CARTESIAN_POINT('',(-0.0233385621722339,0.,-0.0412));
#2880=CARTESIAN_POINT('',(-0.0211450913605987,0.,-0.0412));
#2881=CARTESIAN_POINT('',(-0.0189516205489635,0.,-0.0412));
#2882=CARTESIAN_POINT('',(-0.0185764855071902,0.,-0.0412754124645144));
#2883=CARTESIAN_POINT('',(-0.0182013504654169,0.,-0.0413508249290288));
#2884=CARTESIAN_POINT('',(-0.0182013504654169,0.,-0.04665));
#2885=CARTESIAN_POINT('',(-0.0182013504654169,0.,-0.05135));
#2886=CARTESIAN_POINT('',(-0.00942071891388308,0.,-0.05135));
#2887=CARTESIAN_POINT('',(-0.00830143782776617,0.,-0.05135));
#2888=CARTESIAN_POINT('',(-0.00764,0.,-0.0521));
#2889=CARTESIAN_POINT('',(-0.00830143782776613,0.,-0.05285));
#2890=CARTESIAN_POINT('',(-0.0175013504654169,0.,-0.05285));
#2891=CARTESIAN_POINT('',(-0.0189513504654169,0.,-0.05285));
#2892=CARTESIAN_POINT('',(-0.0193263504654169,0.,-0.0527558396950364));
#2893=CARTESIAN_POINT('',(-0.0197013504654169,0.,-0.0526616793900728));
#2894=CARTESIAN_POINT('',(-0.0197013504654169,0.,-0.0474));
#2895=CARTESIAN_POINT('',(-0.0191535405963659,0.0035,-0.028291370982118));
#2896=CARTESIAN_POINT('',(-0.0194789484292268,0.0035,-0.0283077440068126));
#2897=CARTESIAN_POINT('',(-0.018828132763505,0.0035,-0.0282749979574233));
#2898=CARTESIAN_POINT('',(-0.00951071891388309,0.0035,-0.0282749979574233));
#2899=CARTESIAN_POINT('',(-0.00839143782776617,0.0035,-0.0282749979574233));
#2900=CARTESIAN_POINT('',(-0.00773,0.0035,-0.0290249979574233));
#2901=CARTESIAN_POINT('',(-0.00839143782776617,0.0035,-0.0297749979574233));
#2902=CARTESIAN_POINT('',(-0.017003132763505,0.0035,-0.0297749979574233));
#2903=CARTESIAN_POINT('',(-0.018078132763505,0.0035,-0.0297749979574233));
#2904=CARTESIAN_POINT('',(-0.018078132763505,0.0035,-0.0319571456870064));
#2905=CARTESIAN_POINT('',(-0.018078132763505,0.0035,-0.0341392934165895));
#2906=CARTESIAN_POINT('',(-0.018085960701108,0.0035,-0.0345169700624421));
#2907=CARTESIAN_POINT('',(-0.0180937886387109,0.0035,-0.0348946467082947));
#2908=CARTESIAN_POINT('',(-0.0210803369704677,0.0035,-0.0348946467082947));
#2909=CARTESIAN_POINT('',(-0.0233325411774306,0.0035,-0.0348946467082947));
#2910=CARTESIAN_POINT('',(-0.024,0.0035,-0.03415));
#2911=CARTESIAN_POINT('',(-0.0233446822109006,0.0035,-0.0333946467082947));
#2912=CARTESIAN_POINT('',(-0.0214614074872028,0.0035,-0.0333946467082947));
#2913=CARTESIAN_POINT('',(-0.0195781327635049,0.0035,-0.0333946467082947));
#2914=CARTESIAN_POINT('',(-0.0195781327635049,0.0035,-0.031209822332859));
#2915=CARTESIAN_POINT('',(-0.0195781327635049,0.0035,-0.0290249979574233));
#2916=CARTESIAN_POINT('',(-0.0195285405963659,0.0035,-0.028666370982118));
#2917=CARTESIAN_POINT('',(-0.0076,0.0035,-0.0623));
#2918=CARTESIAN_POINT('',(-0.00761,0.0035,-0.05975));
#2919=CARTESIAN_POINT('',(-0.00766,0.0035,-0.047));
#2920=CARTESIAN_POINT('',(-0.00767,0.0035,-0.04445));
#2921=CARTESIAN_POINT('',(-0.00768,0.0035,-0.0419));
#2922=CARTESIAN_POINT('',(-0.00769,0.0035,-0.03935));
#2923=CARTESIAN_POINT('',(-0.00771,0.0035,-0.03425));
#2924=CARTESIAN_POINT('',(-0.00772,0.0035,-0.0317));
#2925=CARTESIAN_POINT('',(-0.00774,0.0035,-0.0266));
#2926=CARTESIAN_POINT('',(-0.00775,0.0035,-0.02405));
#2927=CARTESIAN_POINT('',(-0.00776,0.0035,-0.0215));
#2928=CARTESIAN_POINT('',(-0.00777,0.0035,-0.01895));
#2929=CARTESIAN_POINT('',(-0.024,0.0035,-0.04455));
#2930=CARTESIAN_POINT('',(-0.0122289830181339,0.0035,-0.0503));
#2931=CARTESIAN_POINT('',(-0.00814334923401878,0.0035,-0.0503));
#2932=CARTESIAN_POINT('',(-0.0141353508896308,0.0035,-0.0503));
#2933=CARTESIAN_POINT('',(-0.015180702759823,0.0035,-0.0503291346680373));
#2934=CARTESIAN_POINT('',(-0.0162260546300152,0.0035,-0.0503582693360746));
#2935=CARTESIAN_POINT('',(-0.0169760546300152,0.0035,-0.0503582693360746));
#2936=CARTESIAN_POINT('',(-0.0177260546300152,0.0035,-0.0503582693360746));
#2937=CARTESIAN_POINT('',(-0.0177260546300152,0.0035,-0.0452041346680373));
#2938=CARTESIAN_POINT('',(-0.0177260546300152,0.0035,-0.04005));
#2939=CARTESIAN_POINT('',(-0.0205059558935804,0.0035,-0.04005));
#2940=CARTESIAN_POINT('',(-0.0232858571571457,0.0035,-0.04005));
#2941=CARTESIAN_POINT('',(-0.024,0.0035,-0.03935));
#2942=CARTESIAN_POINT('',(-0.0234,0.0035,-0.03855));
#2943=CARTESIAN_POINT('',(-0.0205630273150075,0.0035,-0.03855));
#2944=CARTESIAN_POINT('',(-0.0177260546300152,0.0035,-0.03855));
#2945=CARTESIAN_POINT('',(-0.0177260546300152,0.0035,-0.0385458653319627));
#2946=CARTESIAN_POINT('',(-0.0177260546300152,0.0035,-0.0385417306639254));
#2947=CARTESIAN_POINT('',(-0.0169760546300152,0.0035,-0.0385417306639254));
#2948=CARTESIAN_POINT('',(-0.0162260546300152,0.0035,-0.0385417306639254));
#2949=CARTESIAN_POINT('',(-0.0162260546300152,0.0035,-0.0436708653319627));
#2950=CARTESIAN_POINT('',(-0.0162260546300152,0.0035,-0.0488));
#2951=CARTESIAN_POINT('',(-0.00923298219032788,0.0035,-0.0488));
#2952=CARTESIAN_POINT('',(-0.00814334923401881,0.0035,-0.0488));
#2953=CARTESIAN_POINT('',(-0.00748191140625265,0.0035,-0.04955));
#2954=CARTESIAN_POINT('',(-0.024,0.0035,-0.04195));
#2955=CARTESIAN_POINT('',(-0.0233385621722339,0.0035,-0.0427));
#2956=CARTESIAN_POINT('',(-0.0233385621722339,0.0035,-0.0412));
#2957=CARTESIAN_POINT('',(-0.0211450913605987,0.0035,-0.0412));
#2958=CARTESIAN_POINT('',(-0.0189516205489635,0.0035,-0.0412));
#2959=CARTESIAN_POINT('',(-0.0185764855071902,0.0035,-0.0412754124645144));
#2960=CARTESIAN_POINT('',(-0.0182013504654169,0.0035,-0.0413508249290288));
#2961=CARTESIAN_POINT('',(-0.0182013504654169,0.0035,-0.04665));
#2962=CARTESIAN_POINT('',(-0.0182013504654169,0.0035,-0.05135));
#2963=CARTESIAN_POINT('',(-0.00942071891388308,0.0035,-0.05135));
#2964=CARTESIAN_POINT('',(-0.00830143782776617,0.0035,-0.05135));
#2965=CARTESIAN_POINT('',(-0.00764,0.0035,-0.0521));
#2966=CARTESIAN_POINT('',(-0.00830143782776613,0.0035,-0.05285));
#2967=CARTESIAN_POINT('',(-0.0175013504654169,0.0035,-0.05285));
#2968=CARTESIAN_POINT('',(-0.0189513504654169,0.0035,-0.05285));
#2969=CARTESIAN_POINT('',(-0.0193263504654169,0.0035,-0.0527558396950364));
#2970=CARTESIAN_POINT('',(-0.0197013504654169,0.0035,-0.0526616793900728));
#2971=CARTESIAN_POINT('',(-0.0197013504654169,0.0035,-0.0474));
#2972=CARTESIAN_POINT('',(-0.0197013504654169,0.0035,-0.0427));
#2973=CARTESIAN_POINT('',(-0.0215199563188254,0.0035,-0.0427));
#2974=CARTESIAN_POINT('',(-0.00856610175145051,0.0035,-0.00811827545395232));
#2975=CARTESIAN_POINT('',(-0.00856610175145051,0.,-0.00811827545395232));
#2976=CARTESIAN_POINT('',(-0.00856610175145051,0.,-0.0156273390782471));
#2977=CARTESIAN_POINT('',(-0.00856610175145051,0.,-0.00774327545395233));
#2978=CARTESIAN_POINT('',(-0.00856610175145051,0.0035,-0.0156273390782471));
#2979=CARTESIAN_POINT('',(-0.00856610175145051,0.0035,-0.00774327545395233));
#2980=CARTESIAN_POINT('',(-0.00964110175145051,0.0035,-0.0156273390782471));
#2981=CARTESIAN_POINT('',(-0.00964110175145051,0.,-0.0156273390782471));
#2982=CARTESIAN_POINT('',(-0.0300486160432899,0.,-0.0156273390782471));
#2983=CARTESIAN_POINT('',(-0.0300486160432899,0.0035,-0.0156273390782471));
#2984=CARTESIAN_POINT('',(-0.0300486160432899,0.0035,-0.016002339078247));
#2985=CARTESIAN_POINT('',(-0.0300486160432899,0.,-0.016002339078247));
#2986=CARTESIAN_POINT('',(-0.0300486160432899,0.,-0.0375067773817107));
#2987=CARTESIAN_POINT('',(-0.0300486160432899,0.0035,-0.0375067773817107));
#2988=CARTESIAN_POINT('',(-0.0296736160432899,0.0035,-0.0375033886908554));
#2989=CARTESIAN_POINT('',(-0.0296736160432899,0.,-0.0375033886908554));
#2990=CARTESIAN_POINT('',(-0.0292986160432899,0.,-0.0375));
#2991=CARTESIAN_POINT('',(-0.0292986160432899,0.0035,-0.0375));
#2992=CARTESIAN_POINT('',(-0.026980026935528,0.0035,-0.0375));
#2993=CARTESIAN_POINT('',(-0.026980026935528,0.,-0.0375));
#2994=CARTESIAN_POINT('',(-0.0246614378277662,0.,-0.0375));
#2995=CARTESIAN_POINT('',(-0.0246614378277662,0.0035,-0.0375));
#2996=CARTESIAN_POINT('',(-0.024,0.0035,-0.03675));
#2997=CARTESIAN_POINT('',(-0.024,0.,-0.03675));
#2998=CARTESIAN_POINT('',(-0.0246614378277662,0.,-0.036));
#2999=CARTESIAN_POINT('',(-0.0246614378277662,0.0035,-0.036));
#3000=CARTESIAN_POINT('',(-0.026605026935528,0.0035,-0.036));
#3001=CARTESIAN_POINT('',(-0.026605026935528,0.,-0.036));
#3002=CARTESIAN_POINT('',(-0.0285486160432898,0.,-0.036));
#3003=CARTESIAN_POINT('',(-0.0285486160432898,0.0035,-0.036));
#3004=CARTESIAN_POINT('',(-0.0285486160432898,0.0035,-0.0265636695391236));
#3005=CARTESIAN_POINT('',(-0.0285486160432898,0.,-0.0265636695391236));
#3006=CARTESIAN_POINT('',(-0.0285486160432898,0.,-0.0171273390782471));
#3007=CARTESIAN_POINT('',(-0.0285486160432898,0.0035,-0.0171273390782471));
#3008=CARTESIAN_POINT('',(-0.0274736160432899,0.0035,-0.0171273390782471));
#3009=CARTESIAN_POINT('',(-0.0274736160432899,0.,-0.0171273390782471));
#3010=CARTESIAN_POINT('',(-0.00847753957921664,0.,-0.0171273390782471));
#3011=CARTESIAN_POINT('',(-0.00847753957921664,0.0035,-0.0171273390782471));
#3012=CARTESIAN_POINT('',(-0.00781610175145052,0.0035,-0.0163773390782471));
#3013=CARTESIAN_POINT('',(-0.00781610175145052,0.,-0.0163773390782471));
#3014=CARTESIAN_POINT('',(-0.00706610175145051,0.,-0.0157159012504809));
#3015=CARTESIAN_POINT('',(-0.00706610175145051,0.0035,-0.0157159012504809));
#3016=CARTESIAN_POINT('',(-0.00706610175145051,0.0035,-0.0124795883522166));
#3017=CARTESIAN_POINT('',(-0.00706610175145051,0.,-0.0124795883522166));
#3018=CARTESIAN_POINT('',(-0.00706610175145051,0.,-0.00924327545395233));
#3019=CARTESIAN_POINT('',(-0.00706610175145051,0.0035,-0.00924327545395233));
#3020=CARTESIAN_POINT('',(0.00275,0.0035,-0.0108614822166646));
#3021=CARTESIAN_POINT('',(0.00275,0.,-0.0108614822166646));
#3022=CARTESIAN_POINT('',(0.00275,0.,-0.0104864822166646));
#3023=CARTESIAN_POINT('',(0.00275,0.,-0.03605));
#3024=CARTESIAN_POINT('',(0.00275,0.0035,-0.03605));
#3025=CARTESIAN_POINT('',(0.00275,0.0035,-0.0104864822166646));
#3026=CARTESIAN_POINT('',(-0.00214428108611694,0.0035,-0.03605));
#3027=CARTESIAN_POINT('',(-0.00214428108611694,0.,-0.03605));
#3028=CARTESIAN_POINT('',(-0.00703856217223386,0.,-0.03605));
#3029=CARTESIAN_POINT('',(-0.00703856217223386,0.0035,-0.03605));
#3030=CARTESIAN_POINT('',(-0.0077,0.0035,-0.0368));
#3031=CARTESIAN_POINT('',(-0.0077,0.,-0.0368));
#3032=CARTESIAN_POINT('',(-0.00703856217223386,0.,-0.03755));
#3033=CARTESIAN_POINT('',(-0.00703856217223386,0.0035,-0.03755));
#3034=CARTESIAN_POINT('',(-0.00765713515916971,0.0035,-0.0549548017337918));
#3035=CARTESIAN_POINT('',(-0.00765713515916971,0.,-0.0549548017337918));
#3036=CARTESIAN_POINT('',(-0.00699569733140358,0.,-0.0557048017337918));
#3037=CARTESIAN_POINT('',(-0.00699569733140356,0.,-0.0542048017337918));
#3038=CARTESIAN_POINT('',(-0.00699569733140358,0.0035,-0.0557048017337918));
#3039=CARTESIAN_POINT('',(-0.00699569733140356,0.0035,-0.0542048017337918));
#3040=CARTESIAN_POINT('',(-0.00173902715200675,0.0035,-0.0566435652965914));
#3041=CARTESIAN_POINT('',(-0.00173902715200675,0.,-0.0566435652965914));
#3042=CARTESIAN_POINT('',(-0.00695830823812375,0.,-0.0566435652965914));
#3043=CARTESIAN_POINT('',(0.00348025393411011,0.,-0.0566435652965914));
#3044=CARTESIAN_POINT('',(-0.00695830823812375,0.0035,-0.0566435652965914));
#3045=CARTESIAN_POINT('',(0.00348025393411011,0.0035,-0.0566435652965914));
#3046=CARTESIAN_POINT('',(-0.00761974606588991,0.0035,-0.0573935652965914));
#3047=CARTESIAN_POINT('',(-0.00761974606588991,0.,-0.0573935652965914));
#3048=CARTESIAN_POINT('',(-0.00695830823812378,0.,-0.0581435652965914));
#3049=CARTESIAN_POINT('',(-0.00695830823812378,0.0035,-0.0581435652965914));
#3050=CARTESIAN_POINT('',(-0.00210415411906189,0.0035,-0.0581435652965914));
#3051=CARTESIAN_POINT('',(-0.00210415411906189,0.,-0.0581435652965914));
#3052=CARTESIAN_POINT('',(0.00275,0.,-0.0581435652965914));
#3053=CARTESIAN_POINT('',(0.00275,0.0035,-0.0581435652965914));
#3054=CARTESIAN_POINT('',(0.00275,0.0035,-0.0585185652965914));
#3055=CARTESIAN_POINT('',(0.00275,0.,-0.0585185652965914));
#3056=CARTESIAN_POINT('',(0.00275,0.,-0.0596435652965914));
#3057=CARTESIAN_POINT('',(0.00275,0.0035,-0.0596435652965914));
#3058=CARTESIAN_POINT('',(0.0035,-0.002,-0.0393));
#3059=CARTESIAN_POINT('',(0.0035,0.,-0.0393));
#3060=CARTESIAN_POINT('',(0.0130076925921575,0.,-0.0104864822166646));
#3061=CARTESIAN_POINT('',(-0.00176928108611693,0.,-0.03755));
#3062=CARTESIAN_POINT('',(0.0035,0.,-0.0393));
#3063=CARTESIAN_POINT('',(0.00386512696705505,0.,-0.0566313572258226));
#3064=CARTESIAN_POINT('',(0.003125,0.,-0.0596435652965914));
#3065=CARTESIAN_POINT('',(0.003125,0.0035,-0.0596435652965914));
#3066=CARTESIAN_POINT('',(0.00386512696705505,0.0035,-0.0566313572258226));
#3067=CARTESIAN_POINT('',(0.0035,0.,-0.0393));
#3068=CARTESIAN_POINT('',(-0.00100101631980157,0.,-0.0542048017337918));
#3069=CARTESIAN_POINT('',(-0.00174784866570178,0.,-0.0557048017337918));
#3070=CARTESIAN_POINT('',(-0.00174784866570178,0.0035,-0.0557048017337918));
#3071=CARTESIAN_POINT('',(-0.00100101631980157,0.0035,-0.0542048017337918));
#3072=CARTESIAN_POINT('',(-0.00176928108611693,0.0035,-0.03755));
#3073=CARTESIAN_POINT('',(0.0130076925921575,0.0035,-0.0104864822166646));
#3074=CARTESIAN_POINT('',(0.0035,0.,-0.0393));
#3075=CARTESIAN_POINT('',(0.0236403851843149,0.,-0.00774327545395233));
#3076=CARTESIAN_POINT('',(0.00772464171643221,0.,-0.00924327545395233));
#3077=CARTESIAN_POINT('',(0.00772464171643221,0.0035,-0.00924327545395233));
#3078=CARTESIAN_POINT('',(0.0236403851843149,0.0035,-0.00774327545395233));
#3079=CARTESIAN_POINT('',(0.0085,0.0005,-0.0061));
#3080=CARTESIAN_POINT('',(0.0085,0.0005,-0.0061));
#3081=CARTESIAN_POINT('',(0.0085,0.0005,-0.0071));
#3082=CARTESIAN_POINT('',(0.0085,0.00075,-0.0393));
#3083=CARTESIAN_POINT('',(0.0085,0.0005,-0.0493104348142247));
#3084=CARTESIAN_POINT('',(0.0085,0.0005,-0.0493104348142247));
#3085=CARTESIAN_POINT('',(0.0085,0.0005,-0.0513104348142247));
#3086=CARTESIAN_POINT('',(0.0085,0.00075,-0.0393));
#3087=CARTESIAN_POINT('',(0.0085,0.0005,-0.0713104348142247));
#3088=CARTESIAN_POINT('',(0.0085,0.0005,-0.0713104348142247));
#3089=CARTESIAN_POINT('',(0.0085,0.0005,-0.0733104348142247));
#3090=CARTESIAN_POINT('',(0.0085,0.00075,-0.0393));
#3091=CARTESIAN_POINT('',(-0.034,0.0005,-0.0393));
#3092=CARTESIAN_POINT('',(-0.034,0.0005,-0.0393));
#3093=CARTESIAN_POINT('',(-0.0665,0.0005,-0.0093));
#3094=CARTESIAN_POINT('',(-0.0635,0.0005,-0.0093));
#3095=CARTESIAN_POINT('',(-0.0665,0.0005,-0.0093));
#3096=CARTESIAN_POINT('',(-0.034,0.0005,-0.0393));
#3097=CARTESIAN_POINT('',(-0.0665,0.0005,-0.0693));
#3098=CARTESIAN_POINT('',(-0.0635,0.0005,-0.0693));
#3099=CARTESIAN_POINT('',(-0.0665,0.0005,-0.0693));
#3100=MECHANICAL_DESIGN_GEOMETRIC_PRESENTATION_REPRESENTATION('',(#1863),
#3101);
#3101=(
GEOMETRIC_REPRESENTATION_CONTEXT(3)
GLOBAL_UNCERTAINTY_ASSIGNED_CONTEXT((#3102))
GLOBAL_UNIT_ASSIGNED_CONTEXT((#3105,#3104,#3103))
REPRESENTATION_CONTEXT('Part 1','TOP_LEVEL_ASSEMBLY_PART')
);
#3102=UNCERTAINTY_MEASURE_WITH_UNIT(LENGTH_MEASURE(1.E-8),#3105,
'DISTANCE_ACCURACY_VALUE','Maximum Tolerance applied to model');
#3103=(
NAMED_UNIT(*)
SI_UNIT($,.STERADIAN.)
SOLID_ANGLE_UNIT()
);
#3104=(
NAMED_UNIT(*)
PLANE_ANGLE_UNIT()
SI_UNIT($,.RADIAN.)
);
#3105=(
LENGTH_UNIT()
NAMED_UNIT(*)
SI_UNIT($,.METRE.)
);
#3106=PRODUCT_DEFINITION_SHAPE('','',#3107);
#3107=PRODUCT_DEFINITION('','',#3109,#3108);
#3108=PRODUCT_DEFINITION_CONTEXT('',#3115,'design');
#3109=PRODUCT_DEFINITION_FORMATION_WITH_SPECIFIED_SOURCE('','',#3111,
 .NOT_KNOWN.);
#3110=PRODUCT_RELATED_PRODUCT_CATEGORY('','',(#3111));
#3111=PRODUCT('Part 1','Part 1','Part 1',(#3113));
#3112=PRODUCT_CATEGORY('','');
#3113=PRODUCT_CONTEXT('',#3115,'mechanical');
#3114=APPLICATION_PROTOCOL_DEFINITION('international standard',
'ap242_managed_model_based_3d_engineering',2020,#3115);
#3115=APPLICATION_CONTEXT('managed model based 3d engineering');
ENDSEC;
END-ISO-10303-21;
