ISO-10303-21;
HEADER;
/* Generated by software containing ST-Developer
 * from STEP Tools, Inc. (www.steptools.com) 
 */
/* OPTION: using custom renumber hook */

FILE_DESCRIPTION(
/* description */ ('STEP AP242 Edition 2',
'CAx-IF Rec.Pracs.---Representation and Presentation of Product Manufa
cturing Information (PMI)---4.0---2014-10-13',
'CAx-IF Rec.Pracs.---3D Tessellated Geometry---0.4---2014-09-14','2;1',
'CAx-IF Rec.Pracs.---User Defined Attributes---1.5---2016-08-15'),
/* implementation_level */ '2;1');

FILE_NAME(
/* name */ 'Part Studio 1 - Part 3',
/* time_stamp */ '2026-08-12T05:23:01Z',
/* author */ (''),
/* organization */ (''),
/* preprocessor_version */ 'ST-DEVELOPER v20',
/* originating_system */ 'ONSHAPE BY PTC INC, 1.219',
/* authorisation */ '  ');

FILE_SCHEMA (('AP242_MANAGED_MODEL_BASED_3D_ENGINEERING_MIM_LF { 1 0 10303 442 3 1 4 }'));
ENDSEC;

DATA;
#10=SHAPE_REPRESENTATION_RELATIONSHIP('','',#2028,#11);
#11=ADVANCED_BREP_SHAPE_REPRESENTATION('',(#2026),#3354);
#12=CYLINDRICAL_SURFACE('',#2037,0.003);
#13=CYLINDRICAL_SURFACE('',#2091,0.001);
#14=CYLINDRICAL_SURFACE('',#2095,0.001);
#15=CYLINDRICAL_SURFACE('',#2108,0.001);
#16=CYLINDRICAL_SURFACE('',#2113,0.001);
#17=CYLINDRICAL_SURFACE('',#2116,0.001);
#18=CYLINDRICAL_SURFACE('',#2123,0.001);
#19=CYLINDRICAL_SURFACE('',#2127,0.001);
#20=CYLINDRICAL_SURFACE('',#2131,0.001);
#21=CYLINDRICAL_SURFACE('',#2138,0.001);
#22=CYLINDRICAL_SURFACE('',#2143,0.001);
#23=CYLINDRICAL_SURFACE('',#2148,0.001);
#24=CYLINDRICAL_SURFACE('',#2150,0.001);
#25=CYLINDRICAL_SURFACE('',#2152,0.001);
#26=CYLINDRICAL_SURFACE('',#2154,0.001);
#27=CYLINDRICAL_SURFACE('',#2156,0.001);
#28=CYLINDRICAL_SURFACE('',#2158,0.001);
#29=CYLINDRICAL_SURFACE('',#2160,0.001);
#30=CYLINDRICAL_SURFACE('',#2162,0.001);
#31=CYLINDRICAL_SURFACE('',#2164,0.001);
#32=CYLINDRICAL_SURFACE('',#2166,0.001);
#33=CYLINDRICAL_SURFACE('',#2168,0.001);
#34=CYLINDRICAL_SURFACE('',#2170,0.001);
#35=CYLINDRICAL_SURFACE('',#2172,0.001);
#36=CYLINDRICAL_SURFACE('',#2174,0.001);
#37=CYLINDRICAL_SURFACE('',#2176,0.001);
#38=CYLINDRICAL_SURFACE('',#2178,0.001);
#39=CYLINDRICAL_SURFACE('',#2196,0.001);
#40=CYLINDRICAL_SURFACE('',#2199,0.002);
#41=CYLINDRICAL_SURFACE('',#2202,0.002);
#42=CYLINDRICAL_SURFACE('',#2208,0.003);
#43=CYLINDRICAL_SURFACE('',#2211,0.003);
#44=CIRCLE('',#2034,0.002);
#45=CIRCLE('',#2035,0.002);
#46=CIRCLE('',#2036,0.001);
#47=CIRCLE('',#2038,0.003);
#48=CIRCLE('',#2039,0.003);
#49=CIRCLE('',#2041,0.001);
#50=CIRCLE('',#2042,0.001);
#51=CIRCLE('',#2043,0.001);
#52=CIRCLE('',#2044,0.001);
#53=CIRCLE('',#2045,0.001);
#54=CIRCLE('',#2046,0.001);
#55=CIRCLE('',#2047,0.001);
#56=CIRCLE('',#2048,0.001);
#57=CIRCLE('',#2049,0.003);
#58=CIRCLE('',#2050,0.001);
#59=CIRCLE('',#2051,0.003);
#60=CIRCLE('',#2060,0.001);
#61=CIRCLE('',#2062,0.001);
#62=CIRCLE('',#2063,0.001);
#63=CIRCLE('',#2064,0.001);
#64=CIRCLE('',#2065,0.001);
#65=CIRCLE('',#2066,0.001);
#66=CIRCLE('',#2067,0.001);
#67=CIRCLE('',#2068,0.001);
#68=CIRCLE('',#2069,0.001);
#69=CIRCLE('',#2070,0.001);
#70=CIRCLE('',#2071,0.001);
#71=CIRCLE('',#2072,0.001);
#72=CIRCLE('',#2073,0.001);
#73=CIRCLE('',#2074,0.001);
#74=CIRCLE('',#2075,0.001);
#75=CIRCLE('',#2076,0.001);
#76=CIRCLE('',#2077,0.001);
#77=CIRCLE('',#2079,0.001);
#78=CIRCLE('',#2080,0.001);
#79=CIRCLE('',#2081,0.001);
#80=CIRCLE('',#2082,0.001);
#81=CIRCLE('',#2083,0.001);
#82=CIRCLE('',#2084,0.001);
#83=CIRCLE('',#2085,0.001);
#84=CIRCLE('',#2086,0.001);
#85=CIRCLE('',#2087,0.001);
#86=CIRCLE('',#2088,0.001);
#87=CIRCLE('',#2149,0.001);
#88=CIRCLE('',#2151,0.001);
#89=CIRCLE('',#2153,0.001);
#90=CIRCLE('',#2155,0.001);
#91=CIRCLE('',#2157,0.001);
#92=CIRCLE('',#2159,0.001);
#93=CIRCLE('',#2161,0.001);
#94=CIRCLE('',#2163,0.001);
#95=CIRCLE('',#2165,0.001);
#96=CIRCLE('',#2167,0.001);
#97=CIRCLE('',#2169,0.001);
#98=CIRCLE('',#2171,0.001);
#99=CIRCLE('',#2173,0.001);
#100=CIRCLE('',#2175,0.001);
#101=CIRCLE('',#2177,0.001);
#102=CIRCLE('',#2179,0.001);
#103=CIRCLE('',#2197,0.001);
#104=CIRCLE('',#2200,0.002);
#105=CIRCLE('',#2203,0.002);
#106=CIRCLE('',#2207,0.003);
#107=CIRCLE('',#2210,0.003);
#108=ORIENTED_EDGE('',*,*,#634,.F.);
#109=ORIENTED_EDGE('',*,*,#635,.T.);
#110=ORIENTED_EDGE('',*,*,#636,.T.);
#111=ORIENTED_EDGE('',*,*,#637,.F.);
#112=ORIENTED_EDGE('',*,*,#638,.F.);
#113=ORIENTED_EDGE('',*,*,#639,.T.);
#114=ORIENTED_EDGE('',*,*,#640,.T.);
#115=ORIENTED_EDGE('',*,*,#641,.F.);
#116=ORIENTED_EDGE('',*,*,#642,.F.);
#117=ORIENTED_EDGE('',*,*,#634,.T.);
#118=ORIENTED_EDGE('',*,*,#643,.T.);
#119=ORIENTED_EDGE('',*,*,#639,.F.);
#120=ORIENTED_EDGE('',*,*,#644,.F.);
#121=ORIENTED_EDGE('',*,*,#645,.F.);
#122=ORIENTED_EDGE('',*,*,#646,.F.);
#123=ORIENTED_EDGE('',*,*,#636,.F.);
#124=ORIENTED_EDGE('',*,*,#647,.T.);
#125=ORIENTED_EDGE('',*,*,#648,.T.);
#126=ORIENTED_EDGE('',*,*,#649,.T.);
#127=ORIENTED_EDGE('',*,*,#650,.T.);
#128=ORIENTED_EDGE('',*,*,#651,.T.);
#129=ORIENTED_EDGE('',*,*,#652,.F.);
#130=ORIENTED_EDGE('',*,*,#653,.T.);
#131=ORIENTED_EDGE('',*,*,#654,.F.);
#132=ORIENTED_EDGE('',*,*,#655,.F.);
#133=ORIENTED_EDGE('',*,*,#656,.T.);
#134=ORIENTED_EDGE('',*,*,#657,.T.);
#135=ORIENTED_EDGE('',*,*,#658,.T.);
#136=ORIENTED_EDGE('',*,*,#659,.F.);
#137=ORIENTED_EDGE('',*,*,#660,.F.);
#138=ORIENTED_EDGE('',*,*,#661,.T.);
#139=ORIENTED_EDGE('',*,*,#662,.F.);
#140=ORIENTED_EDGE('',*,*,#663,.T.);
#141=ORIENTED_EDGE('',*,*,#641,.T.);
#142=ORIENTED_EDGE('',*,*,#664,.F.);
#143=ORIENTED_EDGE('',*,*,#665,.F.);
#144=ORIENTED_EDGE('',*,*,#666,.T.);
#145=ORIENTED_EDGE('',*,*,#667,.T.);
#146=ORIENTED_EDGE('',*,*,#668,.F.);
#147=ORIENTED_EDGE('',*,*,#669,.F.);
#148=ORIENTED_EDGE('',*,*,#670,.F.);
#149=ORIENTED_EDGE('',*,*,#671,.T.);
#150=ORIENTED_EDGE('',*,*,#647,.F.);
#151=ORIENTED_EDGE('',*,*,#635,.F.);
#152=ORIENTED_EDGE('',*,*,#642,.T.);
#153=ORIENTED_EDGE('',*,*,#638,.T.);
#154=ORIENTED_EDGE('',*,*,#663,.F.);
#155=ORIENTED_EDGE('',*,*,#672,.F.);
#156=ORIENTED_EDGE('',*,*,#673,.F.);
#157=ORIENTED_EDGE('',*,*,#674,.T.);
#158=ORIENTED_EDGE('',*,*,#675,.F.);
#159=ORIENTED_EDGE('',*,*,#676,.F.);
#160=ORIENTED_EDGE('',*,*,#677,.F.);
#161=ORIENTED_EDGE('',*,*,#678,.T.);
#162=ORIENTED_EDGE('',*,*,#679,.F.);
#163=ORIENTED_EDGE('',*,*,#680,.F.);
#164=ORIENTED_EDGE('',*,*,#681,.T.);
#165=ORIENTED_EDGE('',*,*,#682,.F.);
#166=ORIENTED_EDGE('',*,*,#683,.F.);
#167=ORIENTED_EDGE('',*,*,#684,.F.);
#168=ORIENTED_EDGE('',*,*,#685,.T.);
#169=ORIENTED_EDGE('',*,*,#686,.F.);
#170=ORIENTED_EDGE('',*,*,#687,.F.);
#171=ORIENTED_EDGE('',*,*,#688,.F.);
#172=ORIENTED_EDGE('',*,*,#689,.T.);
#173=ORIENTED_EDGE('',*,*,#690,.F.);
#174=ORIENTED_EDGE('',*,*,#691,.T.);
#175=ORIENTED_EDGE('',*,*,#692,.T.);
#176=ORIENTED_EDGE('',*,*,#693,.T.);
#177=ORIENTED_EDGE('',*,*,#694,.F.);
#178=ORIENTED_EDGE('',*,*,#695,.F.);
#179=ORIENTED_EDGE('',*,*,#696,.T.);
#180=ORIENTED_EDGE('',*,*,#697,.T.);
#181=ORIENTED_EDGE('',*,*,#698,.F.);
#182=ORIENTED_EDGE('',*,*,#699,.F.);
#183=ORIENTED_EDGE('',*,*,#700,.F.);
#184=ORIENTED_EDGE('',*,*,#701,.T.);
#185=ORIENTED_EDGE('',*,*,#702,.F.);
#186=ORIENTED_EDGE('',*,*,#703,.F.);
#187=ORIENTED_EDGE('',*,*,#704,.T.);
#188=ORIENTED_EDGE('',*,*,#705,.F.);
#189=ORIENTED_EDGE('',*,*,#706,.F.);
#190=ORIENTED_EDGE('',*,*,#707,.T.);
#191=ORIENTED_EDGE('',*,*,#708,.F.);
#192=ORIENTED_EDGE('',*,*,#709,.F.);
#193=ORIENTED_EDGE('',*,*,#710,.F.);
#194=ORIENTED_EDGE('',*,*,#666,.F.);
#195=ORIENTED_EDGE('',*,*,#711,.T.);
#196=ORIENTED_EDGE('',*,*,#712,.F.);
#197=ORIENTED_EDGE('',*,*,#713,.F.);
#198=ORIENTED_EDGE('',*,*,#648,.F.);
#199=ORIENTED_EDGE('',*,*,#671,.F.);
#200=ORIENTED_EDGE('',*,*,#714,.T.);
#201=ORIENTED_EDGE('',*,*,#715,.T.);
#202=ORIENTED_EDGE('',*,*,#650,.F.);
#203=ORIENTED_EDGE('',*,*,#716,.T.);
#204=ORIENTED_EDGE('',*,*,#717,.F.);
#205=ORIENTED_EDGE('',*,*,#718,.F.);
#206=ORIENTED_EDGE('',*,*,#719,.F.);
#207=ORIENTED_EDGE('',*,*,#652,.T.);
#208=ORIENTED_EDGE('',*,*,#720,.T.);
#209=ORIENTED_EDGE('',*,*,#721,.T.);
#210=ORIENTED_EDGE('',*,*,#722,.T.);
#211=ORIENTED_EDGE('',*,*,#654,.T.);
#212=ORIENTED_EDGE('',*,*,#723,.F.);
#213=ORIENTED_EDGE('',*,*,#724,.F.);
#214=ORIENTED_EDGE('',*,*,#656,.F.);
#215=ORIENTED_EDGE('',*,*,#725,.F.);
#216=ORIENTED_EDGE('',*,*,#726,.T.);
#217=ORIENTED_EDGE('',*,*,#727,.T.);
#218=ORIENTED_EDGE('',*,*,#728,.F.);
#219=ORIENTED_EDGE('',*,*,#660,.T.);
#220=ORIENTED_EDGE('',*,*,#729,.T.);
#221=ORIENTED_EDGE('',*,*,#730,.T.);
#222=ORIENTED_EDGE('',*,*,#672,.T.);
#223=ORIENTED_EDGE('',*,*,#662,.T.);
#224=ORIENTED_EDGE('',*,*,#731,.F.);
#225=ORIENTED_EDGE('',*,*,#732,.F.);
#226=ORIENTED_EDGE('',*,*,#729,.F.);
#227=ORIENTED_EDGE('',*,*,#659,.T.);
#228=ORIENTED_EDGE('',*,*,#733,.T.);
#229=ORIENTED_EDGE('',*,*,#734,.T.);
#230=ORIENTED_EDGE('',*,*,#735,.F.);
#231=ORIENTED_EDGE('',*,*,#736,.F.);
#232=ORIENTED_EDGE('',*,*,#737,.F.);
#233=ORIENTED_EDGE('',*,*,#738,.T.);
#234=ORIENTED_EDGE('',*,*,#739,.T.);
#235=ORIENTED_EDGE('',*,*,#740,.T.);
#236=ORIENTED_EDGE('',*,*,#741,.T.);
#237=ORIENTED_EDGE('',*,*,#742,.F.);
#238=ORIENTED_EDGE('',*,*,#743,.F.);
#239=ORIENTED_EDGE('',*,*,#744,.F.);
#240=ORIENTED_EDGE('',*,*,#745,.F.);
#241=ORIENTED_EDGE('',*,*,#746,.F.);
#242=ORIENTED_EDGE('',*,*,#747,.T.);
#243=ORIENTED_EDGE('',*,*,#725,.T.);
#244=ORIENTED_EDGE('',*,*,#655,.T.);
#245=ORIENTED_EDGE('',*,*,#722,.F.);
#246=ORIENTED_EDGE('',*,*,#748,.F.);
#247=ORIENTED_EDGE('',*,*,#749,.F.);
#248=ORIENTED_EDGE('',*,*,#750,.F.);
#249=ORIENTED_EDGE('',*,*,#751,.F.);
#250=ORIENTED_EDGE('',*,*,#752,.F.);
#251=ORIENTED_EDGE('',*,*,#753,.F.);
#252=ORIENTED_EDGE('',*,*,#754,.F.);
#253=ORIENTED_EDGE('',*,*,#755,.F.);
#254=ORIENTED_EDGE('',*,*,#756,.F.);
#255=ORIENTED_EDGE('',*,*,#757,.F.);
#256=ORIENTED_EDGE('',*,*,#758,.F.);
#257=ORIENTED_EDGE('',*,*,#759,.F.);
#258=ORIENTED_EDGE('',*,*,#760,.F.);
#259=ORIENTED_EDGE('',*,*,#761,.F.);
#260=ORIENTED_EDGE('',*,*,#762,.F.);
#261=ORIENTED_EDGE('',*,*,#649,.F.);
#262=ORIENTED_EDGE('',*,*,#715,.F.);
#263=ORIENTED_EDGE('',*,*,#763,.T.);
#264=ORIENTED_EDGE('',*,*,#764,.T.);
#265=ORIENTED_EDGE('',*,*,#765,.T.);
#266=ORIENTED_EDGE('',*,*,#766,.F.);
#267=ORIENTED_EDGE('',*,*,#767,.T.);
#268=ORIENTED_EDGE('',*,*,#768,.T.);
#269=ORIENTED_EDGE('',*,*,#769,.T.);
#270=ORIENTED_EDGE('',*,*,#770,.F.);
#271=ORIENTED_EDGE('',*,*,#771,.T.);
#272=ORIENTED_EDGE('',*,*,#772,.T.);
#273=ORIENTED_EDGE('',*,*,#773,.F.);
#274=ORIENTED_EDGE('',*,*,#774,.T.);
#275=ORIENTED_EDGE('',*,*,#775,.T.);
#276=ORIENTED_EDGE('',*,*,#776,.F.);
#277=ORIENTED_EDGE('',*,*,#777,.T.);
#278=ORIENTED_EDGE('',*,*,#778,.T.);
#279=ORIENTED_EDGE('',*,*,#779,.T.);
#280=ORIENTED_EDGE('',*,*,#780,.F.);
#281=ORIENTED_EDGE('',*,*,#781,.F.);
#282=ORIENTED_EDGE('',*,*,#782,.T.);
#283=ORIENTED_EDGE('',*,*,#783,.T.);
#284=ORIENTED_EDGE('',*,*,#784,.F.);
#285=ORIENTED_EDGE('',*,*,#785,.F.);
#286=ORIENTED_EDGE('',*,*,#786,.F.);
#287=ORIENTED_EDGE('',*,*,#787,.T.);
#288=ORIENTED_EDGE('',*,*,#788,.F.);
#289=ORIENTED_EDGE('',*,*,#789,.T.);
#290=ORIENTED_EDGE('',*,*,#790,.T.);
#291=ORIENTED_EDGE('',*,*,#791,.T.);
#292=ORIENTED_EDGE('',*,*,#792,.F.);
#293=ORIENTED_EDGE('',*,*,#793,.T.);
#294=ORIENTED_EDGE('',*,*,#794,.T.);
#295=ORIENTED_EDGE('',*,*,#795,.T.);
#296=ORIENTED_EDGE('',*,*,#796,.F.);
#297=ORIENTED_EDGE('',*,*,#797,.T.);
#298=ORIENTED_EDGE('',*,*,#798,.T.);
#299=ORIENTED_EDGE('',*,*,#799,.F.);
#300=ORIENTED_EDGE('',*,*,#800,.T.);
#301=ORIENTED_EDGE('',*,*,#801,.T.);
#302=ORIENTED_EDGE('',*,*,#802,.T.);
#303=ORIENTED_EDGE('',*,*,#803,.F.);
#304=ORIENTED_EDGE('',*,*,#804,.T.);
#305=ORIENTED_EDGE('',*,*,#731,.T.);
#306=ORIENTED_EDGE('',*,*,#661,.F.);
#307=ORIENTED_EDGE('',*,*,#728,.T.);
#308=ORIENTED_EDGE('',*,*,#805,.T.);
#309=ORIENTED_EDGE('',*,*,#806,.T.);
#310=ORIENTED_EDGE('',*,*,#807,.T.);
#311=ORIENTED_EDGE('',*,*,#808,.F.);
#312=ORIENTED_EDGE('',*,*,#809,.F.);
#313=ORIENTED_EDGE('',*,*,#657,.F.);
#314=ORIENTED_EDGE('',*,*,#727,.F.);
#315=ORIENTED_EDGE('',*,*,#810,.F.);
#316=ORIENTED_EDGE('',*,*,#811,.T.);
#317=ORIENTED_EDGE('',*,*,#812,.T.);
#318=ORIENTED_EDGE('',*,*,#813,.T.);
#319=ORIENTED_EDGE('',*,*,#814,.T.);
#320=ORIENTED_EDGE('',*,*,#815,.T.);
#321=ORIENTED_EDGE('',*,*,#816,.F.);
#322=ORIENTED_EDGE('',*,*,#817,.F.);
#323=ORIENTED_EDGE('',*,*,#818,.F.);
#324=ORIENTED_EDGE('',*,*,#819,.F.);
#325=ORIENTED_EDGE('',*,*,#723,.T.);
#326=ORIENTED_EDGE('',*,*,#653,.F.);
#327=ORIENTED_EDGE('',*,*,#719,.T.);
#328=ORIENTED_EDGE('',*,*,#820,.F.);
#329=ORIENTED_EDGE('',*,*,#716,.F.);
#330=ORIENTED_EDGE('',*,*,#637,.T.);
#331=ORIENTED_EDGE('',*,*,#664,.T.);
#332=ORIENTED_EDGE('',*,*,#640,.F.);
#333=ORIENTED_EDGE('',*,*,#643,.F.);
#334=ORIENTED_EDGE('',*,*,#772,.F.);
#335=ORIENTED_EDGE('',*,*,#821,.F.);
#336=ORIENTED_EDGE('',*,*,#705,.T.);
#337=ORIENTED_EDGE('',*,*,#822,.T.);
#338=ORIENTED_EDGE('',*,*,#771,.F.);
#339=ORIENTED_EDGE('',*,*,#823,.F.);
#340=ORIENTED_EDGE('',*,*,#706,.T.);
#341=ORIENTED_EDGE('',*,*,#821,.T.);
#342=ORIENTED_EDGE('',*,*,#770,.T.);
#343=ORIENTED_EDGE('',*,*,#824,.F.);
#344=ORIENTED_EDGE('',*,*,#707,.F.);
#345=ORIENTED_EDGE('',*,*,#823,.T.);
#346=ORIENTED_EDGE('',*,*,#769,.F.);
#347=ORIENTED_EDGE('',*,*,#825,.F.);
#348=ORIENTED_EDGE('',*,*,#708,.T.);
#349=ORIENTED_EDGE('',*,*,#824,.T.);
#350=ORIENTED_EDGE('',*,*,#768,.F.);
#351=ORIENTED_EDGE('',*,*,#826,.F.);
#352=ORIENTED_EDGE('',*,*,#709,.T.);
#353=ORIENTED_EDGE('',*,*,#825,.T.);
#354=ORIENTED_EDGE('',*,*,#767,.F.);
#355=ORIENTED_EDGE('',*,*,#827,.F.);
#356=ORIENTED_EDGE('',*,*,#710,.T.);
#357=ORIENTED_EDGE('',*,*,#826,.T.);
#358=ORIENTED_EDGE('',*,*,#766,.T.);
#359=ORIENTED_EDGE('',*,*,#828,.F.);
#360=ORIENTED_EDGE('',*,*,#667,.F.);
#361=ORIENTED_EDGE('',*,*,#827,.T.);
#362=ORIENTED_EDGE('',*,*,#765,.F.);
#363=ORIENTED_EDGE('',*,*,#829,.F.);
#364=ORIENTED_EDGE('',*,*,#668,.T.);
#365=ORIENTED_EDGE('',*,*,#828,.T.);
#366=ORIENTED_EDGE('',*,*,#764,.F.);
#367=ORIENTED_EDGE('',*,*,#830,.F.);
#368=ORIENTED_EDGE('',*,*,#669,.T.);
#369=ORIENTED_EDGE('',*,*,#829,.T.);
#370=ORIENTED_EDGE('',*,*,#763,.F.);
#371=ORIENTED_EDGE('',*,*,#714,.F.);
#372=ORIENTED_EDGE('',*,*,#670,.T.);
#373=ORIENTED_EDGE('',*,*,#830,.T.);
#374=ORIENTED_EDGE('',*,*,#820,.T.);
#375=ORIENTED_EDGE('',*,*,#721,.F.);
#376=ORIENTED_EDGE('',*,*,#831,.F.);
#377=ORIENTED_EDGE('',*,*,#717,.T.);
#378=ORIENTED_EDGE('',*,*,#819,.T.);
#379=ORIENTED_EDGE('',*,*,#832,.F.);
#380=ORIENTED_EDGE('',*,*,#738,.F.);
#381=ORIENTED_EDGE('',*,*,#724,.T.);
#382=ORIENTED_EDGE('',*,*,#818,.T.);
#383=ORIENTED_EDGE('',*,*,#833,.F.);
#384=ORIENTED_EDGE('',*,*,#739,.F.);
#385=ORIENTED_EDGE('',*,*,#832,.T.);
#386=ORIENTED_EDGE('',*,*,#817,.T.);
#387=ORIENTED_EDGE('',*,*,#834,.F.);
#388=ORIENTED_EDGE('',*,*,#740,.F.);
#389=ORIENTED_EDGE('',*,*,#833,.T.);
#390=ORIENTED_EDGE('',*,*,#816,.T.);
#391=ORIENTED_EDGE('',*,*,#835,.F.);
#392=ORIENTED_EDGE('',*,*,#741,.F.);
#393=ORIENTED_EDGE('',*,*,#834,.T.);
#394=ORIENTED_EDGE('',*,*,#815,.F.);
#395=ORIENTED_EDGE('',*,*,#836,.F.);
#396=ORIENTED_EDGE('',*,*,#742,.T.);
#397=ORIENTED_EDGE('',*,*,#835,.T.);
#398=ORIENTED_EDGE('',*,*,#814,.F.);
#399=ORIENTED_EDGE('',*,*,#837,.F.);
#400=ORIENTED_EDGE('',*,*,#743,.T.);
#401=ORIENTED_EDGE('',*,*,#836,.T.);
#402=ORIENTED_EDGE('',*,*,#813,.F.);
#403=ORIENTED_EDGE('',*,*,#838,.F.);
#404=ORIENTED_EDGE('',*,*,#744,.T.);
#405=ORIENTED_EDGE('',*,*,#837,.T.);
#406=ORIENTED_EDGE('',*,*,#812,.F.);
#407=ORIENTED_EDGE('',*,*,#839,.F.);
#408=ORIENTED_EDGE('',*,*,#745,.T.);
#409=ORIENTED_EDGE('',*,*,#838,.T.);
#410=ORIENTED_EDGE('',*,*,#811,.F.);
#411=ORIENTED_EDGE('',*,*,#840,.F.);
#412=ORIENTED_EDGE('',*,*,#746,.T.);
#413=ORIENTED_EDGE('',*,*,#839,.T.);
#414=ORIENTED_EDGE('',*,*,#810,.T.);
#415=ORIENTED_EDGE('',*,*,#726,.F.);
#416=ORIENTED_EDGE('',*,*,#747,.F.);
#417=ORIENTED_EDGE('',*,*,#840,.T.);
#418=ORIENTED_EDGE('',*,*,#809,.T.);
#419=ORIENTED_EDGE('',*,*,#841,.F.);
#420=ORIENTED_EDGE('',*,*,#733,.F.);
#421=ORIENTED_EDGE('',*,*,#658,.F.);
#422=ORIENTED_EDGE('',*,*,#808,.T.);
#423=ORIENTED_EDGE('',*,*,#842,.F.);
#424=ORIENTED_EDGE('',*,*,#734,.F.);
#425=ORIENTED_EDGE('',*,*,#841,.T.);
#426=ORIENTED_EDGE('',*,*,#807,.F.);
#427=ORIENTED_EDGE('',*,*,#843,.F.);
#428=ORIENTED_EDGE('',*,*,#735,.T.);
#429=ORIENTED_EDGE('',*,*,#842,.T.);
#430=ORIENTED_EDGE('',*,*,#806,.F.);
#431=ORIENTED_EDGE('',*,*,#844,.F.);
#432=ORIENTED_EDGE('',*,*,#736,.T.);
#433=ORIENTED_EDGE('',*,*,#843,.T.);
#434=ORIENTED_EDGE('',*,*,#805,.F.);
#435=ORIENTED_EDGE('',*,*,#730,.F.);
#436=ORIENTED_EDGE('',*,*,#737,.T.);
#437=ORIENTED_EDGE('',*,*,#844,.T.);
#438=ORIENTED_EDGE('',*,*,#804,.F.);
#439=ORIENTED_EDGE('',*,*,#845,.F.);
#440=ORIENTED_EDGE('',*,*,#673,.T.);
#441=ORIENTED_EDGE('',*,*,#732,.T.);
#442=ORIENTED_EDGE('',*,*,#803,.T.);
#443=ORIENTED_EDGE('',*,*,#846,.F.);
#444=ORIENTED_EDGE('',*,*,#674,.F.);
#445=ORIENTED_EDGE('',*,*,#845,.T.);
#446=ORIENTED_EDGE('',*,*,#802,.F.);
#447=ORIENTED_EDGE('',*,*,#847,.F.);
#448=ORIENTED_EDGE('',*,*,#675,.T.);
#449=ORIENTED_EDGE('',*,*,#846,.T.);
#450=ORIENTED_EDGE('',*,*,#801,.F.);
#451=ORIENTED_EDGE('',*,*,#848,.F.);
#452=ORIENTED_EDGE('',*,*,#676,.T.);
#453=ORIENTED_EDGE('',*,*,#847,.T.);
#454=ORIENTED_EDGE('',*,*,#800,.F.);
#455=ORIENTED_EDGE('',*,*,#849,.F.);
#456=ORIENTED_EDGE('',*,*,#677,.T.);
#457=ORIENTED_EDGE('',*,*,#848,.T.);
#458=ORIENTED_EDGE('',*,*,#799,.T.);
#459=ORIENTED_EDGE('',*,*,#850,.F.);
#460=ORIENTED_EDGE('',*,*,#678,.F.);
#461=ORIENTED_EDGE('',*,*,#849,.T.);
#462=ORIENTED_EDGE('',*,*,#798,.F.);
#463=ORIENTED_EDGE('',*,*,#851,.F.);
#464=ORIENTED_EDGE('',*,*,#679,.T.);
#465=ORIENTED_EDGE('',*,*,#850,.T.);
#466=ORIENTED_EDGE('',*,*,#797,.F.);
#467=ORIENTED_EDGE('',*,*,#852,.F.);
#468=ORIENTED_EDGE('',*,*,#680,.T.);
#469=ORIENTED_EDGE('',*,*,#851,.T.);
#470=ORIENTED_EDGE('',*,*,#796,.T.);
#471=ORIENTED_EDGE('',*,*,#853,.F.);
#472=ORIENTED_EDGE('',*,*,#681,.F.);
#473=ORIENTED_EDGE('',*,*,#852,.T.);
#474=ORIENTED_EDGE('',*,*,#795,.F.);
#475=ORIENTED_EDGE('',*,*,#854,.F.);
#476=ORIENTED_EDGE('',*,*,#682,.T.);
#477=ORIENTED_EDGE('',*,*,#853,.T.);
#478=ORIENTED_EDGE('',*,*,#794,.F.);
#479=ORIENTED_EDGE('',*,*,#855,.F.);
#480=ORIENTED_EDGE('',*,*,#683,.T.);
#481=ORIENTED_EDGE('',*,*,#854,.T.);
#482=ORIENTED_EDGE('',*,*,#793,.F.);
#483=ORIENTED_EDGE('',*,*,#856,.F.);
#484=ORIENTED_EDGE('',*,*,#684,.T.);
#485=ORIENTED_EDGE('',*,*,#855,.T.);
#486=ORIENTED_EDGE('',*,*,#792,.T.);
#487=ORIENTED_EDGE('',*,*,#857,.F.);
#488=ORIENTED_EDGE('',*,*,#685,.F.);
#489=ORIENTED_EDGE('',*,*,#856,.T.);
#490=ORIENTED_EDGE('',*,*,#791,.F.);
#491=ORIENTED_EDGE('',*,*,#858,.F.);
#492=ORIENTED_EDGE('',*,*,#686,.T.);
#493=ORIENTED_EDGE('',*,*,#857,.T.);
#494=ORIENTED_EDGE('',*,*,#790,.F.);
#495=ORIENTED_EDGE('',*,*,#859,.F.);
#496=ORIENTED_EDGE('',*,*,#687,.T.);
#497=ORIENTED_EDGE('',*,*,#858,.T.);
#498=ORIENTED_EDGE('',*,*,#789,.F.);
#499=ORIENTED_EDGE('',*,*,#860,.F.);
#500=ORIENTED_EDGE('',*,*,#688,.T.);
#501=ORIENTED_EDGE('',*,*,#859,.T.);
#502=ORIENTED_EDGE('',*,*,#788,.T.);
#503=ORIENTED_EDGE('',*,*,#861,.F.);
#504=ORIENTED_EDGE('',*,*,#689,.F.);
#505=ORIENTED_EDGE('',*,*,#860,.T.);
#506=ORIENTED_EDGE('',*,*,#787,.F.);
#507=ORIENTED_EDGE('',*,*,#862,.F.);
#508=ORIENTED_EDGE('',*,*,#690,.T.);
#509=ORIENTED_EDGE('',*,*,#861,.T.);
#510=ORIENTED_EDGE('',*,*,#786,.T.);
#511=ORIENTED_EDGE('',*,*,#863,.F.);
#512=ORIENTED_EDGE('',*,*,#691,.F.);
#513=ORIENTED_EDGE('',*,*,#862,.T.);
#514=ORIENTED_EDGE('',*,*,#785,.T.);
#515=ORIENTED_EDGE('',*,*,#864,.F.);
#516=ORIENTED_EDGE('',*,*,#692,.F.);
#517=ORIENTED_EDGE('',*,*,#863,.T.);
#518=ORIENTED_EDGE('',*,*,#784,.T.);
#519=ORIENTED_EDGE('',*,*,#865,.F.);
#520=ORIENTED_EDGE('',*,*,#693,.F.);
#521=ORIENTED_EDGE('',*,*,#864,.T.);
#522=ORIENTED_EDGE('',*,*,#783,.F.);
#523=ORIENTED_EDGE('',*,*,#866,.F.);
#524=ORIENTED_EDGE('',*,*,#694,.T.);
#525=ORIENTED_EDGE('',*,*,#865,.T.);
#526=ORIENTED_EDGE('',*,*,#782,.F.);
#527=ORIENTED_EDGE('',*,*,#867,.F.);
#528=ORIENTED_EDGE('',*,*,#695,.T.);
#529=ORIENTED_EDGE('',*,*,#866,.T.);
#530=ORIENTED_EDGE('',*,*,#781,.T.);
#531=ORIENTED_EDGE('',*,*,#868,.F.);
#532=ORIENTED_EDGE('',*,*,#696,.F.);
#533=ORIENTED_EDGE('',*,*,#867,.T.);
#534=ORIENTED_EDGE('',*,*,#780,.T.);
#535=ORIENTED_EDGE('',*,*,#869,.F.);
#536=ORIENTED_EDGE('',*,*,#697,.F.);
#537=ORIENTED_EDGE('',*,*,#868,.T.);
#538=ORIENTED_EDGE('',*,*,#779,.F.);
#539=ORIENTED_EDGE('',*,*,#870,.F.);
#540=ORIENTED_EDGE('',*,*,#698,.T.);
#541=ORIENTED_EDGE('',*,*,#869,.T.);
#542=ORIENTED_EDGE('',*,*,#778,.F.);
#543=ORIENTED_EDGE('',*,*,#871,.F.);
#544=ORIENTED_EDGE('',*,*,#699,.T.);
#545=ORIENTED_EDGE('',*,*,#870,.T.);
#546=ORIENTED_EDGE('',*,*,#777,.F.);
#547=ORIENTED_EDGE('',*,*,#872,.F.);
#548=ORIENTED_EDGE('',*,*,#700,.T.);
#549=ORIENTED_EDGE('',*,*,#871,.T.);
#550=ORIENTED_EDGE('',*,*,#776,.T.);
#551=ORIENTED_EDGE('',*,*,#873,.F.);
#552=ORIENTED_EDGE('',*,*,#701,.F.);
#553=ORIENTED_EDGE('',*,*,#872,.T.);
#554=ORIENTED_EDGE('',*,*,#775,.F.);
#555=ORIENTED_EDGE('',*,*,#874,.F.);
#556=ORIENTED_EDGE('',*,*,#702,.T.);
#557=ORIENTED_EDGE('',*,*,#873,.T.);
#558=ORIENTED_EDGE('',*,*,#774,.F.);
#559=ORIENTED_EDGE('',*,*,#875,.F.);
#560=ORIENTED_EDGE('',*,*,#703,.T.);
#561=ORIENTED_EDGE('',*,*,#874,.T.);
#562=ORIENTED_EDGE('',*,*,#773,.T.);
#563=ORIENTED_EDGE('',*,*,#822,.F.);
#564=ORIENTED_EDGE('',*,*,#704,.F.);
#565=ORIENTED_EDGE('',*,*,#875,.T.);
#566=ORIENTED_EDGE('',*,*,#748,.T.);
#567=ORIENTED_EDGE('',*,*,#876,.F.);
#568=ORIENTED_EDGE('',*,*,#749,.T.);
#569=ORIENTED_EDGE('',*,*,#877,.F.);
#570=ORIENTED_EDGE('',*,*,#750,.T.);
#571=ORIENTED_EDGE('',*,*,#878,.F.);
#572=ORIENTED_EDGE('',*,*,#751,.T.);
#573=ORIENTED_EDGE('',*,*,#879,.F.);
#574=ORIENTED_EDGE('',*,*,#752,.T.);
#575=ORIENTED_EDGE('',*,*,#880,.F.);
#576=ORIENTED_EDGE('',*,*,#753,.T.);
#577=ORIENTED_EDGE('',*,*,#881,.F.);
#578=ORIENTED_EDGE('',*,*,#754,.T.);
#579=ORIENTED_EDGE('',*,*,#882,.F.);
#580=ORIENTED_EDGE('',*,*,#755,.T.);
#581=ORIENTED_EDGE('',*,*,#883,.F.);
#582=ORIENTED_EDGE('',*,*,#756,.T.);
#583=ORIENTED_EDGE('',*,*,#884,.F.);
#584=ORIENTED_EDGE('',*,*,#757,.T.);
#585=ORIENTED_EDGE('',*,*,#885,.F.);
#586=ORIENTED_EDGE('',*,*,#758,.T.);
#587=ORIENTED_EDGE('',*,*,#886,.F.);
#588=ORIENTED_EDGE('',*,*,#759,.T.);
#589=ORIENTED_EDGE('',*,*,#887,.F.);
#590=ORIENTED_EDGE('',*,*,#760,.T.);
#591=ORIENTED_EDGE('',*,*,#888,.F.);
#592=ORIENTED_EDGE('',*,*,#761,.T.);
#593=ORIENTED_EDGE('',*,*,#889,.F.);
#594=ORIENTED_EDGE('',*,*,#762,.T.);
#595=ORIENTED_EDGE('',*,*,#890,.F.);
#596=ORIENTED_EDGE('',*,*,#712,.T.);
#597=ORIENTED_EDGE('',*,*,#891,.F.);
#598=ORIENTED_EDGE('',*,*,#891,.T.);
#599=ORIENTED_EDGE('',*,*,#890,.T.);
#600=ORIENTED_EDGE('',*,*,#889,.T.);
#601=ORIENTED_EDGE('',*,*,#888,.T.);
#602=ORIENTED_EDGE('',*,*,#887,.T.);
#603=ORIENTED_EDGE('',*,*,#886,.T.);
#604=ORIENTED_EDGE('',*,*,#885,.T.);
#605=ORIENTED_EDGE('',*,*,#884,.T.);
#606=ORIENTED_EDGE('',*,*,#883,.T.);
#607=ORIENTED_EDGE('',*,*,#882,.T.);
#608=ORIENTED_EDGE('',*,*,#881,.T.);
#609=ORIENTED_EDGE('',*,*,#880,.T.);
#610=ORIENTED_EDGE('',*,*,#879,.T.);
#611=ORIENTED_EDGE('',*,*,#878,.T.);
#612=ORIENTED_EDGE('',*,*,#877,.T.);
#613=ORIENTED_EDGE('',*,*,#876,.T.);
#614=ORIENTED_EDGE('',*,*,#892,.F.);
#615=ORIENTED_EDGE('',*,*,#646,.T.);
#616=ORIENTED_EDGE('',*,*,#892,.T.);
#617=ORIENTED_EDGE('',*,*,#893,.F.);
#618=ORIENTED_EDGE('',*,*,#645,.T.);
#619=ORIENTED_EDGE('',*,*,#893,.T.);
#620=ORIENTED_EDGE('',*,*,#894,.F.);
#621=ORIENTED_EDGE('',*,*,#644,.T.);
#622=ORIENTED_EDGE('',*,*,#894,.T.);
#623=ORIENTED_EDGE('',*,*,#665,.T.);
#624=ORIENTED_EDGE('',*,*,#895,.T.);
#625=ORIENTED_EDGE('',*,*,#895,.F.);
#626=ORIENTED_EDGE('',*,*,#711,.F.);
#627=ORIENTED_EDGE('',*,*,#896,.T.);
#628=ORIENTED_EDGE('',*,*,#896,.F.);
#629=ORIENTED_EDGE('',*,*,#713,.T.);
#630=ORIENTED_EDGE('',*,*,#651,.F.);
#631=ORIENTED_EDGE('',*,*,#718,.T.);
#632=ORIENTED_EDGE('',*,*,#831,.T.);
#633=ORIENTED_EDGE('',*,*,#720,.F.);
#634=EDGE_CURVE('',#897,#898,#1087,.T.);
#635=EDGE_CURVE('',#897,#899,#1088,.T.);
#636=EDGE_CURVE('',#899,#900,#1089,.T.);
#637=EDGE_CURVE('',#898,#900,#1090,.T.);
#638=EDGE_CURVE('',#901,#902,#1091,.T.);
#639=EDGE_CURVE('',#901,#903,#1092,.T.);
#640=EDGE_CURVE('',#903,#904,#1093,.T.);
#641=EDGE_CURVE('',#902,#904,#1094,.T.);
#642=EDGE_CURVE('',#897,#901,#1095,.T.);
#643=EDGE_CURVE('',#898,#903,#1096,.T.);
#644=EDGE_CURVE('',#905,#905,#44,.T.);
#645=EDGE_CURVE('',#906,#906,#45,.T.);
#646=EDGE_CURVE('',#907,#907,#46,.T.);
#647=EDGE_CURVE('',#899,#908,#1097,.T.);
#648=EDGE_CURVE('',#908,#909,#1098,.T.);
#649=EDGE_CURVE('',#909,#910,#1099,.T.);
#650=EDGE_CURVE('',#910,#911,#1100,.T.);
#651=EDGE_CURVE('',#911,#912,#1101,.T.);
#652=EDGE_CURVE('',#913,#912,#1102,.T.);
#653=EDGE_CURVE('',#913,#914,#1103,.T.);
#654=EDGE_CURVE('',#915,#914,#1104,.T.);
#655=EDGE_CURVE('',#916,#915,#1105,.T.);
#656=EDGE_CURVE('',#916,#917,#1106,.T.);
#657=EDGE_CURVE('',#917,#918,#1107,.T.);
#658=EDGE_CURVE('',#918,#919,#1108,.T.);
#659=EDGE_CURVE('',#920,#919,#1109,.T.);
#660=EDGE_CURVE('',#921,#920,#1110,.T.);
#661=EDGE_CURVE('',#921,#922,#1111,.T.);
#662=EDGE_CURVE('',#923,#922,#1112,.T.);
#663=EDGE_CURVE('',#923,#902,#1113,.T.);
#664=EDGE_CURVE('',#900,#904,#1114,.T.);
#665=EDGE_CURVE('',#924,#924,#47,.T.);
#666=EDGE_CURVE('',#925,#925,#48,.T.);
#667=EDGE_CURVE('',#926,#927,#1115,.T.);
#668=EDGE_CURVE('',#928,#927,#1116,.T.);
#669=EDGE_CURVE('',#929,#928,#1117,.T.);
#670=EDGE_CURVE('',#930,#929,#1118,.T.);
#671=EDGE_CURVE('',#930,#908,#1119,.T.);
#672=EDGE_CURVE('',#931,#923,#1120,.T.);
#673=EDGE_CURVE('',#932,#931,#49,.T.);
#674=EDGE_CURVE('',#932,#933,#1121,.T.);
#675=EDGE_CURVE('',#934,#933,#1122,.T.);
#676=EDGE_CURVE('',#935,#934,#1123,.T.);
#677=EDGE_CURVE('',#936,#935,#1124,.T.);
#678=EDGE_CURVE('',#936,#937,#1125,.T.);
#679=EDGE_CURVE('',#938,#937,#1126,.T.);
#680=EDGE_CURVE('',#939,#938,#50,.T.);
#681=EDGE_CURVE('',#939,#940,#1127,.T.);
#682=EDGE_CURVE('',#941,#940,#1128,.T.);
#683=EDGE_CURVE('',#942,#941,#1129,.T.);
#684=EDGE_CURVE('',#943,#942,#51,.T.);
#685=EDGE_CURVE('',#943,#944,#1130,.T.);
#686=EDGE_CURVE('',#945,#944,#1131,.T.);
#687=EDGE_CURVE('',#946,#945,#1132,.T.);
#688=EDGE_CURVE('',#947,#946,#52,.T.);
#689=EDGE_CURVE('',#947,#948,#1133,.T.);
#690=EDGE_CURVE('',#949,#948,#1134,.T.);
#691=EDGE_CURVE('',#949,#950,#1135,.T.);
#692=EDGE_CURVE('',#950,#951,#1136,.T.);
#693=EDGE_CURVE('',#951,#952,#1137,.T.);
#694=EDGE_CURVE('',#953,#952,#1138,.T.);
#695=EDGE_CURVE('',#954,#953,#53,.T.);
#696=EDGE_CURVE('',#954,#955,#1139,.T.);
#697=EDGE_CURVE('',#955,#956,#1140,.T.);
#698=EDGE_CURVE('',#957,#956,#1141,.T.);
#699=EDGE_CURVE('',#958,#957,#1142,.T.);
#700=EDGE_CURVE('',#959,#958,#54,.T.);
#701=EDGE_CURVE('',#959,#960,#1143,.T.);
#702=EDGE_CURVE('',#961,#960,#1144,.T.);
#703=EDGE_CURVE('',#962,#961,#1145,.T.);
#704=EDGE_CURVE('',#962,#963,#1146,.T.);
#705=EDGE_CURVE('',#964,#963,#1147,.T.);
#706=EDGE_CURVE('',#965,#964,#55,.T.);
#707=EDGE_CURVE('',#965,#966,#1148,.T.);
#708=EDGE_CURVE('',#967,#966,#1149,.T.);
#709=EDGE_CURVE('',#968,#967,#1150,.T.);
#710=EDGE_CURVE('',#926,#968,#56,.T.);
#711=EDGE_CURVE('',#969,#969,#57,.F.);
#712=EDGE_CURVE('',#970,#970,#58,.T.);
#713=EDGE_CURVE('',#971,#971,#59,.T.);
#714=EDGE_CURVE('',#930,#972,#1151,.T.);
#715=EDGE_CURVE('',#972,#909,#1152,.T.);
#716=EDGE_CURVE('',#910,#973,#1153,.T.);
#717=EDGE_CURVE('',#974,#973,#1154,.T.);
#718=EDGE_CURVE('',#911,#974,#1155,.T.);
#719=EDGE_CURVE('',#913,#975,#1156,.T.);
#720=EDGE_CURVE('',#912,#976,#1157,.T.);
#721=EDGE_CURVE('',#976,#975,#1158,.T.);
#722=EDGE_CURVE('',#977,#915,#1159,.T.);
#723=EDGE_CURVE('',#978,#914,#1160,.T.);
#724=EDGE_CURVE('',#977,#978,#1161,.T.);
#725=EDGE_CURVE('',#979,#916,#1162,.T.);
#726=EDGE_CURVE('',#979,#980,#1163,.T.);
#727=EDGE_CURVE('',#980,#917,#1164,.T.);
#728=EDGE_CURVE('',#921,#981,#1165,.T.);
#729=EDGE_CURVE('',#920,#982,#1166,.T.);
#730=EDGE_CURVE('',#982,#981,#1167,.T.);
#731=EDGE_CURVE('',#983,#922,#1168,.T.);
#732=EDGE_CURVE('',#931,#983,#1169,.T.);
#733=EDGE_CURVE('',#919,#984,#1170,.T.);
#734=EDGE_CURVE('',#984,#985,#1171,.T.);
#735=EDGE_CURVE('',#986,#985,#60,.T.);
#736=EDGE_CURVE('',#987,#986,#1172,.T.);
#737=EDGE_CURVE('',#982,#987,#1173,.T.);
#738=EDGE_CURVE('',#977,#988,#1174,.T.);
#739=EDGE_CURVE('',#988,#989,#1175,.T.);
#740=EDGE_CURVE('',#989,#990,#1176,.T.);
#741=EDGE_CURVE('',#990,#991,#1177,.T.);
#742=EDGE_CURVE('',#992,#991,#1178,.T.);
#743=EDGE_CURVE('',#993,#992,#1179,.T.);
#744=EDGE_CURVE('',#994,#993,#1180,.T.);
#745=EDGE_CURVE('',#995,#994,#61,.T.);
#746=EDGE_CURVE('',#996,#995,#1181,.T.);
#747=EDGE_CURVE('',#996,#979,#1182,.T.);
#748=EDGE_CURVE('',#997,#997,#62,.T.);
#749=EDGE_CURVE('',#998,#998,#63,.T.);
#750=EDGE_CURVE('',#999,#999,#64,.T.);
#751=EDGE_CURVE('',#1000,#1000,#65,.T.);
#752=EDGE_CURVE('',#1001,#1001,#66,.T.);
#753=EDGE_CURVE('',#1002,#1002,#67,.T.);
#754=EDGE_CURVE('',#1003,#1003,#68,.T.);
#755=EDGE_CURVE('',#1004,#1004,#69,.T.);
#756=EDGE_CURVE('',#1005,#1005,#70,.T.);
#757=EDGE_CURVE('',#1006,#1006,#71,.T.);
#758=EDGE_CURVE('',#1007,#1007,#72,.T.);
#759=EDGE_CURVE('',#1008,#1008,#73,.T.);
#760=EDGE_CURVE('',#1009,#1009,#74,.T.);
#761=EDGE_CURVE('',#1010,#1010,#75,.T.);
#762=EDGE_CURVE('',#1011,#1011,#76,.T.);
#763=EDGE_CURVE('',#972,#1012,#1183,.T.);
#764=EDGE_CURVE('',#1012,#1013,#1184,.T.);
#765=EDGE_CURVE('',#1013,#1014,#1185,.T.);
#766=EDGE_CURVE('',#1015,#1014,#1186,.T.);
#767=EDGE_CURVE('',#1015,#1016,#77,.T.);
#768=EDGE_CURVE('',#1016,#1017,#1187,.T.);
#769=EDGE_CURVE('',#1017,#1018,#1188,.T.);
#770=EDGE_CURVE('',#1019,#1018,#1189,.T.);
#771=EDGE_CURVE('',#1019,#1020,#78,.T.);
#772=EDGE_CURVE('',#1020,#1021,#1190,.T.);
#773=EDGE_CURVE('',#1022,#1021,#1191,.T.);
#774=EDGE_CURVE('',#1022,#1023,#1192,.T.);
#775=EDGE_CURVE('',#1023,#1024,#1193,.T.);
#776=EDGE_CURVE('',#1025,#1024,#1194,.T.);
#777=EDGE_CURVE('',#1025,#1026,#79,.T.);
#778=EDGE_CURVE('',#1026,#1027,#1195,.T.);
#779=EDGE_CURVE('',#1027,#1028,#1196,.T.);
#780=EDGE_CURVE('',#1029,#1028,#1197,.T.);
#781=EDGE_CURVE('',#1030,#1029,#1198,.T.);
#782=EDGE_CURVE('',#1030,#1031,#80,.T.);
#783=EDGE_CURVE('',#1031,#1032,#1199,.T.);
#784=EDGE_CURVE('',#1033,#1032,#1200,.T.);
#785=EDGE_CURVE('',#1034,#1033,#1201,.T.);
#786=EDGE_CURVE('',#1035,#1034,#1202,.T.);
#787=EDGE_CURVE('',#1035,#1036,#1203,.T.);
#788=EDGE_CURVE('',#1037,#1036,#1204,.T.);
#789=EDGE_CURVE('',#1037,#1038,#81,.T.);
#790=EDGE_CURVE('',#1038,#1039,#1205,.T.);
#791=EDGE_CURVE('',#1039,#1040,#1206,.T.);
#792=EDGE_CURVE('',#1041,#1040,#1207,.T.);
#793=EDGE_CURVE('',#1041,#1042,#82,.T.);
#794=EDGE_CURVE('',#1042,#1043,#1208,.T.);
#795=EDGE_CURVE('',#1043,#1044,#1209,.T.);
#796=EDGE_CURVE('',#1045,#1044,#1210,.T.);
#797=EDGE_CURVE('',#1045,#1046,#83,.T.);
#798=EDGE_CURVE('',#1046,#1047,#1211,.T.);
#799=EDGE_CURVE('',#1048,#1047,#1212,.T.);
#800=EDGE_CURVE('',#1048,#1049,#1213,.T.);
#801=EDGE_CURVE('',#1049,#1050,#1214,.T.);
#802=EDGE_CURVE('',#1050,#1051,#1215,.T.);
#803=EDGE_CURVE('',#1052,#1051,#1216,.T.);
#804=EDGE_CURVE('',#1052,#983,#84,.T.);
#805=EDGE_CURVE('',#981,#1053,#1217,.T.);
#806=EDGE_CURVE('',#1053,#1054,#1218,.T.);
#807=EDGE_CURVE('',#1054,#1055,#85,.T.);
#808=EDGE_CURVE('',#1056,#1055,#1219,.T.);
#809=EDGE_CURVE('',#918,#1056,#1220,.T.);
#810=EDGE_CURVE('',#1057,#980,#1221,.T.);
#811=EDGE_CURVE('',#1057,#1058,#1222,.T.);
#812=EDGE_CURVE('',#1058,#1059,#86,.T.);
#813=EDGE_CURVE('',#1059,#1060,#1223,.T.);
#814=EDGE_CURVE('',#1060,#1061,#1224,.T.);
#815=EDGE_CURVE('',#1061,#1062,#1225,.T.);
#816=EDGE_CURVE('',#1063,#1062,#1226,.T.);
#817=EDGE_CURVE('',#1064,#1063,#1227,.T.);
#818=EDGE_CURVE('',#1065,#1064,#1228,.T.);
#819=EDGE_CURVE('',#978,#1065,#1229,.T.);
#820=EDGE_CURVE('',#973,#975,#1230,.T.);
#821=EDGE_CURVE('',#964,#1020,#1231,.T.);
#822=EDGE_CURVE('',#963,#1021,#1232,.T.);
#823=EDGE_CURVE('',#965,#1019,#1233,.T.);
#824=EDGE_CURVE('',#966,#1018,#1234,.T.);
#825=EDGE_CURVE('',#967,#1017,#1235,.T.);
#826=EDGE_CURVE('',#968,#1016,#1236,.T.);
#827=EDGE_CURVE('',#926,#1015,#1237,.T.);
#828=EDGE_CURVE('',#927,#1014,#1238,.T.);
#829=EDGE_CURVE('',#928,#1013,#1239,.T.);
#830=EDGE_CURVE('',#929,#1012,#1240,.T.);
#831=EDGE_CURVE('',#974,#976,#1241,.T.);
#832=EDGE_CURVE('',#988,#1065,#1242,.T.);
#833=EDGE_CURVE('',#989,#1064,#1243,.T.);
#834=EDGE_CURVE('',#990,#1063,#1244,.T.);
#835=EDGE_CURVE('',#991,#1062,#1245,.T.);
#836=EDGE_CURVE('',#992,#1061,#1246,.T.);
#837=EDGE_CURVE('',#993,#1060,#1247,.T.);
#838=EDGE_CURVE('',#994,#1059,#1248,.T.);
#839=EDGE_CURVE('',#995,#1058,#1249,.T.);
#840=EDGE_CURVE('',#996,#1057,#1250,.T.);
#841=EDGE_CURVE('',#984,#1056,#1251,.T.);
#842=EDGE_CURVE('',#985,#1055,#1252,.T.);
#843=EDGE_CURVE('',#986,#1054,#1253,.T.);
#844=EDGE_CURVE('',#987,#1053,#1254,.T.);
#845=EDGE_CURVE('',#932,#1052,#1255,.T.);
#846=EDGE_CURVE('',#933,#1051,#1256,.T.);
#847=EDGE_CURVE('',#934,#1050,#1257,.T.);
#848=EDGE_CURVE('',#935,#1049,#1258,.T.);
#849=EDGE_CURVE('',#936,#1048,#1259,.T.);
#850=EDGE_CURVE('',#937,#1047,#1260,.T.);
#851=EDGE_CURVE('',#938,#1046,#1261,.T.);
#852=EDGE_CURVE('',#939,#1045,#1262,.T.);
#853=EDGE_CURVE('',#940,#1044,#1263,.T.);
#854=EDGE_CURVE('',#941,#1043,#1264,.T.);
#855=EDGE_CURVE('',#942,#1042,#1265,.T.);
#856=EDGE_CURVE('',#943,#1041,#1266,.T.);
#857=EDGE_CURVE('',#944,#1040,#1267,.T.);
#858=EDGE_CURVE('',#945,#1039,#1268,.T.);
#859=EDGE_CURVE('',#946,#1038,#1269,.T.);
#860=EDGE_CURVE('',#947,#1037,#1270,.T.);
#861=EDGE_CURVE('',#948,#1036,#1271,.T.);
#862=EDGE_CURVE('',#949,#1035,#1272,.T.);
#863=EDGE_CURVE('',#950,#1034,#1273,.T.);
#864=EDGE_CURVE('',#951,#1033,#1274,.T.);
#865=EDGE_CURVE('',#952,#1032,#1275,.T.);
#866=EDGE_CURVE('',#953,#1031,#1276,.T.);
#867=EDGE_CURVE('',#954,#1030,#1277,.T.);
#868=EDGE_CURVE('',#955,#1029,#1278,.T.);
#869=EDGE_CURVE('',#956,#1028,#1279,.T.);
#870=EDGE_CURVE('',#957,#1027,#1280,.T.);
#871=EDGE_CURVE('',#958,#1026,#1281,.T.);
#872=EDGE_CURVE('',#959,#1025,#1282,.T.);
#873=EDGE_CURVE('',#960,#1024,#1283,.T.);
#874=EDGE_CURVE('',#961,#1023,#1284,.T.);
#875=EDGE_CURVE('',#962,#1022,#1285,.T.);
#876=EDGE_CURVE('',#1066,#1066,#87,.T.);
#877=EDGE_CURVE('',#1067,#1067,#88,.T.);
#878=EDGE_CURVE('',#1068,#1068,#89,.T.);
#879=EDGE_CURVE('',#1069,#1069,#90,.T.);
#880=EDGE_CURVE('',#1070,#1070,#91,.T.);
#881=EDGE_CURVE('',#1071,#1071,#92,.T.);
#882=EDGE_CURVE('',#1072,#1072,#93,.T.);
#883=EDGE_CURVE('',#1073,#1073,#94,.T.);
#884=EDGE_CURVE('',#1074,#1074,#95,.T.);
#885=EDGE_CURVE('',#1075,#1075,#96,.T.);
#886=EDGE_CURVE('',#1076,#1076,#97,.T.);
#887=EDGE_CURVE('',#1077,#1077,#98,.T.);
#888=EDGE_CURVE('',#1078,#1078,#99,.T.);
#889=EDGE_CURVE('',#1079,#1079,#100,.T.);
#890=EDGE_CURVE('',#1080,#1080,#101,.T.);
#891=EDGE_CURVE('',#1081,#1081,#102,.T.);
#892=EDGE_CURVE('',#1082,#1082,#103,.T.);
#893=EDGE_CURVE('',#1083,#1083,#104,.T.);
#894=EDGE_CURVE('',#1084,#1084,#105,.T.);
#895=EDGE_CURVE('',#1085,#1085,#106,.T.);
#896=EDGE_CURVE('',#1086,#1086,#107,.T.);
#897=VERTEX_POINT('',#2783);
#898=VERTEX_POINT('',#2784);
#899=VERTEX_POINT('',#2786);
#900=VERTEX_POINT('',#2788);
#901=VERTEX_POINT('',#2792);
#902=VERTEX_POINT('',#2793);
#903=VERTEX_POINT('',#2795);
#904=VERTEX_POINT('',#2797);
#905=VERTEX_POINT('',#2804);
#906=VERTEX_POINT('',#2806);
#907=VERTEX_POINT('',#2808);
#908=VERTEX_POINT('',#2810);
#909=VERTEX_POINT('',#2812);
#910=VERTEX_POINT('',#2814);
#911=VERTEX_POINT('',#2816);
#912=VERTEX_POINT('',#2818);
#913=VERTEX_POINT('',#2820);
#914=VERTEX_POINT('',#2822);
#915=VERTEX_POINT('',#2824);
#916=VERTEX_POINT('',#2826);
#917=VERTEX_POINT('',#2828);
#918=VERTEX_POINT('',#2830);
#919=VERTEX_POINT('',#2832);
#920=VERTEX_POINT('',#2834);
#921=VERTEX_POINT('',#2836);
#922=VERTEX_POINT('',#2838);
#923=VERTEX_POINT('',#2840);
#924=VERTEX_POINT('',#2845);
#925=VERTEX_POINT('',#2847);
#926=VERTEX_POINT('',#2850);
#927=VERTEX_POINT('',#2851);
#928=VERTEX_POINT('',#2853);
#929=VERTEX_POINT('',#2855);
#930=VERTEX_POINT('',#2857);
#931=VERTEX_POINT('',#2860);
#932=VERTEX_POINT('',#2862);
#933=VERTEX_POINT('',#2864);
#934=VERTEX_POINT('',#2866);
#935=VERTEX_POINT('',#2868);
#936=VERTEX_POINT('',#2870);
#937=VERTEX_POINT('',#2872);
#938=VERTEX_POINT('',#2874);
#939=VERTEX_POINT('',#2876);
#940=VERTEX_POINT('',#2878);
#941=VERTEX_POINT('',#2880);
#942=VERTEX_POINT('',#2882);
#943=VERTEX_POINT('',#2884);
#944=VERTEX_POINT('',#2886);
#945=VERTEX_POINT('',#2888);
#946=VERTEX_POINT('',#2890);
#947=VERTEX_POINT('',#2892);
#948=VERTEX_POINT('',#2894);
#949=VERTEX_POINT('',#2896);
#950=VERTEX_POINT('',#2898);
#951=VERTEX_POINT('',#2900);
#952=VERTEX_POINT('',#2902);
#953=VERTEX_POINT('',#2904);
#954=VERTEX_POINT('',#2906);
#955=VERTEX_POINT('',#2908);
#956=VERTEX_POINT('',#2910);
#957=VERTEX_POINT('',#2912);
#958=VERTEX_POINT('',#2914);
#959=VERTEX_POINT('',#2916);
#960=VERTEX_POINT('',#2918);
#961=VERTEX_POINT('',#2920);
#962=VERTEX_POINT('',#2922);
#963=VERTEX_POINT('',#2924);
#964=VERTEX_POINT('',#2926);
#965=VERTEX_POINT('',#2928);
#966=VERTEX_POINT('',#2930);
#967=VERTEX_POINT('',#2932);
#968=VERTEX_POINT('',#2934);
#969=VERTEX_POINT('',#2937);
#970=VERTEX_POINT('',#2939);
#971=VERTEX_POINT('',#2941);
#972=VERTEX_POINT('',#2944);
#973=VERTEX_POINT('',#2948);
#974=VERTEX_POINT('',#2950);
#975=VERTEX_POINT('',#2954);
#976=VERTEX_POINT('',#2956);
#977=VERTEX_POINT('',#2960);
#978=VERTEX_POINT('',#2962);
#979=VERTEX_POINT('',#2966);
#980=VERTEX_POINT('',#2968);
#981=VERTEX_POINT('',#2972);
#982=VERTEX_POINT('',#2974);
#983=VERTEX_POINT('',#2978);
#984=VERTEX_POINT('',#2982);
#985=VERTEX_POINT('',#2984);
#986=VERTEX_POINT('',#2986);
#987=VERTEX_POINT('',#2988);
#988=VERTEX_POINT('',#2992);
#989=VERTEX_POINT('',#2994);
#990=VERTEX_POINT('',#2996);
#991=VERTEX_POINT('',#2998);
#992=VERTEX_POINT('',#3000);
#993=VERTEX_POINT('',#3002);
#994=VERTEX_POINT('',#3004);
#995=VERTEX_POINT('',#3006);
#996=VERTEX_POINT('',#3008);
#997=VERTEX_POINT('',#3011);
#998=VERTEX_POINT('',#3013);
#999=VERTEX_POINT('',#3015);
#1000=VERTEX_POINT('',#3017);
#1001=VERTEX_POINT('',#3019);
#1002=VERTEX_POINT('',#3021);
#1003=VERTEX_POINT('',#3023);
#1004=VERTEX_POINT('',#3025);
#1005=VERTEX_POINT('',#3027);
#1006=VERTEX_POINT('',#3029);
#1007=VERTEX_POINT('',#3031);
#1008=VERTEX_POINT('',#3033);
#1009=VERTEX_POINT('',#3035);
#1010=VERTEX_POINT('',#3037);
#1011=VERTEX_POINT('',#3039);
#1012=VERTEX_POINT('',#3042);
#1013=VERTEX_POINT('',#3044);
#1014=VERTEX_POINT('',#3046);
#1015=VERTEX_POINT('',#3048);
#1016=VERTEX_POINT('',#3050);
#1017=VERTEX_POINT('',#3052);
#1018=VERTEX_POINT('',#3054);
#1019=VERTEX_POINT('',#3056);
#1020=VERTEX_POINT('',#3058);
#1021=VERTEX_POINT('',#3060);
#1022=VERTEX_POINT('',#3062);
#1023=VERTEX_POINT('',#3064);
#1024=VERTEX_POINT('',#3066);
#1025=VERTEX_POINT('',#3068);
#1026=VERTEX_POINT('',#3070);
#1027=VERTEX_POINT('',#3072);
#1028=VERTEX_POINT('',#3074);
#1029=VERTEX_POINT('',#3076);
#1030=VERTEX_POINT('',#3078);
#1031=VERTEX_POINT('',#3080);
#1032=VERTEX_POINT('',#3082);
#1033=VERTEX_POINT('',#3084);
#1034=VERTEX_POINT('',#3086);
#1035=VERTEX_POINT('',#3088);
#1036=VERTEX_POINT('',#3090);
#1037=VERTEX_POINT('',#3092);
#1038=VERTEX_POINT('',#3094);
#1039=VERTEX_POINT('',#3096);
#1040=VERTEX_POINT('',#3098);
#1041=VERTEX_POINT('',#3100);
#1042=VERTEX_POINT('',#3102);
#1043=VERTEX_POINT('',#3104);
#1044=VERTEX_POINT('',#3106);
#1045=VERTEX_POINT('',#3108);
#1046=VERTEX_POINT('',#3110);
#1047=VERTEX_POINT('',#3112);
#1048=VERTEX_POINT('',#3114);
#1049=VERTEX_POINT('',#3116);
#1050=VERTEX_POINT('',#3118);
#1051=VERTEX_POINT('',#3120);
#1052=VERTEX_POINT('',#3122);
#1053=VERTEX_POINT('',#3125);
#1054=VERTEX_POINT('',#3127);
#1055=VERTEX_POINT('',#3129);
#1056=VERTEX_POINT('',#3131);
#1057=VERTEX_POINT('',#3134);
#1058=VERTEX_POINT('',#3136);
#1059=VERTEX_POINT('',#3138);
#1060=VERTEX_POINT('',#3140);
#1061=VERTEX_POINT('',#3142);
#1062=VERTEX_POINT('',#3144);
#1063=VERTEX_POINT('',#3146);
#1064=VERTEX_POINT('',#3148);
#1065=VERTEX_POINT('',#3150);
#1066=VERTEX_POINT('',#3269);
#1067=VERTEX_POINT('',#3272);
#1068=VERTEX_POINT('',#3275);
#1069=VERTEX_POINT('',#3278);
#1070=VERTEX_POINT('',#3281);
#1071=VERTEX_POINT('',#3284);
#1072=VERTEX_POINT('',#3287);
#1073=VERTEX_POINT('',#3290);
#1074=VERTEX_POINT('',#3293);
#1075=VERTEX_POINT('',#3296);
#1076=VERTEX_POINT('',#3299);
#1077=VERTEX_POINT('',#3302);
#1078=VERTEX_POINT('',#3305);
#1079=VERTEX_POINT('',#3308);
#1080=VERTEX_POINT('',#3311);
#1081=VERTEX_POINT('',#3314);
#1082=VERTEX_POINT('',#3333);
#1083=VERTEX_POINT('',#3337);
#1084=VERTEX_POINT('',#3341);
#1085=VERTEX_POINT('',#3346);
#1086=VERTEX_POINT('',#3350);
#1087=LINE('',#2782,#1286);
#1088=LINE('',#2785,#1287);
#1089=LINE('',#2787,#1288);
#1090=LINE('',#2789,#1289);
#1091=LINE('',#2791,#1290);
#1092=LINE('',#2794,#1291);
#1093=LINE('',#2796,#1292);
#1094=LINE('',#2798,#1293);
#1095=LINE('',#2800,#1294);
#1096=LINE('',#2801,#1295);
#1097=LINE('',#2809,#1296);
#1098=LINE('',#2811,#1297);
#1099=LINE('',#2813,#1298);
#1100=LINE('',#2815,#1299);
#1101=LINE('',#2817,#1300);
#1102=LINE('',#2819,#1301);
#1103=LINE('',#2821,#1302);
#1104=LINE('',#2823,#1303);
#1105=LINE('',#2825,#1304);
#1106=LINE('',#2827,#1305);
#1107=LINE('',#2829,#1306);
#1108=LINE('',#2831,#1307);
#1109=LINE('',#2833,#1308);
#1110=LINE('',#2835,#1309);
#1111=LINE('',#2837,#1310);
#1112=LINE('',#2839,#1311);
#1113=LINE('',#2841,#1312);
#1114=LINE('',#2842,#1313);
#1115=LINE('',#2849,#1314);
#1116=LINE('',#2852,#1315);
#1117=LINE('',#2854,#1316);
#1118=LINE('',#2856,#1317);
#1119=LINE('',#2858,#1318);
#1120=LINE('',#2859,#1319);
#1121=LINE('',#2863,#1320);
#1122=LINE('',#2865,#1321);
#1123=LINE('',#2867,#1322);
#1124=LINE('',#2869,#1323);
#1125=LINE('',#2871,#1324);
#1126=LINE('',#2873,#1325);
#1127=LINE('',#2877,#1326);
#1128=LINE('',#2879,#1327);
#1129=LINE('',#2881,#1328);
#1130=LINE('',#2885,#1329);
#1131=LINE('',#2887,#1330);
#1132=LINE('',#2889,#1331);
#1133=LINE('',#2893,#1332);
#1134=LINE('',#2895,#1333);
#1135=LINE('',#2897,#1334);
#1136=LINE('',#2899,#1335);
#1137=LINE('',#2901,#1336);
#1138=LINE('',#2903,#1337);
#1139=LINE('',#2907,#1338);
#1140=LINE('',#2909,#1339);
#1141=LINE('',#2911,#1340);
#1142=LINE('',#2913,#1341);
#1143=LINE('',#2917,#1342);
#1144=LINE('',#2919,#1343);
#1145=LINE('',#2921,#1344);
#1146=LINE('',#2923,#1345);
#1147=LINE('',#2925,#1346);
#1148=LINE('',#2929,#1347);
#1149=LINE('',#2931,#1348);
#1150=LINE('',#2933,#1349);
#1151=LINE('',#2943,#1350);
#1152=LINE('',#2945,#1351);
#1153=LINE('',#2947,#1352);
#1154=LINE('',#2949,#1353);
#1155=LINE('',#2951,#1354);
#1156=LINE('',#2953,#1355);
#1157=LINE('',#2955,#1356);
#1158=LINE('',#2957,#1357);
#1159=LINE('',#2959,#1358);
#1160=LINE('',#2961,#1359);
#1161=LINE('',#2963,#1360);
#1162=LINE('',#2965,#1361);
#1163=LINE('',#2967,#1362);
#1164=LINE('',#2969,#1363);
#1165=LINE('',#2971,#1364);
#1166=LINE('',#2973,#1365);
#1167=LINE('',#2975,#1366);
#1168=LINE('',#2977,#1367);
#1169=LINE('',#2979,#1368);
#1170=LINE('',#2981,#1369);
#1171=LINE('',#2983,#1370);
#1172=LINE('',#2987,#1371);
#1173=LINE('',#2989,#1372);
#1174=LINE('',#2991,#1373);
#1175=LINE('',#2993,#1374);
#1176=LINE('',#2995,#1375);
#1177=LINE('',#2997,#1376);
#1178=LINE('',#2999,#1377);
#1179=LINE('',#3001,#1378);
#1180=LINE('',#3003,#1379);
#1181=LINE('',#3007,#1380);
#1182=LINE('',#3009,#1381);
#1183=LINE('',#3041,#1382);
#1184=LINE('',#3043,#1383);
#1185=LINE('',#3045,#1384);
#1186=LINE('',#3047,#1385);
#1187=LINE('',#3051,#1386);
#1188=LINE('',#3053,#1387);
#1189=LINE('',#3055,#1388);
#1190=LINE('',#3059,#1389);
#1191=LINE('',#3061,#1390);
#1192=LINE('',#3063,#1391);
#1193=LINE('',#3065,#1392);
#1194=LINE('',#3067,#1393);
#1195=LINE('',#3071,#1394);
#1196=LINE('',#3073,#1395);
#1197=LINE('',#3075,#1396);
#1198=LINE('',#3077,#1397);
#1199=LINE('',#3081,#1398);
#1200=LINE('',#3083,#1399);
#1201=LINE('',#3085,#1400);
#1202=LINE('',#3087,#1401);
#1203=LINE('',#3089,#1402);
#1204=LINE('',#3091,#1403);
#1205=LINE('',#3095,#1404);
#1206=LINE('',#3097,#1405);
#1207=LINE('',#3099,#1406);
#1208=LINE('',#3103,#1407);
#1209=LINE('',#3105,#1408);
#1210=LINE('',#3107,#1409);
#1211=LINE('',#3111,#1410);
#1212=LINE('',#3113,#1411);
#1213=LINE('',#3115,#1412);
#1214=LINE('',#3117,#1413);
#1215=LINE('',#3119,#1414);
#1216=LINE('',#3121,#1415);
#1217=LINE('',#3124,#1416);
#1218=LINE('',#3126,#1417);
#1219=LINE('',#3130,#1418);
#1220=LINE('',#3132,#1419);
#1221=LINE('',#3133,#1420);
#1222=LINE('',#3135,#1421);
#1223=LINE('',#3139,#1422);
#1224=LINE('',#3141,#1423);
#1225=LINE('',#3143,#1424);
#1226=LINE('',#3145,#1425);
#1227=LINE('',#3147,#1426);
#1228=LINE('',#3149,#1427);
#1229=LINE('',#3151,#1428);
#1230=LINE('',#3152,#1429);
#1231=LINE('',#3155,#1430);
#1232=LINE('',#3156,#1431);
#1233=LINE('',#3158,#1432);
#1234=LINE('',#3160,#1433);
#1235=LINE('',#3162,#1434);
#1236=LINE('',#3164,#1435);
#1237=LINE('',#3166,#1436);
#1238=LINE('',#3168,#1437);
#1239=LINE('',#3170,#1438);
#1240=LINE('',#3172,#1439);
#1241=LINE('',#3175,#1440);
#1242=LINE('',#3177,#1441);
#1243=LINE('',#3179,#1442);
#1244=LINE('',#3181,#1443);
#1245=LINE('',#3183,#1444);
#1246=LINE('',#3185,#1445);
#1247=LINE('',#3187,#1446);
#1248=LINE('',#3189,#1447);
#1249=LINE('',#3191,#1448);
#1250=LINE('',#3193,#1449);
#1251=LINE('',#3196,#1450);
#1252=LINE('',#3198,#1451);
#1253=LINE('',#3200,#1452);
#1254=LINE('',#3202,#1453);
#1255=LINE('',#3205,#1454);
#1256=LINE('',#3207,#1455);
#1257=LINE('',#3209,#1456);
#1258=LINE('',#3211,#1457);
#1259=LINE('',#3213,#1458);
#1260=LINE('',#3215,#1459);
#1261=LINE('',#3217,#1460);
#1262=LINE('',#3219,#1461);
#1263=LINE('',#3221,#1462);
#1264=LINE('',#3223,#1463);
#1265=LINE('',#3225,#1464);
#1266=LINE('',#3227,#1465);
#1267=LINE('',#3229,#1466);
#1268=LINE('',#3231,#1467);
#1269=LINE('',#3233,#1468);
#1270=LINE('',#3235,#1469);
#1271=LINE('',#3237,#1470);
#1272=LINE('',#3239,#1471);
#1273=LINE('',#3241,#1472);
#1274=LINE('',#3243,#1473);
#1275=LINE('',#3245,#1474);
#1276=LINE('',#3247,#1475);
#1277=LINE('',#3249,#1476);
#1278=LINE('',#3251,#1477);
#1279=LINE('',#3253,#1478);
#1280=LINE('',#3255,#1479);
#1281=LINE('',#3257,#1480);
#1282=LINE('',#3259,#1481);
#1283=LINE('',#3261,#1482);
#1284=LINE('',#3263,#1483);
#1285=LINE('',#3265,#1484);
#1286=VECTOR('',#2217,1.);
#1287=VECTOR('',#2218,1.);
#1288=VECTOR('',#2219,1.);
#1289=VECTOR('',#2220,1.);
#1290=VECTOR('',#2223,1.);
#1291=VECTOR('',#2224,1.);
#1292=VECTOR('',#2225,1.);
#1293=VECTOR('',#2226,1.);
#1294=VECTOR('',#2229,1.);
#1295=VECTOR('',#2230,1.);
#1296=VECTOR('',#2239,1.);
#1297=VECTOR('',#2240,1.);
#1298=VECTOR('',#2241,1.);
#1299=VECTOR('',#2242,1.);
#1300=VECTOR('',#2243,1.);
#1301=VECTOR('',#2244,1.);
#1302=VECTOR('',#2245,1.);
#1303=VECTOR('',#2246,1.);
#1304=VECTOR('',#2247,1.);
#1305=VECTOR('',#2248,1.);
#1306=VECTOR('',#2249,1.);
#1307=VECTOR('',#2250,1.);
#1308=VECTOR('',#2251,1.);
#1309=VECTOR('',#2252,1.);
#1310=VECTOR('',#2253,1.);
#1311=VECTOR('',#2254,1.);
#1312=VECTOR('',#2255,1.);
#1313=VECTOR('',#2256,1.);
#1314=VECTOR('',#2265,1.);
#1315=VECTOR('',#2266,1.);
#1316=VECTOR('',#2267,1.);
#1317=VECTOR('',#2268,1.);
#1318=VECTOR('',#2269,1.);
#1319=VECTOR('',#2270,1.);
#1320=VECTOR('',#2273,1.);
#1321=VECTOR('',#2274,1.);
#1322=VECTOR('',#2275,1.);
#1323=VECTOR('',#2276,1.);
#1324=VECTOR('',#2277,1.);
#1325=VECTOR('',#2278,1.);
#1326=VECTOR('',#2281,1.);
#1327=VECTOR('',#2282,1.);
#1328=VECTOR('',#2283,1.);
#1329=VECTOR('',#2286,1.);
#1330=VECTOR('',#2287,1.);
#1331=VECTOR('',#2288,1.);
#1332=VECTOR('',#2291,1.);
#1333=VECTOR('',#2292,1.);
#1334=VECTOR('',#2293,1.);
#1335=VECTOR('',#2294,1.);
#1336=VECTOR('',#2295,1.);
#1337=VECTOR('',#2296,1.);
#1338=VECTOR('',#2299,1.);
#1339=VECTOR('',#2300,1.);
#1340=VECTOR('',#2301,1.);
#1341=VECTOR('',#2302,1.);
#1342=VECTOR('',#2305,1.);
#1343=VECTOR('',#2306,1.);
#1344=VECTOR('',#2307,1.);
#1345=VECTOR('',#2308,1.);
#1346=VECTOR('',#2309,1.);
#1347=VECTOR('',#2312,1.);
#1348=VECTOR('',#2313,1.);
#1349=VECTOR('',#2314,1.);
#1350=VECTOR('',#2325,1.);
#1351=VECTOR('',#2326,1.);
#1352=VECTOR('',#2329,1.);
#1353=VECTOR('',#2330,1.);
#1354=VECTOR('',#2331,1.);
#1355=VECTOR('',#2334,1.);
#1356=VECTOR('',#2335,1.);
#1357=VECTOR('',#2336,1.);
#1358=VECTOR('',#2339,1.);
#1359=VECTOR('',#2340,1.);
#1360=VECTOR('',#2341,1.);
#1361=VECTOR('',#2344,1.);
#1362=VECTOR('',#2345,1.);
#1363=VECTOR('',#2346,1.);
#1364=VECTOR('',#2349,1.);
#1365=VECTOR('',#2350,1.);
#1366=VECTOR('',#2351,1.);
#1367=VECTOR('',#2354,1.);
#1368=VECTOR('',#2355,1.);
#1369=VECTOR('',#2358,1.);
#1370=VECTOR('',#2359,1.);
#1371=VECTOR('',#2362,1.);
#1372=VECTOR('',#2363,1.);
#1373=VECTOR('',#2366,1.);
#1374=VECTOR('',#2367,1.);
#1375=VECTOR('',#2368,1.);
#1376=VECTOR('',#2369,1.);
#1377=VECTOR('',#2370,1.);
#1378=VECTOR('',#2371,1.);
#1379=VECTOR('',#2372,1.);
#1380=VECTOR('',#2375,1.);
#1381=VECTOR('',#2376,1.);
#1382=VECTOR('',#2409,1.);
#1383=VECTOR('',#2410,1.);
#1384=VECTOR('',#2411,1.);
#1385=VECTOR('',#2412,1.);
#1386=VECTOR('',#2415,1.);
#1387=VECTOR('',#2416,1.);
#1388=VECTOR('',#2417,1.);
#1389=VECTOR('',#2420,1.);
#1390=VECTOR('',#2421,1.);
#1391=VECTOR('',#2422,1.);
#1392=VECTOR('',#2423,1.);
#1393=VECTOR('',#2424,1.);
#1394=VECTOR('',#2427,1.);
#1395=VECTOR('',#2428,1.);
#1396=VECTOR('',#2429,1.);
#1397=VECTOR('',#2430,1.);
#1398=VECTOR('',#2433,1.);
#1399=VECTOR('',#2434,1.);
#1400=VECTOR('',#2435,1.);
#1401=VECTOR('',#2436,1.);
#1402=VECTOR('',#2437,1.);
#1403=VECTOR('',#2438,1.);
#1404=VECTOR('',#2441,1.);
#1405=VECTOR('',#2442,1.);
#1406=VECTOR('',#2443,1.);
#1407=VECTOR('',#2446,1.);
#1408=VECTOR('',#2447,1.);
#1409=VECTOR('',#2448,1.);
#1410=VECTOR('',#2451,1.);
#1411=VECTOR('',#2452,1.);
#1412=VECTOR('',#2453,1.);
#1413=VECTOR('',#2454,1.);
#1414=VECTOR('',#2455,1.);
#1415=VECTOR('',#2456,1.);
#1416=VECTOR('',#2459,1.);
#1417=VECTOR('',#2460,1.);
#1418=VECTOR('',#2463,1.);
#1419=VECTOR('',#2464,1.);
#1420=VECTOR('',#2465,1.);
#1421=VECTOR('',#2466,1.);
#1422=VECTOR('',#2469,1.);
#1423=VECTOR('',#2470,1.);
#1424=VECTOR('',#2471,1.);
#1425=VECTOR('',#2472,1.);
#1426=VECTOR('',#2473,1.);
#1427=VECTOR('',#2474,1.);
#1428=VECTOR('',#2475,1.);
#1429=VECTOR('',#2476,1.);
#1430=VECTOR('',#2481,1.);
#1431=VECTOR('',#2482,1.);
#1432=VECTOR('',#2485,1.);
#1433=VECTOR('',#2488,1.);
#1434=VECTOR('',#2491,1.);
#1435=VECTOR('',#2494,1.);
#1436=VECTOR('',#2497,1.);
#1437=VECTOR('',#2500,1.);
#1438=VECTOR('',#2503,1.);
#1439=VECTOR('',#2506,1.);
#1440=VECTOR('',#2511,1.);
#1441=VECTOR('',#2514,1.);
#1442=VECTOR('',#2517,1.);
#1443=VECTOR('',#2520,1.);
#1444=VECTOR('',#2523,1.);
#1445=VECTOR('',#2526,1.);
#1446=VECTOR('',#2529,1.);
#1447=VECTOR('',#2532,1.);
#1448=VECTOR('',#2535,1.);
#1449=VECTOR('',#2538,1.);
#1450=VECTOR('',#2543,1.);
#1451=VECTOR('',#2546,1.);
#1452=VECTOR('',#2549,1.);
#1453=VECTOR('',#2552,1.);
#1454=VECTOR('',#2557,1.);
#1455=VECTOR('',#2560,1.);
#1456=VECTOR('',#2563,1.);
#1457=VECTOR('',#2566,1.);
#1458=VECTOR('',#2569,1.);
#1459=VECTOR('',#2572,1.);
#1460=VECTOR('',#2575,1.);
#1461=VECTOR('',#2578,1.);
#1462=VECTOR('',#2581,1.);
#1463=VECTOR('',#2584,1.);
#1464=VECTOR('',#2587,1.);
#1465=VECTOR('',#2590,1.);
#1466=VECTOR('',#2593,1.);
#1467=VECTOR('',#2596,1.);
#1468=VECTOR('',#2599,1.);
#1469=VECTOR('',#2602,1.);
#1470=VECTOR('',#2605,1.);
#1471=VECTOR('',#2608,1.);
#1472=VECTOR('',#2611,1.);
#1473=VECTOR('',#2614,1.);
#1474=VECTOR('',#2617,1.);
#1475=VECTOR('',#2620,1.);
#1476=VECTOR('',#2623,1.);
#1477=VECTOR('',#2626,1.);
#1478=VECTOR('',#2629,1.);
#1479=VECTOR('',#2632,1.);
#1480=VECTOR('',#2635,1.);
#1481=VECTOR('',#2638,1.);
#1482=VECTOR('',#2641,1.);
#1483=VECTOR('',#2644,1.);
#1484=VECTOR('',#2647,1.);
#1485=EDGE_LOOP('',(#108,#109,#110,#111));
#1486=EDGE_LOOP('',(#112,#113,#114,#115));
#1487=EDGE_LOOP('',(#116,#117,#118,#119));
#1488=EDGE_LOOP('',(#120));
#1489=EDGE_LOOP('',(#121));
#1490=EDGE_LOOP('',(#122));
#1491=EDGE_LOOP('',(#123,#124,#125,#126,#127,#128,#129,#130,#131,#132,#133,
#134,#135,#136,#137,#138,#139,#140,#141,#142));
#1492=EDGE_LOOP('',(#143));
#1493=EDGE_LOOP('',(#144));
#1494=EDGE_LOOP('',(#145,#146,#147,#148,#149,#150,#151,#152,#153,#154,#155,
#156,#157,#158,#159,#160,#161,#162,#163,#164,#165,#166,#167,#168,#169,#170,
#171,#172,#173,#174,#175,#176,#177,#178,#179,#180,#181,#182,#183,#184,#185,
#186,#187,#188,#189,#190,#191,#192,#193));
#1495=EDGE_LOOP('',(#194));
#1496=EDGE_LOOP('',(#195));
#1497=EDGE_LOOP('',(#196));
#1498=EDGE_LOOP('',(#197));
#1499=EDGE_LOOP('',(#198,#199,#200,#201));
#1500=EDGE_LOOP('',(#202,#203,#204,#205));
#1501=EDGE_LOOP('',(#206,#207,#208,#209));
#1502=EDGE_LOOP('',(#210,#211,#212,#213));
#1503=EDGE_LOOP('',(#214,#215,#216,#217));
#1504=EDGE_LOOP('',(#218,#219,#220,#221));
#1505=EDGE_LOOP('',(#222,#223,#224,#225));
#1506=EDGE_LOOP('',(#226,#227,#228,#229,#230,#231,#232));
#1507=EDGE_LOOP('',(#233,#234,#235,#236,#237,#238,#239,#240,#241,#242,#243,
#244,#245));
#1508=EDGE_LOOP('',(#246));
#1509=EDGE_LOOP('',(#247));
#1510=EDGE_LOOP('',(#248));
#1511=EDGE_LOOP('',(#249));
#1512=EDGE_LOOP('',(#250));
#1513=EDGE_LOOP('',(#251));
#1514=EDGE_LOOP('',(#252));
#1515=EDGE_LOOP('',(#253));
#1516=EDGE_LOOP('',(#254));
#1517=EDGE_LOOP('',(#255));
#1518=EDGE_LOOP('',(#256));
#1519=EDGE_LOOP('',(#257));
#1520=EDGE_LOOP('',(#258));
#1521=EDGE_LOOP('',(#259));
#1522=EDGE_LOOP('',(#260));
#1523=EDGE_LOOP('',(#261,#262,#263,#264,#265,#266,#267,#268,#269,#270,#271,
#272,#273,#274,#275,#276,#277,#278,#279,#280,#281,#282,#283,#284,#285,#286,
#287,#288,#289,#290,#291,#292,#293,#294,#295,#296,#297,#298,#299,#300,#301,
#302,#303,#304,#305,#306,#307,#308,#309,#310,#311,#312,#313,#314,#315,#316,
#317,#318,#319,#320,#321,#322,#323,#324,#325,#326,#327,#328,#329));
#1524=EDGE_LOOP('',(#330,#331,#332,#333));
#1525=EDGE_LOOP('',(#334,#335,#336,#337));
#1526=EDGE_LOOP('',(#338,#339,#340,#341));
#1527=EDGE_LOOP('',(#342,#343,#344,#345));
#1528=EDGE_LOOP('',(#346,#347,#348,#349));
#1529=EDGE_LOOP('',(#350,#351,#352,#353));
#1530=EDGE_LOOP('',(#354,#355,#356,#357));
#1531=EDGE_LOOP('',(#358,#359,#360,#361));
#1532=EDGE_LOOP('',(#362,#363,#364,#365));
#1533=EDGE_LOOP('',(#366,#367,#368,#369));
#1534=EDGE_LOOP('',(#370,#371,#372,#373));
#1535=EDGE_LOOP('',(#374,#375,#376,#377));
#1536=EDGE_LOOP('',(#378,#379,#380,#381));
#1537=EDGE_LOOP('',(#382,#383,#384,#385));
#1538=EDGE_LOOP('',(#386,#387,#388,#389));
#1539=EDGE_LOOP('',(#390,#391,#392,#393));
#1540=EDGE_LOOP('',(#394,#395,#396,#397));
#1541=EDGE_LOOP('',(#398,#399,#400,#401));
#1542=EDGE_LOOP('',(#402,#403,#404,#405));
#1543=EDGE_LOOP('',(#406,#407,#408,#409));
#1544=EDGE_LOOP('',(#410,#411,#412,#413));
#1545=EDGE_LOOP('',(#414,#415,#416,#417));
#1546=EDGE_LOOP('',(#418,#419,#420,#421));
#1547=EDGE_LOOP('',(#422,#423,#424,#425));
#1548=EDGE_LOOP('',(#426,#427,#428,#429));
#1549=EDGE_LOOP('',(#430,#431,#432,#433));
#1550=EDGE_LOOP('',(#434,#435,#436,#437));
#1551=EDGE_LOOP('',(#438,#439,#440,#441));
#1552=EDGE_LOOP('',(#442,#443,#444,#445));
#1553=EDGE_LOOP('',(#446,#447,#448,#449));
#1554=EDGE_LOOP('',(#450,#451,#452,#453));
#1555=EDGE_LOOP('',(#454,#455,#456,#457));
#1556=EDGE_LOOP('',(#458,#459,#460,#461));
#1557=EDGE_LOOP('',(#462,#463,#464,#465));
#1558=EDGE_LOOP('',(#466,#467,#468,#469));
#1559=EDGE_LOOP('',(#470,#471,#472,#473));
#1560=EDGE_LOOP('',(#474,#475,#476,#477));
#1561=EDGE_LOOP('',(#478,#479,#480,#481));
#1562=EDGE_LOOP('',(#482,#483,#484,#485));
#1563=EDGE_LOOP('',(#486,#487,#488,#489));
#1564=EDGE_LOOP('',(#490,#491,#492,#493));
#1565=EDGE_LOOP('',(#494,#495,#496,#497));
#1566=EDGE_LOOP('',(#498,#499,#500,#501));
#1567=EDGE_LOOP('',(#502,#503,#504,#505));
#1568=EDGE_LOOP('',(#506,#507,#508,#509));
#1569=EDGE_LOOP('',(#510,#511,#512,#513));
#1570=EDGE_LOOP('',(#514,#515,#516,#517));
#1571=EDGE_LOOP('',(#518,#519,#520,#521));
#1572=EDGE_LOOP('',(#522,#523,#524,#525));
#1573=EDGE_LOOP('',(#526,#527,#528,#529));
#1574=EDGE_LOOP('',(#530,#531,#532,#533));
#1575=EDGE_LOOP('',(#534,#535,#536,#537));
#1576=EDGE_LOOP('',(#538,#539,#540,#541));
#1577=EDGE_LOOP('',(#542,#543,#544,#545));
#1578=EDGE_LOOP('',(#546,#547,#548,#549));
#1579=EDGE_LOOP('',(#550,#551,#552,#553));
#1580=EDGE_LOOP('',(#554,#555,#556,#557));
#1581=EDGE_LOOP('',(#558,#559,#560,#561));
#1582=EDGE_LOOP('',(#562,#563,#564,#565));
#1583=EDGE_LOOP('',(#566));
#1584=EDGE_LOOP('',(#567));
#1585=EDGE_LOOP('',(#568));
#1586=EDGE_LOOP('',(#569));
#1587=EDGE_LOOP('',(#570));
#1588=EDGE_LOOP('',(#571));
#1589=EDGE_LOOP('',(#572));
#1590=EDGE_LOOP('',(#573));
#1591=EDGE_LOOP('',(#574));
#1592=EDGE_LOOP('',(#575));
#1593=EDGE_LOOP('',(#576));
#1594=EDGE_LOOP('',(#577));
#1595=EDGE_LOOP('',(#578));
#1596=EDGE_LOOP('',(#579));
#1597=EDGE_LOOP('',(#580));
#1598=EDGE_LOOP('',(#581));
#1599=EDGE_LOOP('',(#582));
#1600=EDGE_LOOP('',(#583));
#1601=EDGE_LOOP('',(#584));
#1602=EDGE_LOOP('',(#585));
#1603=EDGE_LOOP('',(#586));
#1604=EDGE_LOOP('',(#587));
#1605=EDGE_LOOP('',(#588));
#1606=EDGE_LOOP('',(#589));
#1607=EDGE_LOOP('',(#590));
#1608=EDGE_LOOP('',(#591));
#1609=EDGE_LOOP('',(#592));
#1610=EDGE_LOOP('',(#593));
#1611=EDGE_LOOP('',(#594));
#1612=EDGE_LOOP('',(#595));
#1613=EDGE_LOOP('',(#596));
#1614=EDGE_LOOP('',(#597));
#1615=EDGE_LOOP('',(#598));
#1616=EDGE_LOOP('',(#599));
#1617=EDGE_LOOP('',(#600));
#1618=EDGE_LOOP('',(#601));
#1619=EDGE_LOOP('',(#602));
#1620=EDGE_LOOP('',(#603));
#1621=EDGE_LOOP('',(#604));
#1622=EDGE_LOOP('',(#605));
#1623=EDGE_LOOP('',(#606));
#1624=EDGE_LOOP('',(#607));
#1625=EDGE_LOOP('',(#608));
#1626=EDGE_LOOP('',(#609));
#1627=EDGE_LOOP('',(#610));
#1628=EDGE_LOOP('',(#611));
#1629=EDGE_LOOP('',(#612));
#1630=EDGE_LOOP('',(#613));
#1631=EDGE_LOOP('',(#614));
#1632=EDGE_LOOP('',(#615));
#1633=EDGE_LOOP('',(#616));
#1634=EDGE_LOOP('',(#617));
#1635=EDGE_LOOP('',(#618));
#1636=EDGE_LOOP('',(#619));
#1637=EDGE_LOOP('',(#620));
#1638=EDGE_LOOP('',(#621));
#1639=EDGE_LOOP('',(#622));
#1640=EDGE_LOOP('',(#623));
#1641=EDGE_LOOP('',(#624));
#1642=EDGE_LOOP('',(#625));
#1643=EDGE_LOOP('',(#626));
#1644=EDGE_LOOP('',(#627));
#1645=EDGE_LOOP('',(#628));
#1646=EDGE_LOOP('',(#629));
#1647=EDGE_LOOP('',(#630,#631,#632,#633));
#1648=FACE_BOUND('',#1485,.T.);
#1649=FACE_BOUND('',#1486,.T.);
#1650=FACE_BOUND('',#1487,.T.);
#1651=FACE_BOUND('',#1488,.T.);
#1652=FACE_BOUND('',#1489,.T.);
#1653=FACE_BOUND('',#1490,.T.);
#1654=FACE_BOUND('',#1491,.T.);
#1655=FACE_BOUND('',#1492,.T.);
#1656=FACE_BOUND('',#1493,.T.);
#1657=FACE_BOUND('',#1494,.T.);
#1658=FACE_BOUND('',#1495,.T.);
#1659=FACE_BOUND('',#1496,.T.);
#1660=FACE_BOUND('',#1497,.T.);
#1661=FACE_BOUND('',#1498,.T.);
#1662=FACE_BOUND('',#1499,.T.);
#1663=FACE_BOUND('',#1500,.T.);
#1664=FACE_BOUND('',#1501,.T.);
#1665=FACE_BOUND('',#1502,.T.);
#1666=FACE_BOUND('',#1503,.T.);
#1667=FACE_BOUND('',#1504,.T.);
#1668=FACE_BOUND('',#1505,.T.);
#1669=FACE_BOUND('',#1506,.T.);
#1670=FACE_BOUND('',#1507,.T.);
#1671=FACE_BOUND('',#1508,.T.);
#1672=FACE_BOUND('',#1509,.T.);
#1673=FACE_BOUND('',#1510,.T.);
#1674=FACE_BOUND('',#1511,.T.);
#1675=FACE_BOUND('',#1512,.T.);
#1676=FACE_BOUND('',#1513,.T.);
#1677=FACE_BOUND('',#1514,.T.);
#1678=FACE_BOUND('',#1515,.T.);
#1679=FACE_BOUND('',#1516,.T.);
#1680=FACE_BOUND('',#1517,.T.);
#1681=FACE_BOUND('',#1518,.T.);
#1682=FACE_BOUND('',#1519,.T.);
#1683=FACE_BOUND('',#1520,.T.);
#1684=FACE_BOUND('',#1521,.T.);
#1685=FACE_BOUND('',#1522,.T.);
#1686=FACE_BOUND('',#1523,.T.);
#1687=FACE_BOUND('',#1524,.T.);
#1688=FACE_BOUND('',#1525,.T.);
#1689=FACE_BOUND('',#1526,.T.);
#1690=FACE_BOUND('',#1527,.T.);
#1691=FACE_BOUND('',#1528,.T.);
#1692=FACE_BOUND('',#1529,.T.);
#1693=FACE_BOUND('',#1530,.T.);
#1694=FACE_BOUND('',#1531,.T.);
#1695=FACE_BOUND('',#1532,.T.);
#1696=FACE_BOUND('',#1533,.T.);
#1697=FACE_BOUND('',#1534,.T.);
#1698=FACE_BOUND('',#1535,.T.);
#1699=FACE_BOUND('',#1536,.T.);
#1700=FACE_BOUND('',#1537,.T.);
#1701=FACE_BOUND('',#1538,.T.);
#1702=FACE_BOUND('',#1539,.T.);
#1703=FACE_BOUND('',#1540,.T.);
#1704=FACE_BOUND('',#1541,.T.);
#1705=FACE_BOUND('',#1542,.T.);
#1706=FACE_BOUND('',#1543,.T.);
#1707=FACE_BOUND('',#1544,.T.);
#1708=FACE_BOUND('',#1545,.T.);
#1709=FACE_BOUND('',#1546,.T.);
#1710=FACE_BOUND('',#1547,.T.);
#1711=FACE_BOUND('',#1548,.T.);
#1712=FACE_BOUND('',#1549,.T.);
#1713=FACE_BOUND('',#1550,.T.);
#1714=FACE_BOUND('',#1551,.T.);
#1715=FACE_BOUND('',#1552,.T.);
#1716=FACE_BOUND('',#1553,.T.);
#1717=FACE_BOUND('',#1554,.T.);
#1718=FACE_BOUND('',#1555,.T.);
#1719=FACE_BOUND('',#1556,.T.);
#1720=FACE_BOUND('',#1557,.T.);
#1721=FACE_BOUND('',#1558,.T.);
#1722=FACE_BOUND('',#1559,.T.);
#1723=FACE_BOUND('',#1560,.T.);
#1724=FACE_BOUND('',#1561,.T.);
#1725=FACE_BOUND('',#1562,.T.);
#1726=FACE_BOUND('',#1563,.T.);
#1727=FACE_BOUND('',#1564,.T.);
#1728=FACE_BOUND('',#1565,.T.);
#1729=FACE_BOUND('',#1566,.T.);
#1730=FACE_BOUND('',#1567,.T.);
#1731=FACE_BOUND('',#1568,.T.);
#1732=FACE_BOUND('',#1569,.T.);
#1733=FACE_BOUND('',#1570,.T.);
#1734=FACE_BOUND('',#1571,.T.);
#1735=FACE_BOUND('',#1572,.T.);
#1736=FACE_BOUND('',#1573,.T.);
#1737=FACE_BOUND('',#1574,.T.);
#1738=FACE_BOUND('',#1575,.T.);
#1739=FACE_BOUND('',#1576,.T.);
#1740=FACE_BOUND('',#1577,.T.);
#1741=FACE_BOUND('',#1578,.T.);
#1742=FACE_BOUND('',#1579,.T.);
#1743=FACE_BOUND('',#1580,.T.);
#1744=FACE_BOUND('',#1581,.T.);
#1745=FACE_BOUND('',#1582,.T.);
#1746=FACE_BOUND('',#1583,.T.);
#1747=FACE_BOUND('',#1584,.T.);
#1748=FACE_BOUND('',#1585,.T.);
#1749=FACE_BOUND('',#1586,.T.);
#1750=FACE_BOUND('',#1587,.T.);
#1751=FACE_BOUND('',#1588,.T.);
#1752=FACE_BOUND('',#1589,.T.);
#1753=FACE_BOUND('',#1590,.T.);
#1754=FACE_BOUND('',#1591,.T.);
#1755=FACE_BOUND('',#1592,.T.);
#1756=FACE_BOUND('',#1593,.T.);
#1757=FACE_BOUND('',#1594,.T.);
#1758=FACE_BOUND('',#1595,.T.);
#1759=FACE_BOUND('',#1596,.T.);
#1760=FACE_BOUND('',#1597,.T.);
#1761=FACE_BOUND('',#1598,.T.);
#1762=FACE_BOUND('',#1599,.T.);
#1763=FACE_BOUND('',#1600,.T.);
#1764=FACE_BOUND('',#1601,.T.);
#1765=FACE_BOUND('',#1602,.T.);
#1766=FACE_BOUND('',#1603,.T.);
#1767=FACE_BOUND('',#1604,.T.);
#1768=FACE_BOUND('',#1605,.T.);
#1769=FACE_BOUND('',#1606,.T.);
#1770=FACE_BOUND('',#1607,.T.);
#1771=FACE_BOUND('',#1608,.T.);
#1772=FACE_BOUND('',#1609,.T.);
#1773=FACE_BOUND('',#1610,.T.);
#1774=FACE_BOUND('',#1611,.T.);
#1775=FACE_BOUND('',#1612,.T.);
#1776=FACE_BOUND('',#1613,.T.);
#1777=FACE_BOUND('',#1614,.T.);
#1778=FACE_BOUND('',#1615,.T.);
#1779=FACE_BOUND('',#1616,.T.);
#1780=FACE_BOUND('',#1617,.T.);
#1781=FACE_BOUND('',#1618,.T.);
#1782=FACE_BOUND('',#1619,.T.);
#1783=FACE_BOUND('',#1620,.T.);
#1784=FACE_BOUND('',#1621,.T.);
#1785=FACE_BOUND('',#1622,.T.);
#1786=FACE_BOUND('',#1623,.T.);
#1787=FACE_BOUND('',#1624,.T.);
#1788=FACE_BOUND('',#1625,.T.);
#1789=FACE_BOUND('',#1626,.T.);
#1790=FACE_BOUND('',#1627,.T.);
#1791=FACE_BOUND('',#1628,.T.);
#1792=FACE_BOUND('',#1629,.T.);
#1793=FACE_BOUND('',#1630,.T.);
#1794=FACE_BOUND('',#1631,.T.);
#1795=FACE_BOUND('',#1632,.T.);
#1796=FACE_BOUND('',#1633,.T.);
#1797=FACE_BOUND('',#1634,.T.);
#1798=FACE_BOUND('',#1635,.T.);
#1799=FACE_BOUND('',#1636,.T.);
#1800=FACE_BOUND('',#1637,.T.);
#1801=FACE_BOUND('',#1638,.T.);
#1802=FACE_BOUND('',#1639,.T.);
#1803=FACE_BOUND('',#1640,.T.);
#1804=FACE_BOUND('',#1641,.T.);
#1805=FACE_BOUND('',#1642,.T.);
#1806=FACE_BOUND('',#1643,.T.);
#1807=FACE_BOUND('',#1644,.T.);
#1808=FACE_BOUND('',#1645,.T.);
#1809=FACE_BOUND('',#1646,.T.);
#1810=FACE_BOUND('',#1647,.T.);
#1811=PLANE('',#2030);
#1812=PLANE('',#2031);
#1813=PLANE('',#2032);
#1814=PLANE('',#2033);
#1815=PLANE('',#2040);
#1816=PLANE('',#2052);
#1817=PLANE('',#2053);
#1818=PLANE('',#2054);
#1819=PLANE('',#2055);
#1820=PLANE('',#2056);
#1821=PLANE('',#2057);
#1822=PLANE('',#2058);
#1823=PLANE('',#2059);
#1824=PLANE('',#2061);
#1825=PLANE('',#2078);
#1826=PLANE('',#2089);
#1827=PLANE('',#2090);
#1828=PLANE('',#2092);
#1829=PLANE('',#2093);
#1830=PLANE('',#2094);
#1831=PLANE('',#2096);
#1832=PLANE('',#2097);
#1833=PLANE('',#2098);
#1834=PLANE('',#2099);
#1835=PLANE('',#2100);
#1836=PLANE('',#2101);
#1837=PLANE('',#2102);
#1838=PLANE('',#2103);
#1839=PLANE('',#2104);
#1840=PLANE('',#2105);
#1841=PLANE('',#2106);
#1842=PLANE('',#2107);
#1843=PLANE('',#2109);
#1844=PLANE('',#2110);
#1845=PLANE('',#2111);
#1846=PLANE('',#2112);
#1847=PLANE('',#2114);
#1848=PLANE('',#2115);
#1849=PLANE('',#2117);
#1850=PLANE('',#2118);
#1851=PLANE('',#2119);
#1852=PLANE('',#2120);
#1853=PLANE('',#2121);
#1854=PLANE('',#2122);
#1855=PLANE('',#2124);
#1856=PLANE('',#2125);
#1857=PLANE('',#2126);
#1858=PLANE('',#2128);
#1859=PLANE('',#2129);
#1860=PLANE('',#2130);
#1861=PLANE('',#2132);
#1862=PLANE('',#2133);
#1863=PLANE('',#2134);
#1864=PLANE('',#2135);
#1865=PLANE('',#2136);
#1866=PLANE('',#2137);
#1867=PLANE('',#2139);
#1868=PLANE('',#2140);
#1869=PLANE('',#2141);
#1870=PLANE('',#2142);
#1871=PLANE('',#2144);
#1872=PLANE('',#2145);
#1873=PLANE('',#2146);
#1874=PLANE('',#2147);
#1875=PLANE('',#2180);
#1876=PLANE('',#2181);
#1877=PLANE('',#2182);
#1878=PLANE('',#2183);
#1879=PLANE('',#2184);
#1880=PLANE('',#2185);
#1881=PLANE('',#2186);
#1882=PLANE('',#2187);
#1883=PLANE('',#2188);
#1884=PLANE('',#2189);
#1885=PLANE('',#2190);
#1886=PLANE('',#2191);
#1887=PLANE('',#2192);
#1888=PLANE('',#2193);
#1889=PLANE('',#2194);
#1890=PLANE('',#2195);
#1891=PLANE('',#2198);
#1892=PLANE('',#2201);
#1893=PLANE('',#2204);
#1894=PLANE('',#2205);
#1895=PLANE('',#2206);
#1896=PLANE('',#2209);
#1897=PLANE('',#2212);
#1898=ADVANCED_FACE('',(#1648),#1811,.T.);
#1899=ADVANCED_FACE('',(#1649),#1812,.F.);
#1900=ADVANCED_FACE('',(#1650),#1813,.F.);
#1901=ADVANCED_FACE('',(#1651,#1652,#1653,#1654),#1814,.T.);
#1902=ADVANCED_FACE('',(#1655,#1656),#12,.F.);
#1903=ADVANCED_FACE('',(#1657,#1658,#1659,#1660,#1661),#1815,.T.);
#1904=ADVANCED_FACE('',(#1662),#1816,.F.);
#1905=ADVANCED_FACE('',(#1663),#1817,.F.);
#1906=ADVANCED_FACE('',(#1664),#1818,.T.);
#1907=ADVANCED_FACE('',(#1665),#1819,.T.);
#1908=ADVANCED_FACE('',(#1666),#1820,.F.);
#1909=ADVANCED_FACE('',(#1667),#1821,.T.);
#1910=ADVANCED_FACE('',(#1668),#1822,.T.);
#1911=ADVANCED_FACE('',(#1669),#1823,.T.);
#1912=ADVANCED_FACE('',(#1670,#1671,#1672,#1673,#1674,#1675,#1676,#1677,
#1678,#1679,#1680,#1681,#1682,#1683,#1684,#1685),#1824,.T.);
#1913=ADVANCED_FACE('',(#1686),#1825,.F.);
#1914=ADVANCED_FACE('',(#1687),#1826,.T.);
#1915=ADVANCED_FACE('',(#1688),#1827,.T.);
#1916=ADVANCED_FACE('',(#1689),#13,.F.);
#1917=ADVANCED_FACE('',(#1690),#1828,.F.);
#1918=ADVANCED_FACE('',(#1691),#1829,.T.);
#1919=ADVANCED_FACE('',(#1692),#1830,.T.);
#1920=ADVANCED_FACE('',(#1693),#14,.F.);
#1921=ADVANCED_FACE('',(#1694),#1831,.F.);
#1922=ADVANCED_FACE('',(#1695),#1832,.T.);
#1923=ADVANCED_FACE('',(#1696),#1833,.T.);
#1924=ADVANCED_FACE('',(#1697),#1834,.T.);
#1925=ADVANCED_FACE('',(#1698),#1835,.F.);
#1926=ADVANCED_FACE('',(#1699),#1836,.F.);
#1927=ADVANCED_FACE('',(#1700),#1837,.F.);
#1928=ADVANCED_FACE('',(#1701),#1838,.F.);
#1929=ADVANCED_FACE('',(#1702),#1839,.F.);
#1930=ADVANCED_FACE('',(#1703),#1840,.T.);
#1931=ADVANCED_FACE('',(#1704),#1841,.T.);
#1932=ADVANCED_FACE('',(#1705),#1842,.T.);
#1933=ADVANCED_FACE('',(#1706),#15,.F.);
#1934=ADVANCED_FACE('',(#1707),#1843,.T.);
#1935=ADVANCED_FACE('',(#1708),#1844,.F.);
#1936=ADVANCED_FACE('',(#1709),#1845,.F.);
#1937=ADVANCED_FACE('',(#1710),#1846,.F.);
#1938=ADVANCED_FACE('',(#1711),#16,.F.);
#1939=ADVANCED_FACE('',(#1712),#1847,.T.);
#1940=ADVANCED_FACE('',(#1713),#1848,.T.);
#1941=ADVANCED_FACE('',(#1714),#17,.F.);
#1942=ADVANCED_FACE('',(#1715),#1849,.F.);
#1943=ADVANCED_FACE('',(#1716),#1850,.T.);
#1944=ADVANCED_FACE('',(#1717),#1851,.T.);
#1945=ADVANCED_FACE('',(#1718),#1852,.T.);
#1946=ADVANCED_FACE('',(#1719),#1853,.F.);
#1947=ADVANCED_FACE('',(#1720),#1854,.T.);
#1948=ADVANCED_FACE('',(#1721),#18,.F.);
#1949=ADVANCED_FACE('',(#1722),#1855,.F.);
#1950=ADVANCED_FACE('',(#1723),#1856,.T.);
#1951=ADVANCED_FACE('',(#1724),#1857,.T.);
#1952=ADVANCED_FACE('',(#1725),#19,.F.);
#1953=ADVANCED_FACE('',(#1726),#1858,.F.);
#1954=ADVANCED_FACE('',(#1727),#1859,.T.);
#1955=ADVANCED_FACE('',(#1728),#1860,.T.);
#1956=ADVANCED_FACE('',(#1729),#20,.F.);
#1957=ADVANCED_FACE('',(#1730),#1861,.F.);
#1958=ADVANCED_FACE('',(#1731),#1862,.T.);
#1959=ADVANCED_FACE('',(#1732),#1863,.F.);
#1960=ADVANCED_FACE('',(#1733),#1864,.F.);
#1961=ADVANCED_FACE('',(#1734),#1865,.F.);
#1962=ADVANCED_FACE('',(#1735),#1866,.T.);
#1963=ADVANCED_FACE('',(#1736),#21,.F.);
#1964=ADVANCED_FACE('',(#1737),#1867,.F.);
#1965=ADVANCED_FACE('',(#1738),#1868,.F.);
#1966=ADVANCED_FACE('',(#1739),#1869,.T.);
#1967=ADVANCED_FACE('',(#1740),#1870,.T.);
#1968=ADVANCED_FACE('',(#1741),#22,.F.);
#1969=ADVANCED_FACE('',(#1742),#1871,.F.);
#1970=ADVANCED_FACE('',(#1743),#1872,.T.);
#1971=ADVANCED_FACE('',(#1744),#1873,.T.);
#1972=ADVANCED_FACE('',(#1745),#1874,.F.);
#1973=ADVANCED_FACE('',(#1746,#1747),#23,.F.);
#1974=ADVANCED_FACE('',(#1748,#1749),#24,.F.);
#1975=ADVANCED_FACE('',(#1750,#1751),#25,.F.);
#1976=ADVANCED_FACE('',(#1752,#1753),#26,.F.);
#1977=ADVANCED_FACE('',(#1754,#1755),#27,.F.);
#1978=ADVANCED_FACE('',(#1756,#1757),#28,.F.);
#1979=ADVANCED_FACE('',(#1758,#1759),#29,.F.);
#1980=ADVANCED_FACE('',(#1760,#1761),#30,.F.);
#1981=ADVANCED_FACE('',(#1762,#1763),#31,.F.);
#1982=ADVANCED_FACE('',(#1764,#1765),#32,.F.);
#1983=ADVANCED_FACE('',(#1766,#1767),#33,.F.);
#1984=ADVANCED_FACE('',(#1768,#1769),#34,.F.);
#1985=ADVANCED_FACE('',(#1770,#1771),#35,.F.);
#1986=ADVANCED_FACE('',(#1772,#1773),#36,.F.);
#1987=ADVANCED_FACE('',(#1774,#1775),#37,.F.);
#1988=ADVANCED_FACE('',(#1776,#1777),#38,.F.);
#1989=ADVANCED_FACE('',(#1778),#1875,.F.);
#1990=ADVANCED_FACE('',(#1779),#1876,.F.);
#1991=ADVANCED_FACE('',(#1780),#1877,.F.);
#1992=ADVANCED_FACE('',(#1781),#1878,.F.);
#1993=ADVANCED_FACE('',(#1782),#1879,.F.);
#1994=ADVANCED_FACE('',(#1783),#1880,.F.);
#1995=ADVANCED_FACE('',(#1784),#1881,.F.);
#1996=ADVANCED_FACE('',(#1785),#1882,.F.);
#1997=ADVANCED_FACE('',(#1786),#1883,.F.);
#1998=ADVANCED_FACE('',(#1787),#1884,.F.);
#1999=ADVANCED_FACE('',(#1788),#1885,.F.);
#2000=ADVANCED_FACE('',(#1789),#1886,.F.);
#2001=ADVANCED_FACE('',(#1790),#1887,.F.);
#2002=ADVANCED_FACE('',(#1791),#1888,.F.);
#2003=ADVANCED_FACE('',(#1792),#1889,.F.);
#2004=ADVANCED_FACE('',(#1793),#1890,.F.);
#2005=ADVANCED_FACE('',(#1794,#1795),#39,.F.);
#2006=ADVANCED_FACE('',(#1796),#1891,.T.);
#2007=ADVANCED_FACE('',(#1797,#1798),#40,.F.);
#2008=ADVANCED_FACE('',(#1799),#1892,.T.);
#2009=ADVANCED_FACE('',(#1800,#1801),#41,.F.);
#2010=ADVANCED_FACE('',(#1802),#1893,.T.);
#2011=ADVANCED_FACE('',(#1803),#1894,.T.);
#2012=ADVANCED_FACE('',(#1804),#1895,.T.);
#2013=ADVANCED_FACE('',(#1805,#1806),#42,.F.);
#2014=ADVANCED_FACE('',(#1807),#1896,.T.);
#2015=ADVANCED_FACE('',(#1808,#1809),#43,.F.);
#2016=ADVANCED_FACE('',(#1810),#1897,.T.);
#2017=CLOSED_SHELL('',(#1898,#1899,#1900,#1901,#1902,#1903,#1904,#1905,
#1906,#1907,#1908,#1909,#1910,#1911,#1912,#1913,#1914,#1915,#1916,#1917,
#1918,#1919,#1920,#1921,#1922,#1923,#1924,#1925,#1926,#1927,#1928,#1929,
#1930,#1931,#1932,#1933,#1934,#1935,#1936,#1937,#1938,#1939,#1940,#1941,
#1942,#1943,#1944,#1945,#1946,#1947,#1948,#1949,#1950,#1951,#1952,#1953,
#1954,#1955,#1956,#1957,#1958,#1959,#1960,#1961,#1962,#1963,#1964,#1965,
#1966,#1967,#1968,#1969,#1970,#1971,#1972,#1973,#1974,#1975,#1976,#1977,
#1978,#1979,#1980,#1981,#1982,#1983,#1984,#1985,#1986,#1987,#1988,#1989,
#1990,#1991,#1992,#1993,#1994,#1995,#1996,#1997,#1998,#1999,#2000,#2001,
#2002,#2003,#2004,#2005,#2006,#2007,#2008,#2009,#2010,#2011,#2012,#2013,
#2014,#2015,#2016));
#2018=STYLED_ITEM('',(#2019),#2026);
#2019=PRESENTATION_STYLE_ASSIGNMENT((#2020));
#2020=SURFACE_STYLE_USAGE(.BOTH.,#2021);
#2021=SURFACE_SIDE_STYLE('',(#2022));
#2022=SURFACE_STYLE_FILL_AREA(#2023);
#2023=FILL_AREA_STYLE('',(#2024));
#2024=FILL_AREA_STYLE_COLOUR('',#2025);
#2025=COLOUR_RGB('',0.615686274509804,0.811764705882353,0.929411764705882);
#2026=MANIFOLD_SOLID_BREP('Part 3',#2017);
#2027=SHAPE_DEFINITION_REPRESENTATION(#3359,#2028);
#2028=SHAPE_REPRESENTATION('Part 3',(#2029),#3354);
#2029=AXIS2_PLACEMENT_3D('',#2780,#2213,#2214);
#2030=AXIS2_PLACEMENT_3D('',#2781,#2215,#2216);
#2031=AXIS2_PLACEMENT_3D('',#2790,#2221,#2222);
#2032=AXIS2_PLACEMENT_3D('',#2799,#2227,#2228);
#2033=AXIS2_PLACEMENT_3D('',#2802,#2231,#2232);
#2034=AXIS2_PLACEMENT_3D('',#2803,#2233,#2234);
#2035=AXIS2_PLACEMENT_3D('',#2805,#2235,#2236);
#2036=AXIS2_PLACEMENT_3D('',#2807,#2237,#2238);
#2037=AXIS2_PLACEMENT_3D('',#2843,#2257,#2258);
#2038=AXIS2_PLACEMENT_3D('',#2844,#2259,#2260);
#2039=AXIS2_PLACEMENT_3D('',#2846,#2261,#2262);
#2040=AXIS2_PLACEMENT_3D('',#2848,#2263,#2264);
#2041=AXIS2_PLACEMENT_3D('',#2861,#2271,#2272);
#2042=AXIS2_PLACEMENT_3D('',#2875,#2279,#2280);
#2043=AXIS2_PLACEMENT_3D('',#2883,#2284,#2285);
#2044=AXIS2_PLACEMENT_3D('',#2891,#2289,#2290);
#2045=AXIS2_PLACEMENT_3D('',#2905,#2297,#2298);
#2046=AXIS2_PLACEMENT_3D('',#2915,#2303,#2304);
#2047=AXIS2_PLACEMENT_3D('',#2927,#2310,#2311);
#2048=AXIS2_PLACEMENT_3D('',#2935,#2315,#2316);
#2049=AXIS2_PLACEMENT_3D('',#2936,#2317,#2318);
#2050=AXIS2_PLACEMENT_3D('',#2938,#2319,#2320);
#2051=AXIS2_PLACEMENT_3D('',#2940,#2321,#2322);
#2052=AXIS2_PLACEMENT_3D('',#2942,#2323,#2324);
#2053=AXIS2_PLACEMENT_3D('',#2946,#2327,#2328);
#2054=AXIS2_PLACEMENT_3D('',#2952,#2332,#2333);
#2055=AXIS2_PLACEMENT_3D('',#2958,#2337,#2338);
#2056=AXIS2_PLACEMENT_3D('',#2964,#2342,#2343);
#2057=AXIS2_PLACEMENT_3D('',#2970,#2347,#2348);
#2058=AXIS2_PLACEMENT_3D('',#2976,#2352,#2353);
#2059=AXIS2_PLACEMENT_3D('',#2980,#2356,#2357);
#2060=AXIS2_PLACEMENT_3D('',#2985,#2360,#2361);
#2061=AXIS2_PLACEMENT_3D('',#2990,#2364,#2365);
#2062=AXIS2_PLACEMENT_3D('',#3005,#2373,#2374);
#2063=AXIS2_PLACEMENT_3D('',#3010,#2377,#2378);
#2064=AXIS2_PLACEMENT_3D('',#3012,#2379,#2380);
#2065=AXIS2_PLACEMENT_3D('',#3014,#2381,#2382);
#2066=AXIS2_PLACEMENT_3D('',#3016,#2383,#2384);
#2067=AXIS2_PLACEMENT_3D('',#3018,#2385,#2386);
#2068=AXIS2_PLACEMENT_3D('',#3020,#2387,#2388);
#2069=AXIS2_PLACEMENT_3D('',#3022,#2389,#2390);
#2070=AXIS2_PLACEMENT_3D('',#3024,#2391,#2392);
#2071=AXIS2_PLACEMENT_3D('',#3026,#2393,#2394);
#2072=AXIS2_PLACEMENT_3D('',#3028,#2395,#2396);
#2073=AXIS2_PLACEMENT_3D('',#3030,#2397,#2398);
#2074=AXIS2_PLACEMENT_3D('',#3032,#2399,#2400);
#2075=AXIS2_PLACEMENT_3D('',#3034,#2401,#2402);
#2076=AXIS2_PLACEMENT_3D('',#3036,#2403,#2404);
#2077=AXIS2_PLACEMENT_3D('',#3038,#2405,#2406);
#2078=AXIS2_PLACEMENT_3D('',#3040,#2407,#2408);
#2079=AXIS2_PLACEMENT_3D('',#3049,#2413,#2414);
#2080=AXIS2_PLACEMENT_3D('',#3057,#2418,#2419);
#2081=AXIS2_PLACEMENT_3D('',#3069,#2425,#2426);
#2082=AXIS2_PLACEMENT_3D('',#3079,#2431,#2432);
#2083=AXIS2_PLACEMENT_3D('',#3093,#2439,#2440);
#2084=AXIS2_PLACEMENT_3D('',#3101,#2444,#2445);
#2085=AXIS2_PLACEMENT_3D('',#3109,#2449,#2450);
#2086=AXIS2_PLACEMENT_3D('',#3123,#2457,#2458);
#2087=AXIS2_PLACEMENT_3D('',#3128,#2461,#2462);
#2088=AXIS2_PLACEMENT_3D('',#3137,#2467,#2468);
#2089=AXIS2_PLACEMENT_3D('',#3153,#2477,#2478);
#2090=AXIS2_PLACEMENT_3D('',#3154,#2479,#2480);
#2091=AXIS2_PLACEMENT_3D('',#3157,#2483,#2484);
#2092=AXIS2_PLACEMENT_3D('',#3159,#2486,#2487);
#2093=AXIS2_PLACEMENT_3D('',#3161,#2489,#2490);
#2094=AXIS2_PLACEMENT_3D('',#3163,#2492,#2493);
#2095=AXIS2_PLACEMENT_3D('',#3165,#2495,#2496);
#2096=AXIS2_PLACEMENT_3D('',#3167,#2498,#2499);
#2097=AXIS2_PLACEMENT_3D('',#3169,#2501,#2502);
#2098=AXIS2_PLACEMENT_3D('',#3171,#2504,#2505);
#2099=AXIS2_PLACEMENT_3D('',#3173,#2507,#2508);
#2100=AXIS2_PLACEMENT_3D('',#3174,#2509,#2510);
#2101=AXIS2_PLACEMENT_3D('',#3176,#2512,#2513);
#2102=AXIS2_PLACEMENT_3D('',#3178,#2515,#2516);
#2103=AXIS2_PLACEMENT_3D('',#3180,#2518,#2519);
#2104=AXIS2_PLACEMENT_3D('',#3182,#2521,#2522);
#2105=AXIS2_PLACEMENT_3D('',#3184,#2524,#2525);
#2106=AXIS2_PLACEMENT_3D('',#3186,#2527,#2528);
#2107=AXIS2_PLACEMENT_3D('',#3188,#2530,#2531);
#2108=AXIS2_PLACEMENT_3D('',#3190,#2533,#2534);
#2109=AXIS2_PLACEMENT_3D('',#3192,#2536,#2537);
#2110=AXIS2_PLACEMENT_3D('',#3194,#2539,#2540);
#2111=AXIS2_PLACEMENT_3D('',#3195,#2541,#2542);
#2112=AXIS2_PLACEMENT_3D('',#3197,#2544,#2545);
#2113=AXIS2_PLACEMENT_3D('',#3199,#2547,#2548);
#2114=AXIS2_PLACEMENT_3D('',#3201,#2550,#2551);
#2115=AXIS2_PLACEMENT_3D('',#3203,#2553,#2554);
#2116=AXIS2_PLACEMENT_3D('',#3204,#2555,#2556);
#2117=AXIS2_PLACEMENT_3D('',#3206,#2558,#2559);
#2118=AXIS2_PLACEMENT_3D('',#3208,#2561,#2562);
#2119=AXIS2_PLACEMENT_3D('',#3210,#2564,#2565);
#2120=AXIS2_PLACEMENT_3D('',#3212,#2567,#2568);
#2121=AXIS2_PLACEMENT_3D('',#3214,#2570,#2571);
#2122=AXIS2_PLACEMENT_3D('',#3216,#2573,#2574);
#2123=AXIS2_PLACEMENT_3D('',#3218,#2576,#2577);
#2124=AXIS2_PLACEMENT_3D('',#3220,#2579,#2580);
#2125=AXIS2_PLACEMENT_3D('',#3222,#2582,#2583);
#2126=AXIS2_PLACEMENT_3D('',#3224,#2585,#2586);
#2127=AXIS2_PLACEMENT_3D('',#3226,#2588,#2589);
#2128=AXIS2_PLACEMENT_3D('',#3228,#2591,#2592);
#2129=AXIS2_PLACEMENT_3D('',#3230,#2594,#2595);
#2130=AXIS2_PLACEMENT_3D('',#3232,#2597,#2598);
#2131=AXIS2_PLACEMENT_3D('',#3234,#2600,#2601);
#2132=AXIS2_PLACEMENT_3D('',#3236,#2603,#2604);
#2133=AXIS2_PLACEMENT_3D('',#3238,#2606,#2607);
#2134=AXIS2_PLACEMENT_3D('',#3240,#2609,#2610);
#2135=AXIS2_PLACEMENT_3D('',#3242,#2612,#2613);
#2136=AXIS2_PLACEMENT_3D('',#3244,#2615,#2616);
#2137=AXIS2_PLACEMENT_3D('',#3246,#2618,#2619);
#2138=AXIS2_PLACEMENT_3D('',#3248,#2621,#2622);
#2139=AXIS2_PLACEMENT_3D('',#3250,#2624,#2625);
#2140=AXIS2_PLACEMENT_3D('',#3252,#2627,#2628);
#2141=AXIS2_PLACEMENT_3D('',#3254,#2630,#2631);
#2142=AXIS2_PLACEMENT_3D('',#3256,#2633,#2634);
#2143=AXIS2_PLACEMENT_3D('',#3258,#2636,#2637);
#2144=AXIS2_PLACEMENT_3D('',#3260,#2639,#2640);
#2145=AXIS2_PLACEMENT_3D('',#3262,#2642,#2643);
#2146=AXIS2_PLACEMENT_3D('',#3264,#2645,#2646);
#2147=AXIS2_PLACEMENT_3D('',#3266,#2648,#2649);
#2148=AXIS2_PLACEMENT_3D('',#3267,#2650,#2651);
#2149=AXIS2_PLACEMENT_3D('',#3268,#2652,#2653);
#2150=AXIS2_PLACEMENT_3D('',#3270,#2654,#2655);
#2151=AXIS2_PLACEMENT_3D('',#3271,#2656,#2657);
#2152=AXIS2_PLACEMENT_3D('',#3273,#2658,#2659);
#2153=AXIS2_PLACEMENT_3D('',#3274,#2660,#2661);
#2154=AXIS2_PLACEMENT_3D('',#3276,#2662,#2663);
#2155=AXIS2_PLACEMENT_3D('',#3277,#2664,#2665);
#2156=AXIS2_PLACEMENT_3D('',#3279,#2666,#2667);
#2157=AXIS2_PLACEMENT_3D('',#3280,#2668,#2669);
#2158=AXIS2_PLACEMENT_3D('',#3282,#2670,#2671);
#2159=AXIS2_PLACEMENT_3D('',#3283,#2672,#2673);
#2160=AXIS2_PLACEMENT_3D('',#3285,#2674,#2675);
#2161=AXIS2_PLACEMENT_3D('',#3286,#2676,#2677);
#2162=AXIS2_PLACEMENT_3D('',#3288,#2678,#2679);
#2163=AXIS2_PLACEMENT_3D('',#3289,#2680,#2681);
#2164=AXIS2_PLACEMENT_3D('',#3291,#2682,#2683);
#2165=AXIS2_PLACEMENT_3D('',#3292,#2684,#2685);
#2166=AXIS2_PLACEMENT_3D('',#3294,#2686,#2687);
#2167=AXIS2_PLACEMENT_3D('',#3295,#2688,#2689);
#2168=AXIS2_PLACEMENT_3D('',#3297,#2690,#2691);
#2169=AXIS2_PLACEMENT_3D('',#3298,#2692,#2693);
#2170=AXIS2_PLACEMENT_3D('',#3300,#2694,#2695);
#2171=AXIS2_PLACEMENT_3D('',#3301,#2696,#2697);
#2172=AXIS2_PLACEMENT_3D('',#3303,#2698,#2699);
#2173=AXIS2_PLACEMENT_3D('',#3304,#2700,#2701);
#2174=AXIS2_PLACEMENT_3D('',#3306,#2702,#2703);
#2175=AXIS2_PLACEMENT_3D('',#3307,#2704,#2705);
#2176=AXIS2_PLACEMENT_3D('',#3309,#2706,#2707);
#2177=AXIS2_PLACEMENT_3D('',#3310,#2708,#2709);
#2178=AXIS2_PLACEMENT_3D('',#3312,#2710,#2711);
#2179=AXIS2_PLACEMENT_3D('',#3313,#2712,#2713);
#2180=AXIS2_PLACEMENT_3D('',#3315,#2714,#2715);
#2181=AXIS2_PLACEMENT_3D('',#3316,#2716,#2717);
#2182=AXIS2_PLACEMENT_3D('',#3317,#2718,#2719);
#2183=AXIS2_PLACEMENT_3D('',#3318,#2720,#2721);
#2184=AXIS2_PLACEMENT_3D('',#3319,#2722,#2723);
#2185=AXIS2_PLACEMENT_3D('',#3320,#2724,#2725);
#2186=AXIS2_PLACEMENT_3D('',#3321,#2726,#2727);
#2187=AXIS2_PLACEMENT_3D('',#3322,#2728,#2729);
#2188=AXIS2_PLACEMENT_3D('',#3323,#2730,#2731);
#2189=AXIS2_PLACEMENT_3D('',#3324,#2732,#2733);
#2190=AXIS2_PLACEMENT_3D('',#3325,#2734,#2735);
#2191=AXIS2_PLACEMENT_3D('',#3326,#2736,#2737);
#2192=AXIS2_PLACEMENT_3D('',#3327,#2738,#2739);
#2193=AXIS2_PLACEMENT_3D('',#3328,#2740,#2741);
#2194=AXIS2_PLACEMENT_3D('',#3329,#2742,#2743);
#2195=AXIS2_PLACEMENT_3D('',#3330,#2744,#2745);
#2196=AXIS2_PLACEMENT_3D('',#3331,#2746,#2747);
#2197=AXIS2_PLACEMENT_3D('',#3332,#2748,#2749);
#2198=AXIS2_PLACEMENT_3D('',#3334,#2750,#2751);
#2199=AXIS2_PLACEMENT_3D('',#3335,#2752,#2753);
#2200=AXIS2_PLACEMENT_3D('',#3336,#2754,#2755);
#2201=AXIS2_PLACEMENT_3D('',#3338,#2756,#2757);
#2202=AXIS2_PLACEMENT_3D('',#3339,#2758,#2759);
#2203=AXIS2_PLACEMENT_3D('',#3340,#2760,#2761);
#2204=AXIS2_PLACEMENT_3D('',#3342,#2762,#2763);
#2205=AXIS2_PLACEMENT_3D('',#3343,#2764,#2765);
#2206=AXIS2_PLACEMENT_3D('',#3344,#2766,#2767);
#2207=AXIS2_PLACEMENT_3D('',#3345,#2768,#2769);
#2208=AXIS2_PLACEMENT_3D('',#3347,#2770,#2771);
#2209=AXIS2_PLACEMENT_3D('',#3348,#2772,#2773);
#2210=AXIS2_PLACEMENT_3D('',#3349,#2774,#2775);
#2211=AXIS2_PLACEMENT_3D('',#3351,#2776,#2777);
#2212=AXIS2_PLACEMENT_3D('',#3352,#2778,#2779);
#2213=DIRECTION('',(0.,0.,1.));
#2214=DIRECTION('',(1.,0.,0.));
#2215=DIRECTION('',(-2.77555756156289E-16,0.,1.));
#2216=DIRECTION('',(1.,0.,2.77555756156289E-16));
#2217=DIRECTION('',(0.,-1.,0.));
#2218=DIRECTION('',(-1.,0.,-2.77555756156289E-16));
#2219=DIRECTION('',(0.,-1.,0.));
#2220=DIRECTION('',(-1.,0.,-2.77555756156289E-16));
#2221=DIRECTION('',(-2.77555756156289E-16,0.,1.));
#2222=DIRECTION('',(1.,0.,2.77555756156289E-16));
#2223=DIRECTION('',(-1.,0.,-2.77555756156289E-16));
#2224=DIRECTION('',(0.,-1.,0.));
#2225=DIRECTION('',(-1.,0.,-2.77555756156289E-16));
#2226=DIRECTION('',(0.,-1.,0.));
#2227=DIRECTION('',(-1.,0.,0.));
#2228=DIRECTION('',(0.,1.,0.));
#2229=DIRECTION('',(0.,0.,-1.));
#2230=DIRECTION('',(0.,0.,-1.));
#2231=DIRECTION('',(-1.,0.,-4.62592926927149E-17));
#2232=DIRECTION('',(-4.62592926927149E-17,0.,1.));
#2233=DIRECTION('',(-1.,0.,-4.62592926927149E-17));
#2234=DIRECTION('',(-4.62592926927149E-17,0.,1.));
#2235=DIRECTION('',(-1.,0.,-4.62592926927149E-17));
#2236=DIRECTION('',(-4.62592926927149E-17,0.,1.));
#2237=DIRECTION('',(-1.,0.,-4.62592926927149E-17));
#2238=DIRECTION('',(-4.62592926927149E-17,0.,1.));
#2239=DIRECTION('',(4.62592926927149E-17,0.,-1.));
#2240=DIRECTION('',(0.,-1.,0.));
#2241=DIRECTION('',(4.62592926927149E-17,0.,-1.));
#2242=DIRECTION('',(0.,1.,0.));
#2243=DIRECTION('',(4.62592926927149E-17,0.,-1.));
#2244=DIRECTION('',(0.,1.,0.));
#2245=DIRECTION('',(4.62592926927149E-17,0.,-1.));
#2246=DIRECTION('',(0.,-1.,0.));
#2247=DIRECTION('',(-4.62592926927149E-17,0.,1.));
#2248=DIRECTION('',(0.,-1.,0.));
#2249=DIRECTION('',(4.62592926927149E-17,0.,-1.));
#2250=DIRECTION('',(0.,1.,0.));
#2251=DIRECTION('',(-4.62592926927149E-17,0.,1.));
#2252=DIRECTION('',(0.,1.,0.));
#2253=DIRECTION('',(4.62592926927149E-17,0.,-1.));
#2254=DIRECTION('',(0.,-1.,0.));
#2255=DIRECTION('',(4.62592926927149E-17,0.,-1.));
#2256=DIRECTION('',(4.62592926927149E-17,0.,-1.));
#2257=DIRECTION('',(0.,1.,0.));
#2258=DIRECTION('',(1.,0.,0.));
#2259=DIRECTION('',(0.,1.,0.));
#2260=DIRECTION('',(1.,0.,0.));
#2261=DIRECTION('',(0.,1.,0.));
#2262=DIRECTION('',(1.,0.,0.));
#2263=DIRECTION('',(0.,1.,0.));
#2264=DIRECTION('',(1.,0.,0.));
#2265=DIRECTION('',(-1.,0.,0.));
#2266=DIRECTION('',(-2.85765703171046E-16,0.,-1.));
#2267=DIRECTION('',(1.,0.,0.));
#2268=DIRECTION('',(0.,0.,-1.));
#2269=DIRECTION('',(-1.,0.,0.));
#2270=DIRECTION('',(-1.,0.,0.));
#2271=DIRECTION('',(0.,1.,0.));
#2272=DIRECTION('',(1.,0.,0.));
#2273=DIRECTION('',(1.,0.,0.));
#2274=DIRECTION('',(-0.999904799074157,0.,-0.0137982893312886));
#2275=DIRECTION('',(0.,0.,-1.));
#2276=DIRECTION('',(-1.,0.,3.51357752606025E-16));
#2277=DIRECTION('',(0.,0.,-1.));
#2278=DIRECTION('',(-1.,0.,0.));
#2279=DIRECTION('',(0.,1.,0.));
#2280=DIRECTION('',(1.,0.,0.));
#2281=DIRECTION('',(-1.,0.,1.37171826701291E-16));
#2282=DIRECTION('',(0.,0.,-1.));
#2283=DIRECTION('',(-1.,0.,1.20025348363629E-16));
#2284=DIRECTION('',(0.,1.,0.));
#2285=DIRECTION('',(1.,0.,0.));
#2286=DIRECTION('',(-1.,0.,1.2002534836363E-16));
#2287=DIRECTION('',(0.,0.,-1.));
#2288=DIRECTION('',(-1.,0.,1.37171826701291E-16));
#2289=DIRECTION('',(0.,1.,0.));
#2290=DIRECTION('',(1.,0.,0.));
#2291=DIRECTION('',(-1.,0.,6.85859133506453E-17));
#2292=DIRECTION('',(0.,0.,-1.));
#2293=DIRECTION('',(1.,0.,0.));
#2294=DIRECTION('',(-2.90248207017542E-16,0.,-1.));
#2295=DIRECTION('',(-1.,0.,0.));
#2296=DIRECTION('',(0.,0.,-1.));
#2297=DIRECTION('',(0.,1.,0.));
#2298=DIRECTION('',(1.,0.,0.));
#2299=DIRECTION('',(0.,0.,-1.));
#2300=DIRECTION('',(-1.,0.,0.));
#2301=DIRECTION('',(0.,0.,1.));
#2302=DIRECTION('',(1.,0.,0.));
#2303=DIRECTION('',(0.,1.,0.));
#2304=DIRECTION('',(1.,0.,0.));
#2305=DIRECTION('',(1.,0.,0.));
#2306=DIRECTION('',(0.,0.,-1.));
#2307=DIRECTION('',(-1.,0.,0.));
#2308=DIRECTION('',(0.,0.,-1.));
#2309=DIRECTION('',(-1.,0.,0.));
#2310=DIRECTION('',(0.,1.,0.));
#2311=DIRECTION('',(1.,0.,0.));
#2312=DIRECTION('',(-1.,0.,0.));
#2313=DIRECTION('',(0.,0.,-1.));
#2314=DIRECTION('',(-1.,0.,0.));
#2315=DIRECTION('',(0.,1.,0.));
#2316=DIRECTION('',(1.,0.,0.));
#2317=DIRECTION('',(0.,1.,0.));
#2318=DIRECTION('',(1.,0.,0.));
#2319=DIRECTION('',(0.,1.,0.));
#2320=DIRECTION('',(1.,0.,0.));
#2321=DIRECTION('',(0.,1.,0.));
#2322=DIRECTION('',(1.,0.,0.));
#2323=DIRECTION('',(0.,0.,1.));
#2324=DIRECTION('',(0.,-1.,0.));
#2325=DIRECTION('',(0.,-1.,0.));
#2326=DIRECTION('',(-1.,0.,0.));
#2327=DIRECTION('',(0.,0.,-1.));
#2328=DIRECTION('',(0.,1.,0.));
#2329=DIRECTION('',(1.,0.,0.));
#2330=DIRECTION('',(0.,-1.,0.));
#2331=DIRECTION('',(1.,0.,0.));
#2332=DIRECTION('',(0.,0.,-1.));
#2333=DIRECTION('',(0.,1.,0.));
#2334=DIRECTION('',(1.,0.,0.));
#2335=DIRECTION('',(1.,0.,0.));
#2336=DIRECTION('',(0.,-1.,0.));
#2337=DIRECTION('',(1.23455418843615E-16,0.,1.));
#2338=DIRECTION('',(1.,0.,-1.23455418843615E-16));
#2339=DIRECTION('',(-1.,0.,1.23455418843615E-16));
#2340=DIRECTION('',(-1.,0.,1.23455418843615E-16));
#2341=DIRECTION('',(0.,-1.,0.));
#2342=DIRECTION('',(0.,0.,1.));
#2343=DIRECTION('',(0.,-1.,0.));
#2344=DIRECTION('',(-1.,0.,0.));
#2345=DIRECTION('',(0.,-1.,0.));
#2346=DIRECTION('',(-1.,0.,0.));
#2347=DIRECTION('',(0.0317037901616761,0.,-0.999497308495318));
#2348=DIRECTION('',(-0.999497308495318,0.,-0.0317037901616761));
#2349=DIRECTION('',(0.999497308495318,0.,0.0317037901616761));
#2350=DIRECTION('',(0.999497308495318,0.,0.0317037901616761));
#2351=DIRECTION('',(0.,-1.,0.));
#2352=DIRECTION('',(0.,0.,1.));
#2353=DIRECTION('',(0.,-1.,0.));
#2354=DIRECTION('',(-1.,0.,0.));
#2355=DIRECTION('',(0.,-1.,0.));
#2356=DIRECTION('',(0.,1.,0.));
#2357=DIRECTION('',(1.,0.,0.));
#2358=DIRECTION('',(0.846664995170557,0.,-0.532126287598011));
#2359=DIRECTION('',(1.,0.,0.));
#2360=DIRECTION('',(0.,1.,0.));
#2361=DIRECTION('',(1.,0.,0.));
#2362=DIRECTION('',(1.,0.,0.));
#2363=DIRECTION('',(0.,0.,-1.));
#2364=DIRECTION('',(0.,1.,0.));
#2365=DIRECTION('',(1.,0.,0.));
#2366=DIRECTION('',(0.,0.,1.));
#2367=DIRECTION('',(1.,0.,0.));
#2368=DIRECTION('',(0.,0.,-1.));
#2369=DIRECTION('',(-1.,0.,1.47632067281096E-16));
#2370=DIRECTION('',(0.0514229584518826,0.,0.998676964460509));
#2371=DIRECTION('',(0.,0.,1.));
#2372=DIRECTION('',(1.,0.,0.));
#2373=DIRECTION('',(0.,1.,0.));
#2374=DIRECTION('',(1.,0.,0.));
#2375=DIRECTION('',(1.,0.,0.));
#2376=DIRECTION('',(-0.887323186685215,0.,0.461148091583165));
#2377=DIRECTION('',(0.,1.,0.));
#2378=DIRECTION('',(1.,0.,0.));
#2379=DIRECTION('',(0.,1.,0.));
#2380=DIRECTION('',(1.,0.,0.));
#2381=DIRECTION('',(0.,1.,0.));
#2382=DIRECTION('',(1.,0.,0.));
#2383=DIRECTION('',(0.,1.,0.));
#2384=DIRECTION('',(1.,0.,0.));
#2385=DIRECTION('',(0.,1.,0.));
#2386=DIRECTION('',(1.,0.,0.));
#2387=DIRECTION('',(0.,1.,0.));
#2388=DIRECTION('',(1.,0.,0.));
#2389=DIRECTION('',(0.,1.,0.));
#2390=DIRECTION('',(1.,0.,0.));
#2391=DIRECTION('',(0.,1.,0.));
#2392=DIRECTION('',(1.,0.,0.));
#2393=DIRECTION('',(0.,1.,0.));
#2394=DIRECTION('',(1.,0.,0.));
#2395=DIRECTION('',(0.,1.,0.));
#2396=DIRECTION('',(1.,0.,0.));
#2397=DIRECTION('',(0.,1.,0.));
#2398=DIRECTION('',(1.,0.,0.));
#2399=DIRECTION('',(0.,1.,0.));
#2400=DIRECTION('',(1.,0.,0.));
#2401=DIRECTION('',(0.,1.,0.));
#2402=DIRECTION('',(1.,0.,0.));
#2403=DIRECTION('',(0.,1.,0.));
#2404=DIRECTION('',(1.,0.,0.));
#2405=DIRECTION('',(0.,1.,0.));
#2406=DIRECTION('',(1.,0.,0.));
#2407=DIRECTION('',(0.,-1.,0.));
#2408=DIRECTION('',(1.,0.,0.));
#2409=DIRECTION('',(0.,0.,-1.));
#2410=DIRECTION('',(1.,0.,0.));
#2411=DIRECTION('',(-2.85765703171046E-16,0.,-1.));
#2412=DIRECTION('',(-1.,0.,0.));
#2413=DIRECTION('',(0.,1.,0.));
#2414=DIRECTION('',(1.,0.,0.));
#2415=DIRECTION('',(-1.,0.,0.));
#2416=DIRECTION('',(0.,0.,-1.));
#2417=DIRECTION('',(-1.,0.,0.));
#2418=DIRECTION('',(0.,1.,0.));
#2419=DIRECTION('',(1.,0.,0.));
#2420=DIRECTION('',(-1.,0.,0.));
#2421=DIRECTION('',(0.,0.,-1.));
#2422=DIRECTION('',(-1.,0.,0.));
#2423=DIRECTION('',(0.,0.,-1.));
#2424=DIRECTION('',(1.,0.,0.));
#2425=DIRECTION('',(0.,1.,0.));
#2426=DIRECTION('',(1.,0.,0.));
#2427=DIRECTION('',(1.,0.,0.));
#2428=DIRECTION('',(0.,0.,1.));
#2429=DIRECTION('',(-1.,0.,0.));
#2430=DIRECTION('',(0.,0.,-1.));
#2431=DIRECTION('',(0.,1.,0.));
#2432=DIRECTION('',(1.,0.,0.));
#2433=DIRECTION('',(0.,0.,-1.));
#2434=DIRECTION('',(-1.,0.,0.));
#2435=DIRECTION('',(-2.90248207017542E-16,0.,-1.));
#2436=DIRECTION('',(1.,0.,0.));
#2437=DIRECTION('',(0.,0.,-1.));
#2438=DIRECTION('',(-1.,0.,6.85859133506453E-17));
#2439=DIRECTION('',(0.,1.,0.));
#2440=DIRECTION('',(1.,0.,0.));
#2441=DIRECTION('',(-1.,0.,1.37171826701291E-16));
#2442=DIRECTION('',(0.,0.,-1.));
#2443=DIRECTION('',(-1.,0.,1.2002534836363E-16));
#2444=DIRECTION('',(0.,1.,0.));
#2445=DIRECTION('',(1.,0.,0.));
#2446=DIRECTION('',(-1.,0.,1.20025348363629E-16));
#2447=DIRECTION('',(0.,0.,-1.));
#2448=DIRECTION('',(-1.,0.,1.37171826701291E-16));
#2449=DIRECTION('',(0.,1.,0.));
#2450=DIRECTION('',(1.,0.,0.));
#2451=DIRECTION('',(-1.,0.,0.));
#2452=DIRECTION('',(0.,0.,-1.));
#2453=DIRECTION('',(-1.,0.,3.51357752606025E-16));
#2454=DIRECTION('',(0.,0.,-1.));
#2455=DIRECTION('',(-0.999904799074157,0.,-0.0137982893312886));
#2456=DIRECTION('',(1.,0.,0.));
#2457=DIRECTION('',(0.,1.,0.));
#2458=DIRECTION('',(1.,0.,0.));
#2459=DIRECTION('',(0.,0.,-1.));
#2460=DIRECTION('',(1.,0.,0.));
#2461=DIRECTION('',(0.,1.,0.));
#2462=DIRECTION('',(1.,0.,0.));
#2463=DIRECTION('',(1.,0.,0.));
#2464=DIRECTION('',(0.846664995170557,0.,-0.532126287598011));
#2465=DIRECTION('',(-0.887323186685215,0.,0.461148091583165));
#2466=DIRECTION('',(1.,0.,0.));
#2467=DIRECTION('',(0.,1.,0.));
#2468=DIRECTION('',(1.,0.,0.));
#2469=DIRECTION('',(1.,0.,0.));
#2470=DIRECTION('',(0.,0.,1.));
#2471=DIRECTION('',(0.0514229584518826,0.,0.998676964460509));
#2472=DIRECTION('',(-1.,0.,1.47632067281096E-16));
#2473=DIRECTION('',(0.,0.,-1.));
#2474=DIRECTION('',(1.,0.,0.));
#2475=DIRECTION('',(0.,0.,1.));
#2476=DIRECTION('',(0.,0.,-1.));
#2477=DIRECTION('',(0.,-1.,0.));
#2478=DIRECTION('',(1.,0.,0.));
#2479=DIRECTION('',(0.,0.,1.));
#2480=DIRECTION('',(0.,-1.,0.));
#2481=DIRECTION('',(0.,-1.,0.));
#2482=DIRECTION('',(0.,-1.,0.));
#2483=DIRECTION('',(0.,-1.,0.));
#2484=DIRECTION('',(-1.,0.,0.));
#2485=DIRECTION('',(0.,-1.,0.));
#2486=DIRECTION('',(0.,0.,1.));
#2487=DIRECTION('',(0.,-1.,0.));
#2488=DIRECTION('',(0.,-1.,0.));
#2489=DIRECTION('',(-1.,0.,0.));
#2490=DIRECTION('',(0.,1.,0.));
#2491=DIRECTION('',(0.,-1.,0.));
#2492=DIRECTION('',(0.,0.,1.));
#2493=DIRECTION('',(0.,-1.,0.));
#2494=DIRECTION('',(0.,-1.,0.));
#2495=DIRECTION('',(0.,-1.,0.));
#2496=DIRECTION('',(-1.,0.,0.));
#2497=DIRECTION('',(0.,-1.,0.));
#2498=DIRECTION('',(0.,0.,1.));
#2499=DIRECTION('',(0.,-1.,0.));
#2500=DIRECTION('',(0.,-1.,0.));
#2501=DIRECTION('',(-1.,0.,2.85765703171046E-16));
#2502=DIRECTION('',(2.85765703171046E-16,0.,1.));
#2503=DIRECTION('',(0.,-1.,0.));
#2504=DIRECTION('',(0.,0.,-1.));
#2505=DIRECTION('',(0.,1.,0.));
#2506=DIRECTION('',(0.,-1.,0.));
#2507=DIRECTION('',(-1.,0.,0.));
#2508=DIRECTION('',(0.,1.,0.));
#2509=DIRECTION('',(-1.,0.,0.));
#2510=DIRECTION('',(0.,1.,0.));
#2511=DIRECTION('',(0.,0.,-1.));
#2512=DIRECTION('',(1.,0.,0.));
#2513=DIRECTION('',(0.,-1.,0.));
#2514=DIRECTION('',(0.,-1.,0.));
#2515=DIRECTION('',(0.,0.,-1.));
#2516=DIRECTION('',(0.,1.,0.));
#2517=DIRECTION('',(0.,-1.,0.));
#2518=DIRECTION('',(-1.,0.,0.));
#2519=DIRECTION('',(0.,1.,0.));
#2520=DIRECTION('',(0.,-1.,0.));
#2521=DIRECTION('',(1.47632067281096E-16,0.,1.));
#2522=DIRECTION('',(1.,0.,-1.47632067281096E-16));
#2523=DIRECTION('',(0.,-1.,0.));
#2524=DIRECTION('',(0.998676964460509,0.,-0.0514229584518826));
#2525=DIRECTION('',(-0.0514229584518826,0.,-0.998676964460509));
#2526=DIRECTION('',(0.,-1.,0.));
#2527=DIRECTION('',(1.,0.,0.));
#2528=DIRECTION('',(0.,-1.,0.));
#2529=DIRECTION('',(0.,-1.,0.));
#2530=DIRECTION('',(0.,0.,-1.));
#2531=DIRECTION('',(0.,1.,0.));
#2532=DIRECTION('',(0.,-1.,0.));
#2533=DIRECTION('',(0.,-1.,0.));
#2534=DIRECTION('',(-1.,0.,0.));
#2535=DIRECTION('',(0.,-1.,0.));
#2536=DIRECTION('',(0.,0.,-1.));
#2537=DIRECTION('',(0.,1.,0.));
#2538=DIRECTION('',(0.,-1.,0.));
#2539=DIRECTION('',(0.461148091583165,0.,0.887323186685215));
#2540=DIRECTION('',(0.887323186685215,0.,-0.461148091583165));
#2541=DIRECTION('',(-0.532126287598011,0.,-0.846664995170557));
#2542=DIRECTION('',(-0.846664995170557,0.,0.532126287598011));
#2543=DIRECTION('',(0.,-1.,0.));
#2544=DIRECTION('',(0.,0.,-1.));
#2545=DIRECTION('',(0.,1.,0.));
#2546=DIRECTION('',(0.,-1.,0.));
#2547=DIRECTION('',(0.,-1.,0.));
#2548=DIRECTION('',(-1.,0.,0.));
#2549=DIRECTION('',(0.,-1.,0.));
#2550=DIRECTION('',(0.,0.,-1.));
#2551=DIRECTION('',(0.,1.,0.));
#2552=DIRECTION('',(0.,-1.,0.));
#2553=DIRECTION('',(-1.,0.,0.));
#2554=DIRECTION('',(0.,1.,0.));
#2555=DIRECTION('',(0.,-1.,0.));
#2556=DIRECTION('',(-1.,0.,0.));
#2557=DIRECTION('',(0.,-1.,0.));
#2558=DIRECTION('',(0.,0.,-1.));
#2559=DIRECTION('',(0.,1.,0.));
#2560=DIRECTION('',(0.,-1.,0.));
#2561=DIRECTION('',(-0.0137982893312886,0.,0.999904799074157));
#2562=DIRECTION('',(0.999904799074157,0.,0.0137982893312886));
#2563=DIRECTION('',(0.,-1.,0.));
#2564=DIRECTION('',(-1.,0.,0.));
#2565=DIRECTION('',(0.,1.,0.));
#2566=DIRECTION('',(0.,-1.,0.));
#2567=DIRECTION('',(3.51357752606025E-16,0.,1.));
#2568=DIRECTION('',(1.,0.,-3.51357752606025E-16));
#2569=DIRECTION('',(0.,-1.,0.));
#2570=DIRECTION('',(-1.,0.,0.));
#2571=DIRECTION('',(0.,1.,0.));
#2572=DIRECTION('',(0.,-1.,0.));
#2573=DIRECTION('',(0.,0.,1.));
#2574=DIRECTION('',(0.,-1.,0.));
#2575=DIRECTION('',(0.,-1.,0.));
#2576=DIRECTION('',(0.,-1.,0.));
#2577=DIRECTION('',(-1.,0.,0.));
#2578=DIRECTION('',(0.,-1.,0.));
#2579=DIRECTION('',(1.37171826701291E-16,0.,1.));
#2580=DIRECTION('',(1.,0.,-1.37171826701291E-16));
#2581=DIRECTION('',(0.,-1.,0.));
#2582=DIRECTION('',(-1.,0.,0.));
#2583=DIRECTION('',(0.,1.,0.));
#2584=DIRECTION('',(0.,-1.,0.));
#2585=DIRECTION('',(1.20025348363629E-16,0.,1.));
#2586=DIRECTION('',(1.,0.,-1.20025348363629E-16));
#2587=DIRECTION('',(0.,-1.,0.));
#2588=DIRECTION('',(0.,-1.,0.));
#2589=DIRECTION('',(-1.,0.,0.));
#2590=DIRECTION('',(0.,-1.,0.));
#2591=DIRECTION('',(1.2002534836363E-16,0.,1.));
#2592=DIRECTION('',(1.,0.,-1.2002534836363E-16));
#2593=DIRECTION('',(0.,-1.,0.));
#2594=DIRECTION('',(-1.,0.,0.));
#2595=DIRECTION('',(0.,1.,0.));
#2596=DIRECTION('',(0.,-1.,0.));
#2597=DIRECTION('',(1.37171826701291E-16,0.,1.));
#2598=DIRECTION('',(1.,0.,-1.37171826701291E-16));
#2599=DIRECTION('',(0.,-1.,0.));
#2600=DIRECTION('',(0.,-1.,0.));
#2601=DIRECTION('',(-1.,0.,0.));
#2602=DIRECTION('',(0.,-1.,0.));
#2603=DIRECTION('',(6.85859133506453E-17,0.,1.));
#2604=DIRECTION('',(1.,0.,-6.85859133506453E-17));
#2605=DIRECTION('',(0.,-1.,0.));
#2606=DIRECTION('',(-1.,0.,0.));
#2607=DIRECTION('',(0.,1.,0.));
#2608=DIRECTION('',(0.,-1.,0.));
#2609=DIRECTION('',(0.,0.,-1.));
#2610=DIRECTION('',(0.,1.,0.));
#2611=DIRECTION('',(0.,-1.,0.));
#2612=DIRECTION('',(-1.,0.,2.90248207017542E-16));
#2613=DIRECTION('',(2.90248207017542E-16,0.,1.));
#2614=DIRECTION('',(0.,-1.,0.));
#2615=DIRECTION('',(0.,0.,1.));
#2616=DIRECTION('',(0.,-1.,0.));
#2617=DIRECTION('',(0.,-1.,0.));
#2618=DIRECTION('',(-1.,0.,0.));
#2619=DIRECTION('',(0.,1.,0.));
#2620=DIRECTION('',(0.,-1.,0.));
#2621=DIRECTION('',(0.,-1.,0.));
#2622=DIRECTION('',(-1.,0.,0.));
#2623=DIRECTION('',(0.,-1.,0.));
#2624=DIRECTION('',(-1.,0.,0.));
#2625=DIRECTION('',(0.,1.,0.));
#2626=DIRECTION('',(0.,-1.,0.));
#2627=DIRECTION('',(0.,0.,1.));
#2628=DIRECTION('',(0.,-1.,0.));
#2629=DIRECTION('',(0.,-1.,0.));
#2630=DIRECTION('',(1.,0.,0.));
#2631=DIRECTION('',(0.,-1.,0.));
#2632=DIRECTION('',(0.,-1.,0.));
#2633=DIRECTION('',(0.,0.,-1.));
#2634=DIRECTION('',(0.,1.,0.));
#2635=DIRECTION('',(0.,-1.,0.));
#2636=DIRECTION('',(0.,-1.,0.));
#2637=DIRECTION('',(-1.,0.,0.));
#2638=DIRECTION('',(0.,-1.,0.));
#2639=DIRECTION('',(0.,0.,-1.));
#2640=DIRECTION('',(0.,1.,0.));
#2641=DIRECTION('',(0.,-1.,0.));
#2642=DIRECTION('',(-1.,0.,0.));
#2643=DIRECTION('',(0.,1.,0.));
#2644=DIRECTION('',(0.,-1.,0.));
#2645=DIRECTION('',(0.,0.,1.));
#2646=DIRECTION('',(0.,-1.,0.));
#2647=DIRECTION('',(0.,-1.,0.));
#2648=DIRECTION('',(-1.,0.,0.));
#2649=DIRECTION('',(0.,1.,0.));
#2650=DIRECTION('',(0.,-1.,0.));
#2651=DIRECTION('',(-1.,0.,0.));
#2652=DIRECTION('',(0.,1.,0.));
#2653=DIRECTION('',(1.,0.,0.));
#2654=DIRECTION('',(0.,-1.,0.));
#2655=DIRECTION('',(-1.,0.,0.));
#2656=DIRECTION('',(0.,1.,0.));
#2657=DIRECTION('',(1.,0.,0.));
#2658=DIRECTION('',(0.,-1.,0.));
#2659=DIRECTION('',(-1.,0.,0.));
#2660=DIRECTION('',(0.,1.,0.));
#2661=DIRECTION('',(1.,0.,0.));
#2662=DIRECTION('',(0.,-1.,0.));
#2663=DIRECTION('',(-1.,0.,0.));
#2664=DIRECTION('',(0.,1.,0.));
#2665=DIRECTION('',(1.,0.,0.));
#2666=DIRECTION('',(0.,-1.,0.));
#2667=DIRECTION('',(-1.,0.,0.));
#2668=DIRECTION('',(0.,1.,0.));
#2669=DIRECTION('',(1.,0.,0.));
#2670=DIRECTION('',(0.,-1.,0.));
#2671=DIRECTION('',(-1.,0.,0.));
#2672=DIRECTION('',(0.,1.,0.));
#2673=DIRECTION('',(1.,0.,0.));
#2674=DIRECTION('',(0.,-1.,0.));
#2675=DIRECTION('',(-1.,0.,0.));
#2676=DIRECTION('',(0.,1.,0.));
#2677=DIRECTION('',(1.,0.,0.));
#2678=DIRECTION('',(0.,-1.,0.));
#2679=DIRECTION('',(-1.,0.,0.));
#2680=DIRECTION('',(0.,1.,0.));
#2681=DIRECTION('',(1.,0.,0.));
#2682=DIRECTION('',(0.,-1.,0.));
#2683=DIRECTION('',(-1.,0.,0.));
#2684=DIRECTION('',(0.,1.,0.));
#2685=DIRECTION('',(1.,0.,0.));
#2686=DIRECTION('',(0.,-1.,0.));
#2687=DIRECTION('',(-1.,0.,0.));
#2688=DIRECTION('',(0.,1.,0.));
#2689=DIRECTION('',(1.,0.,0.));
#2690=DIRECTION('',(0.,-1.,0.));
#2691=DIRECTION('',(-1.,0.,0.));
#2692=DIRECTION('',(0.,1.,0.));
#2693=DIRECTION('',(1.,0.,0.));
#2694=DIRECTION('',(0.,-1.,0.));
#2695=DIRECTION('',(-1.,0.,0.));
#2696=DIRECTION('',(0.,1.,0.));
#2697=DIRECTION('',(1.,0.,0.));
#2698=DIRECTION('',(0.,-1.,0.));
#2699=DIRECTION('',(-1.,0.,0.));
#2700=DIRECTION('',(0.,1.,0.));
#2701=DIRECTION('',(1.,0.,0.));
#2702=DIRECTION('',(0.,-1.,0.));
#2703=DIRECTION('',(-1.,0.,0.));
#2704=DIRECTION('',(0.,1.,0.));
#2705=DIRECTION('',(1.,0.,0.));
#2706=DIRECTION('',(0.,-1.,0.));
#2707=DIRECTION('',(-1.,0.,0.));
#2708=DIRECTION('',(0.,1.,0.));
#2709=DIRECTION('',(1.,0.,0.));
#2710=DIRECTION('',(0.,-1.,0.));
#2711=DIRECTION('',(-1.,0.,0.));
#2712=DIRECTION('',(0.,1.,0.));
#2713=DIRECTION('',(1.,0.,0.));
#2714=DIRECTION('',(0.,-1.,0.));
#2715=DIRECTION('',(1.,0.,0.));
#2716=DIRECTION('',(0.,-1.,0.));
#2717=DIRECTION('',(1.,0.,0.));
#2718=DIRECTION('',(0.,-1.,0.));
#2719=DIRECTION('',(1.,0.,0.));
#2720=DIRECTION('',(0.,-1.,0.));
#2721=DIRECTION('',(1.,0.,0.));
#2722=DIRECTION('',(0.,-1.,0.));
#2723=DIRECTION('',(1.,0.,0.));
#2724=DIRECTION('',(0.,-1.,0.));
#2725=DIRECTION('',(1.,0.,0.));
#2726=DIRECTION('',(0.,-1.,0.));
#2727=DIRECTION('',(1.,0.,0.));
#2728=DIRECTION('',(0.,-1.,0.));
#2729=DIRECTION('',(1.,0.,0.));
#2730=DIRECTION('',(0.,-1.,0.));
#2731=DIRECTION('',(1.,0.,0.));
#2732=DIRECTION('',(0.,-1.,0.));
#2733=DIRECTION('',(1.,0.,0.));
#2734=DIRECTION('',(0.,-1.,0.));
#2735=DIRECTION('',(1.,0.,0.));
#2736=DIRECTION('',(0.,-1.,0.));
#2737=DIRECTION('',(1.,0.,0.));
#2738=DIRECTION('',(0.,-1.,0.));
#2739=DIRECTION('',(1.,0.,0.));
#2740=DIRECTION('',(0.,-1.,0.));
#2741=DIRECTION('',(1.,0.,0.));
#2742=DIRECTION('',(0.,-1.,0.));
#2743=DIRECTION('',(1.,0.,0.));
#2744=DIRECTION('',(0.,-1.,0.));
#2745=DIRECTION('',(1.,0.,0.));
#2746=DIRECTION('',(-1.,0.,-4.62592926927149E-17));
#2747=DIRECTION('',(-4.62592926927149E-17,0.,1.));
#2748=DIRECTION('',(-1.,0.,-4.62592926927149E-17));
#2749=DIRECTION('',(-4.62592926927149E-17,0.,1.));
#2750=DIRECTION('',(-1.,0.,-4.62592926927149E-17));
#2751=DIRECTION('',(-4.62592926927149E-17,0.,1.));
#2752=DIRECTION('',(-1.,0.,-4.62592926927149E-17));
#2753=DIRECTION('',(-4.62592926927149E-17,0.,1.));
#2754=DIRECTION('',(-1.,0.,-4.62592926927149E-17));
#2755=DIRECTION('',(-4.62592926927149E-17,0.,1.));
#2756=DIRECTION('',(-1.,0.,-4.62592926927149E-17));
#2757=DIRECTION('',(-4.62592926927149E-17,0.,1.));
#2758=DIRECTION('',(-1.,0.,-4.62592926927149E-17));
#2759=DIRECTION('',(-4.62592926927149E-17,0.,1.));
#2760=DIRECTION('',(-1.,0.,-4.62592926927149E-17));
#2761=DIRECTION('',(-4.62592926927149E-17,0.,1.));
#2762=DIRECTION('',(-1.,0.,-4.62592926927149E-17));
#2763=DIRECTION('',(-4.62592926927149E-17,0.,1.));
#2764=DIRECTION('',(0.,1.,0.));
#2765=DIRECTION('',(1.,0.,0.));
#2766=DIRECTION('',(0.,1.,0.));
#2767=DIRECTION('',(1.,0.,0.));
#2768=DIRECTION('',(0.,1.,0.));
#2769=DIRECTION('',(1.,0.,0.));
#2770=DIRECTION('',(0.,1.,0.));
#2771=DIRECTION('',(1.,0.,0.));
#2772=DIRECTION('',(0.,1.,0.));
#2773=DIRECTION('',(1.,0.,0.));
#2774=DIRECTION('',(0.,1.,0.));
#2775=DIRECTION('',(1.,0.,0.));
#2776=DIRECTION('',(0.,1.,0.));
#2777=DIRECTION('',(1.,0.,0.));
#2778=DIRECTION('',(0.,1.,0.));
#2779=DIRECTION('',(1.,0.,0.));
#2780=CARTESIAN_POINT('',(0.,0.,0.));
#2781=CARTESIAN_POINT('',(0.0042,0.0035,0.0773));
#2782=CARTESIAN_POINT('',(0.0792,0.0035,0.0773));
#2783=CARTESIAN_POINT('',(0.0792,0.0035,0.0773));
#2784=CARTESIAN_POINT('',(0.0792,-0.002,0.0773));
#2785=CARTESIAN_POINT('',(0.0042,0.0035,0.0773));
#2786=CARTESIAN_POINT('',(0.0042,0.0035,0.0773));
#2787=CARTESIAN_POINT('',(0.0042,0.0035,0.0773));
#2788=CARTESIAN_POINT('',(0.0042,-0.002,0.0773));
#2789=CARTESIAN_POINT('',(0.0042,-0.002,0.0773));
#2790=CARTESIAN_POINT('',(0.0042,0.0035,0.0073));
#2791=CARTESIAN_POINT('',(0.0042,0.0035,0.0073));
#2792=CARTESIAN_POINT('',(0.0792,0.0035,0.0073));
#2793=CARTESIAN_POINT('',(0.0042,0.0035,0.0073));
#2794=CARTESIAN_POINT('',(0.0792,0.0035,0.0073));
#2795=CARTESIAN_POINT('',(0.0792,-0.002,0.0073));
#2796=CARTESIAN_POINT('',(0.0042,-0.002,0.0073));
#2797=CARTESIAN_POINT('',(0.0042,-0.002,0.0073));
#2798=CARTESIAN_POINT('',(0.0042,0.0035,0.0073));
#2799=CARTESIAN_POINT('',(0.0792,0.0035,0.0423));
#2800=CARTESIAN_POINT('',(0.0792,0.0035,0.0423));
#2801=CARTESIAN_POINT('',(0.0792,-0.002,0.0423));
#2802=CARTESIAN_POINT('',(0.0042,0.0035,0.0073));
#2803=CARTESIAN_POINT('',(0.0042,0.0005,0.0102895651857753));
#2804=CARTESIAN_POINT('',(0.0042,0.0005,0.0122895651857753));
#2805=CARTESIAN_POINT('',(0.0042,0.0005,0.0322895651857754));
#2806=CARTESIAN_POINT('',(0.0042,0.0005,0.0342895651857754));
#2807=CARTESIAN_POINT('',(0.0042,0.000501023615603728,0.0755));
#2808=CARTESIAN_POINT('',(0.0042,0.000501023615603728,0.0765));
#2809=CARTESIAN_POINT('',(0.0042,0.0035,0.0073));
#2810=CARTESIAN_POINT('',(0.0042,0.0035,0.0738567245460477));
#2811=CARTESIAN_POINT('',(0.0042,0.0035,0.0738567245460477));
#2812=CARTESIAN_POINT('',(0.0042,0.,0.0738567245460477));
#2813=CARTESIAN_POINT('',(0.0042,0.,0.0423));
#2814=CARTESIAN_POINT('',(0.0042,0.,0.0723567245460477));
#2815=CARTESIAN_POINT('',(0.0042,0.0035,0.0723567245460477));
#2816=CARTESIAN_POINT('',(0.0042,0.0035,0.0723567245460477));
#2817=CARTESIAN_POINT('',(0.0042,0.0035,0.0073));
#2818=CARTESIAN_POINT('',(0.0042,0.0035,0.0711135177833354));
#2819=CARTESIAN_POINT('',(0.0042,0.0035,0.0711135177833354));
#2820=CARTESIAN_POINT('',(0.0042,0.,0.0711135177833354));
#2821=CARTESIAN_POINT('',(0.0042,0.,0.0423));
#2822=CARTESIAN_POINT('',(0.0042,0.,0.04405));
#2823=CARTESIAN_POINT('',(0.0042,0.0035,0.04405));
#2824=CARTESIAN_POINT('',(0.0042,0.0035,0.04405));
#2825=CARTESIAN_POINT('',(0.0042,0.0035,0.0423));
#2826=CARTESIAN_POINT('',(0.0042,0.0035,0.0273951982662081));
#2827=CARTESIAN_POINT('',(0.0042,0.0035,0.0273951982662081));
#2828=CARTESIAN_POINT('',(0.0042,0.,0.0273951982662081));
#2829=CARTESIAN_POINT('',(0.0042,0.,0.0423));
#2830=CARTESIAN_POINT('',(0.0042,0.,0.0258951982662082));
#2831=CARTESIAN_POINT('',(0.0042,0.0035,0.0258951982662082));
#2832=CARTESIAN_POINT('',(0.0042,0.0035,0.0258951982662082));
#2833=CARTESIAN_POINT('',(0.0042,0.0035,0.0423));
#2834=CARTESIAN_POINT('',(0.0042,0.0035,0.0249570610433939));
#2835=CARTESIAN_POINT('',(0.0042,0.0035,0.0249570610433939));
#2836=CARTESIAN_POINT('',(0.0042,0.,0.0249570610433939));
#2837=CARTESIAN_POINT('',(0.0042,0.,0.0423));
#2838=CARTESIAN_POINT('',(0.0042,0.,0.0219564347034086));
#2839=CARTESIAN_POINT('',(0.0042,0.0035,0.0219564347034086));
#2840=CARTESIAN_POINT('',(0.0042,0.0035,0.0219564347034086));
#2841=CARTESIAN_POINT('',(0.0042,0.0035,0.0073));
#2842=CARTESIAN_POINT('',(0.0042,-0.002,0.0423));
#2843=CARTESIAN_POINT('',(0.0092,0.0005,0.0163));
#2844=CARTESIAN_POINT('',(0.0092,0.0005,0.0163));
#2845=CARTESIAN_POINT('',(0.0122,0.0005,0.0163));
#2846=CARTESIAN_POINT('',(0.0092,0.0035,0.0163));
#2847=CARTESIAN_POINT('',(0.0122,0.0035,0.0163));
#2848=CARTESIAN_POINT('',(0.0042,0.0035,0.0423));
#2849=CARTESIAN_POINT('',(0.0529214098534581,0.0035,0.0218));
#2850=CARTESIAN_POINT('',(0.0552885621722338,0.0035,0.0218));
#2851=CARTESIAN_POINT('',(0.0505542575346824,0.0035,0.0218));
#2852=CARTESIAN_POINT('',(0.0505542575346824,0.0035,0.0460817588916677));
#2853=CARTESIAN_POINT('',(0.0505542575346824,0.0035,0.0711135177833354));
#2854=CARTESIAN_POINT('',(0.0501792575346823,0.0035,0.0711135177833354));
#2855=CARTESIAN_POINT('',(0.024715385184315,0.0035,0.0711135177833354));
#2856=CARTESIAN_POINT('',(0.024715385184315,0.0035,0.0721101211646915));
#2857=CARTESIAN_POINT('',(0.024715385184315,0.0035,0.0738567245460477));
#2858=CARTESIAN_POINT('',(0.0243403851843149,0.0035,0.0738567245460477));
#2859=CARTESIAN_POINT('',(0.003825,0.0035,0.0219564347034086));
#2860=CARTESIAN_POINT('',(0.0171956803059828,0.0035,0.0219564347034086));
#2861=CARTESIAN_POINT('',(0.01819,0.0035,0.02185));
#2862=CARTESIAN_POINT('',(0.0191843196940172,0.0035,0.0219564347034086));
#2863=CARTESIAN_POINT('',(0.0206705649409617,0.0035,0.0219564347034086));
#2864=CARTESIAN_POINT('',(0.0221568101879063,0.0035,0.0219564347034086));
#2865=CARTESIAN_POINT('',(0.0225318101879063,0.0035,0.0219616095545585));
#2866=CARTESIAN_POINT('',(0.0229068101879063,0.0035,0.0219667844057083));
#2867=CARTESIAN_POINT('',(0.0229068101879063,0.0035,0.0223366095545585));
#2868=CARTESIAN_POINT('',(0.0229068101879063,0.0035,0.0415));
#2869=CARTESIAN_POINT('',(0.0230610976861106,0.0035,0.0415));
#2870=CARTESIAN_POINT('',(0.023215385184315,0.0035,0.0415));
#2871=CARTESIAN_POINT('',(0.023215385184315,0.0035,0.040575));
#2872=CARTESIAN_POINT('',(0.023215385184315,0.0035,0.0389));
#2873=CARTESIAN_POINT('',(0.0235903851843149,0.0035,0.0389));
#2874=CARTESIAN_POINT('',(0.0310385621722339,0.0035,0.0389));
#2875=CARTESIAN_POINT('',(0.0317,0.0035,0.03965));
#2876=CARTESIAN_POINT('',(0.0310385621722339,0.0035,0.0404));
#2877=CARTESIAN_POINT('',(0.0278769736782744,0.0035,0.0404));
#2878=CARTESIAN_POINT('',(0.024715385184315,0.0035,0.0404));
#2879=CARTESIAN_POINT('',(0.024715385184315,0.0035,0.04095));
#2880=CARTESIAN_POINT('',(0.024715385184315,0.0035,0.0415));
#2881=CARTESIAN_POINT('',(0.0278769736782744,0.0035,0.0415));
#2882=CARTESIAN_POINT('',(0.0310385621722339,0.0035,0.0415));
#2883=CARTESIAN_POINT('',(0.0317,0.0035,0.04225));
#2884=CARTESIAN_POINT('',(0.0310385621722339,0.0035,0.043));
#2885=CARTESIAN_POINT('',(0.0278769736782744,0.0035,0.043));
#2886=CARTESIAN_POINT('',(0.024715385184315,0.0035,0.043));
#2887=CARTESIAN_POINT('',(0.024715385184315,0.0035,0.04355));
#2888=CARTESIAN_POINT('',(0.024715385184315,0.0035,0.0441));
#2889=CARTESIAN_POINT('',(0.0278769736782744,0.0035,0.0441));
#2890=CARTESIAN_POINT('',(0.0310385621722339,0.0035,0.0441));
#2891=CARTESIAN_POINT('',(0.0317,0.0035,0.04485));
#2892=CARTESIAN_POINT('',(0.0310385621722339,0.0035,0.0456));
#2893=CARTESIAN_POINT('',(0.0278769736782744,0.0035,0.0456));
#2894=CARTESIAN_POINT('',(0.024715385184315,0.0035,0.0456));
#2895=CARTESIAN_POINT('',(0.024715385184315,0.0035,0.0576067588916677));
#2896=CARTESIAN_POINT('',(0.024715385184315,0.0035,0.0696135177833354));
#2897=CARTESIAN_POINT('',(0.0368848213594987,0.0035,0.0696135177833354));
#2898=CARTESIAN_POINT('',(0.0490542575346824,0.0035,0.0696135177833354));
#2899=CARTESIAN_POINT('',(0.0490542575346823,0.0035,0.0457067588916677));
#2900=CARTESIAN_POINT('',(0.0490542575346823,0.0035,0.0218));
#2901=CARTESIAN_POINT('',(0.0407521287673412,0.0035,0.0218));
#2902=CARTESIAN_POINT('',(0.03245,0.0035,0.0218));
#2903=CARTESIAN_POINT('',(0.03245,0.0035,0.0290942810861169));
#2904=CARTESIAN_POINT('',(0.03245,0.0035,0.0363885621722339));
#2905=CARTESIAN_POINT('',(0.0317,0.0035,0.03705));
#2906=CARTESIAN_POINT('',(0.03095,0.0035,0.0363885621722339));
#2907=CARTESIAN_POINT('',(0.03095,0.0035,0.0290942810861169));
#2908=CARTESIAN_POINT('',(0.03095,0.0035,0.0218));
#2909=CARTESIAN_POINT('',(0.0308930809715276,0.0035,0.0218));
#2910=CARTESIAN_POINT('',(0.030086161943055,0.0035,0.0218));
#2911=CARTESIAN_POINT('',(0.030086161943055,0.0035,0.021425));
#2912=CARTESIAN_POINT('',(0.030086161943055,0.0035,0.02005));
#2913=CARTESIAN_POINT('',(0.0244737998854106,0.0035,0.02005));
#2914=CARTESIAN_POINT('',(0.0188614378277661,0.0035,0.02005));
#2915=CARTESIAN_POINT('',(0.0182,0.0035,0.0193));
#2916=CARTESIAN_POINT('',(0.0188614378277661,0.0035,0.01855));
#2917=CARTESIAN_POINT('',(0.0248487998854106,0.0035,0.01855));
#2918=CARTESIAN_POINT('',(0.0315861619430551,0.0035,0.01855));
#2919=CARTESIAN_POINT('',(0.0315861619430551,0.0035,0.018925));
#2920=CARTESIAN_POINT('',(0.0315861619430551,0.0035,0.0203));
#2921=CARTESIAN_POINT('',(0.0403202097388687,0.0035,0.0203));
#2922=CARTESIAN_POINT('',(0.0490542575346823,0.0035,0.0203));
#2923=CARTESIAN_POINT('',(0.0490542575346823,0.0035,0.0175746160498517));
#2924=CARTESIAN_POINT('',(0.0490542575346823,0.0035,0.0140992320997035));
#2925=CARTESIAN_POINT('',(0.0525971768395008,0.0035,0.0140992320997035));
#2926=CARTESIAN_POINT('',(0.0553900961443193,0.0035,0.0140992320997035));
#2927=CARTESIAN_POINT('',(0.0557,0.0035,0.01505));
#2928=CARTESIAN_POINT('',(0.0548643301485303,0.0035,0.0155992320997034));
#2929=CARTESIAN_POINT('',(0.0527092938416063,0.0035,0.0155992320997034));
#2930=CARTESIAN_POINT('',(0.0505542575346823,0.0035,0.0155992320997034));
#2931=CARTESIAN_POINT('',(0.0505542575346823,0.0035,0.0179496160498517));
#2932=CARTESIAN_POINT('',(0.0505542575346823,0.0035,0.0203));
#2933=CARTESIAN_POINT('',(0.0529214098534581,0.0035,0.0203));
#2934=CARTESIAN_POINT('',(0.0552885621722339,0.0035,0.0203));
#2935=CARTESIAN_POINT('',(0.05595,0.0035,0.02105));
#2936=CARTESIAN_POINT('',(0.0742,0.0035,0.0723));
#2937=CARTESIAN_POINT('',(0.0772,0.0035,0.0723));
#2938=CARTESIAN_POINT('',(0.0317,0.0035,0.04745));
#2939=CARTESIAN_POINT('',(0.0327,0.0035,0.04745));
#2940=CARTESIAN_POINT('',(0.0742,0.0035,0.0123));
#2941=CARTESIAN_POINT('',(0.0772,0.0035,0.0123));
#2942=CARTESIAN_POINT('',(0.0243403851843149,0.0035,0.0738567245460477));
#2943=CARTESIAN_POINT('',(0.024715385184315,0.0035,0.0738567245460477));
#2944=CARTESIAN_POINT('',(0.024715385184315,0.,0.0738567245460477));
#2945=CARTESIAN_POINT('',(0.0243403851843149,0.,0.0738567245460477));
#2946=CARTESIAN_POINT('',(0.00842464171643221,0.0035,0.0723567245460477));
#2947=CARTESIAN_POINT('',(0.00842464171643221,0.,0.0723567245460477));
#2948=CARTESIAN_POINT('',(0.023215385184315,0.,0.0723567245460477));
#2949=CARTESIAN_POINT('',(0.023215385184315,0.0035,0.0723567245460477));
#2950=CARTESIAN_POINT('',(0.023215385184315,0.0035,0.0723567245460477));
#2951=CARTESIAN_POINT('',(0.00842464171643221,0.0035,0.0723567245460477));
#2952=CARTESIAN_POINT('',(0.0137076925921575,0.0035,0.0711135177833354));
#2953=CARTESIAN_POINT('',(0.0137076925921575,0.,0.0711135177833354));
#2954=CARTESIAN_POINT('',(0.023215385184315,0.,0.0711135177833354));
#2955=CARTESIAN_POINT('',(0.0137076925921575,0.0035,0.0711135177833354));
#2956=CARTESIAN_POINT('',(0.023215385184315,0.0035,0.0711135177833354));
#2957=CARTESIAN_POINT('',(0.023215385184315,0.0035,0.0711135177833354));
#2958=CARTESIAN_POINT('',(-0.00106928108611694,0.0035,0.04405));
#2959=CARTESIAN_POINT('',(-0.00106928108611694,0.0035,0.04405));
#2960=CARTESIAN_POINT('',(0.00495,0.0035,0.04405));
#2961=CARTESIAN_POINT('',(-0.00106928108611694,0.,0.04405));
#2962=CARTESIAN_POINT('',(0.00495,0.,0.04405));
#2963=CARTESIAN_POINT('',(0.00495,0.0035,0.04405));
#2964=CARTESIAN_POINT('',(-0.000301016319801579,0.0035,0.0273951982662081));
#2965=CARTESIAN_POINT('',(-0.000301016319801579,0.0035,0.0273951982662081));
#2966=CARTESIAN_POINT('',(0.00569366469180041,0.0035,0.0273951982662081));
#2967=CARTESIAN_POINT('',(0.00569366469180041,0.0035,0.0273951982662081));
#2968=CARTESIAN_POINT('',(0.00569366469180041,0.,0.0273951982662081));
#2969=CARTESIAN_POINT('',(-0.000301016319801579,0.,0.0273951982662081));
#2970=CARTESIAN_POINT('',(0.00456512696705504,0.0035,0.0249686427741775));
#2971=CARTESIAN_POINT('',(0.00456512696705504,0.,0.0249686427741775));
#2972=CARTESIAN_POINT('',(0.00495,0.,0.0249808508449463));
#2973=CARTESIAN_POINT('',(0.00456512696705504,0.0035,0.0249686427741775));
#2974=CARTESIAN_POINT('',(0.00495,0.0035,0.0249808508449463));
#2975=CARTESIAN_POINT('',(0.00495,0.0035,0.0249808508449463));
#2976=CARTESIAN_POINT('',(0.003825,0.0035,0.0219564347034086));
#2977=CARTESIAN_POINT('',(0.003825,0.,0.0219564347034086));
#2978=CARTESIAN_POINT('',(0.0171956803059828,0.,0.0219564347034086));
#2979=CARTESIAN_POINT('',(0.0171956803059828,0.0035,0.0219564347034086));
#2980=CARTESIAN_POINT('',(0.0042,0.0035,0.0423));
#2981=CARTESIAN_POINT('',(0.0049468323459002,0.0035,0.0254258164848084));
#2982=CARTESIAN_POINT('',(0.00569366469180041,0.0035,0.0249564347034086));
#2983=CARTESIAN_POINT('',(0.00638695931295525,0.0035,0.0249564347034086));
#2984=CARTESIAN_POINT('',(0.0173491086588232,0.0035,0.0249564347034086));
#2985=CARTESIAN_POINT('',(0.01818,0.0035,0.0244));
#2986=CARTESIAN_POINT('',(0.0178488134497472,0.0035,0.0234564347034086));
#2987=CARTESIAN_POINT('',(0.0124645336919286,0.0035,0.0234564347034086));
#2988=CARTESIAN_POINT('',(0.00495,0.0035,0.0234564347034086));
#2989=CARTESIAN_POINT('',(0.00495,0.0035,0.0238314347034086));
#2990=CARTESIAN_POINT('',(0.0042,0.0035,0.0423));
#2991=CARTESIAN_POINT('',(0.00495,0.0035,0.044425));
#2992=CARTESIAN_POINT('',(0.00495,0.0035,0.0696135177833354));
#2993=CARTESIAN_POINT('',(0.0140826925921575,0.0035,0.0696135177833354));
#2994=CARTESIAN_POINT('',(0.023215385184315,0.0035,0.0696135177833354));
#2995=CARTESIAN_POINT('',(0.023215385184315,0.0035,0.0576067588916677));
#2996=CARTESIAN_POINT('',(0.023215385184315,0.0035,0.0456));
#2997=CARTESIAN_POINT('',(0.0217465956557891,0.0035,0.0456));
#2998=CARTESIAN_POINT('',(0.0195664244395016,0.0035,0.0456));
#2999=CARTESIAN_POINT('',(0.0195471152833824,0.0035,0.045225));
#3000=CARTESIAN_POINT('',(0.0195278061272632,0.0035,0.04485));
#3001=CARTESIAN_POINT('',(0.0195278061272632,0.0035,0.0356532173517043));
#3002=CARTESIAN_POINT('',(0.0195278061272632,0.0035,0.0264564347034086));
#3003=CARTESIAN_POINT('',(0.0192837574352322,0.0035,0.0264564347034086));
#3004=CARTESIAN_POINT('',(0.0190397087432012,0.0035,0.0264564347034086));
#3005=CARTESIAN_POINT('',(0.01817,0.0035,0.02695));
#3006=CARTESIAN_POINT('',(0.0173002912567987,0.0035,0.0264564347034086));
#3007=CARTESIAN_POINT('',(0.0124001441060595,0.0035,0.0264564347034086));
#3008=CARTESIAN_POINT('',(0.00749999695532023,0.0035,0.0264564347034086));
#3009=CARTESIAN_POINT('',(0.00659683082356032,0.0035,0.0269258164848084));
#3010=CARTESIAN_POINT('',(0.01816,0.0035,0.0295));
#3011=CARTESIAN_POINT('',(0.01916,0.0035,0.0295));
#3012=CARTESIAN_POINT('',(0.01815,0.0035,0.03205));
#3013=CARTESIAN_POINT('',(0.01915,0.0035,0.03205));
#3014=CARTESIAN_POINT('',(0.01814,0.0035,0.0346));
#3015=CARTESIAN_POINT('',(0.01914,0.0035,0.0346));
#3016=CARTESIAN_POINT('',(0.01813,0.0035,0.03715));
#3017=CARTESIAN_POINT('',(0.01913,0.0035,0.03715));
#3018=CARTESIAN_POINT('',(0.01812,0.0035,0.0397));
#3019=CARTESIAN_POINT('',(0.01912,0.0035,0.0397));
#3020=CARTESIAN_POINT('',(0.01811,0.0035,0.04225));
#3021=CARTESIAN_POINT('',(0.01911,0.0035,0.04225));
#3022=CARTESIAN_POINT('',(0.0181,0.0035,0.0448));
#3023=CARTESIAN_POINT('',(0.0191,0.0035,0.0448));
#3024=CARTESIAN_POINT('',(0.01809,0.0035,0.04735));
#3025=CARTESIAN_POINT('',(0.01909,0.0035,0.04735));
#3026=CARTESIAN_POINT('',(0.01808,0.0035,0.0499));
#3027=CARTESIAN_POINT('',(0.01908,0.0035,0.0499));
#3028=CARTESIAN_POINT('',(0.01807,0.0035,0.05245));
#3029=CARTESIAN_POINT('',(0.01907,0.0035,0.05245));
#3030=CARTESIAN_POINT('',(0.01806,0.0035,0.055));
#3031=CARTESIAN_POINT('',(0.01906,0.0035,0.055));
#3032=CARTESIAN_POINT('',(0.01805,0.0035,0.05755));
#3033=CARTESIAN_POINT('',(0.01905,0.0035,0.05755));
#3034=CARTESIAN_POINT('',(0.01804,0.0035,0.0601));
#3035=CARTESIAN_POINT('',(0.01904,0.0035,0.0601));
#3036=CARTESIAN_POINT('',(0.01803,0.0035,0.06265));
#3037=CARTESIAN_POINT('',(0.01903,0.0035,0.06265));
#3038=CARTESIAN_POINT('',(0.01802,0.0035,0.0652));
#3039=CARTESIAN_POINT('',(0.01902,0.0035,0.0652));
#3040=CARTESIAN_POINT('',(0.0042,0.,0.0423));
#3041=CARTESIAN_POINT('',(0.024715385184315,0.,0.0721101211646915));
#3042=CARTESIAN_POINT('',(0.024715385184315,0.,0.0711135177833354));
#3043=CARTESIAN_POINT('',(0.0501792575346823,0.,0.0711135177833354));
#3044=CARTESIAN_POINT('',(0.0505542575346824,0.,0.0711135177833354));
#3045=CARTESIAN_POINT('',(0.0505542575346824,0.,0.0460817588916677));
#3046=CARTESIAN_POINT('',(0.0505542575346824,0.,0.0218));
#3047=CARTESIAN_POINT('',(0.0529214098534581,0.,0.0218));
#3048=CARTESIAN_POINT('',(0.0552885621722338,0.,0.0218));
#3049=CARTESIAN_POINT('',(0.05595,0.,0.02105));
#3050=CARTESIAN_POINT('',(0.0552885621722339,0.,0.0203));
#3051=CARTESIAN_POINT('',(0.0529214098534581,0.,0.0203));
#3052=CARTESIAN_POINT('',(0.0505542575346823,0.,0.0203));
#3053=CARTESIAN_POINT('',(0.0505542575346823,0.,0.0179496160498517));
#3054=CARTESIAN_POINT('',(0.0505542575346823,0.,0.0155992320997034));
#3055=CARTESIAN_POINT('',(0.0527092938416063,0.,0.0155992320997034));
#3056=CARTESIAN_POINT('',(0.0548643301485303,0.,0.0155992320997034));
#3057=CARTESIAN_POINT('',(0.0557,0.,0.01505));
#3058=CARTESIAN_POINT('',(0.0553900961443193,0.,0.0140992320997035));
#3059=CARTESIAN_POINT('',(0.0525971768395008,0.,0.0140992320997035));
#3060=CARTESIAN_POINT('',(0.0490542575346823,0.,0.0140992320997035));
#3061=CARTESIAN_POINT('',(0.0490542575346823,0.,0.0175746160498517));
#3062=CARTESIAN_POINT('',(0.0490542575346823,0.,0.0203));
#3063=CARTESIAN_POINT('',(0.0403202097388687,0.,0.0203));
#3064=CARTESIAN_POINT('',(0.0315861619430551,0.,0.0203));
#3065=CARTESIAN_POINT('',(0.0315861619430551,0.,0.018925));
#3066=CARTESIAN_POINT('',(0.0315861619430551,0.,0.01855));
#3067=CARTESIAN_POINT('',(0.0248487998854106,0.,0.01855));
#3068=CARTESIAN_POINT('',(0.0188614378277661,0.,0.01855));
#3069=CARTESIAN_POINT('',(0.0182,0.,0.0193));
#3070=CARTESIAN_POINT('',(0.0188614378277661,0.,0.02005));
#3071=CARTESIAN_POINT('',(0.0244737998854106,0.,0.02005));
#3072=CARTESIAN_POINT('',(0.030086161943055,0.,0.02005));
#3073=CARTESIAN_POINT('',(0.030086161943055,0.,0.021425));
#3074=CARTESIAN_POINT('',(0.030086161943055,0.,0.0218));
#3075=CARTESIAN_POINT('',(0.0308930809715276,0.,0.0218));
#3076=CARTESIAN_POINT('',(0.03095,0.,0.0218));
#3077=CARTESIAN_POINT('',(0.03095,0.,0.0290942810861169));
#3078=CARTESIAN_POINT('',(0.03095,0.,0.0363885621722339));
#3079=CARTESIAN_POINT('',(0.0317,0.,0.03705));
#3080=CARTESIAN_POINT('',(0.03245,0.,0.0363885621722339));
#3081=CARTESIAN_POINT('',(0.03245,0.,0.0290942810861169));
#3082=CARTESIAN_POINT('',(0.03245,0.,0.0218));
#3083=CARTESIAN_POINT('',(0.0407521287673412,0.,0.0218));
#3084=CARTESIAN_POINT('',(0.0490542575346823,0.,0.0218));
#3085=CARTESIAN_POINT('',(0.0490542575346823,0.,0.0457067588916677));
#3086=CARTESIAN_POINT('',(0.0490542575346824,0.,0.0696135177833354));
#3087=CARTESIAN_POINT('',(0.0368848213594987,0.,0.0696135177833354));
#3088=CARTESIAN_POINT('',(0.024715385184315,0.,0.0696135177833354));
#3089=CARTESIAN_POINT('',(0.024715385184315,0.,0.0576067588916677));
#3090=CARTESIAN_POINT('',(0.024715385184315,0.,0.0456));
#3091=CARTESIAN_POINT('',(0.0278769736782744,0.,0.0456));
#3092=CARTESIAN_POINT('',(0.0310385621722339,0.,0.0456));
#3093=CARTESIAN_POINT('',(0.0317,0.,0.04485));
#3094=CARTESIAN_POINT('',(0.0310385621722339,0.,0.0441));
#3095=CARTESIAN_POINT('',(0.0278769736782744,0.,0.0441));
#3096=CARTESIAN_POINT('',(0.024715385184315,0.,0.0441));
#3097=CARTESIAN_POINT('',(0.024715385184315,0.,0.04355));
#3098=CARTESIAN_POINT('',(0.024715385184315,0.,0.043));
#3099=CARTESIAN_POINT('',(0.0278769736782744,0.,0.043));
#3100=CARTESIAN_POINT('',(0.0310385621722339,0.,0.043));
#3101=CARTESIAN_POINT('',(0.0317,0.,0.04225));
#3102=CARTESIAN_POINT('',(0.0310385621722339,0.,0.0415));
#3103=CARTESIAN_POINT('',(0.0278769736782744,0.,0.0415));
#3104=CARTESIAN_POINT('',(0.024715385184315,0.,0.0415));
#3105=CARTESIAN_POINT('',(0.024715385184315,0.,0.04095));
#3106=CARTESIAN_POINT('',(0.024715385184315,0.,0.0404));
#3107=CARTESIAN_POINT('',(0.0278769736782744,0.,0.0404));
#3108=CARTESIAN_POINT('',(0.0310385621722339,0.,0.0404));
#3109=CARTESIAN_POINT('',(0.0317,0.,0.03965));
#3110=CARTESIAN_POINT('',(0.0310385621722339,0.,0.0389));
#3111=CARTESIAN_POINT('',(0.0235903851843149,0.,0.0389));
#3112=CARTESIAN_POINT('',(0.023215385184315,0.,0.0389));
#3113=CARTESIAN_POINT('',(0.023215385184315,0.,0.040575));
#3114=CARTESIAN_POINT('',(0.023215385184315,0.,0.0415));
#3115=CARTESIAN_POINT('',(0.0230610976861106,0.,0.0415));
#3116=CARTESIAN_POINT('',(0.0229068101879063,0.,0.0415));
#3117=CARTESIAN_POINT('',(0.0229068101879063,0.,0.0223366095545585));
#3118=CARTESIAN_POINT('',(0.0229068101879063,0.,0.0219667844057083));
#3119=CARTESIAN_POINT('',(0.0225318101879063,0.,0.0219616095545585));
#3120=CARTESIAN_POINT('',(0.0221568101879063,0.,0.0219564347034086));
#3121=CARTESIAN_POINT('',(0.0206705649409617,0.,0.0219564347034086));
#3122=CARTESIAN_POINT('',(0.0191843196940172,0.,0.0219564347034086));
#3123=CARTESIAN_POINT('',(0.01819,0.,0.02185));
#3124=CARTESIAN_POINT('',(0.00495,0.,0.0238314347034086));
#3125=CARTESIAN_POINT('',(0.00495,0.,0.0234564347034086));
#3126=CARTESIAN_POINT('',(0.0124645336919286,0.,0.0234564347034086));
#3127=CARTESIAN_POINT('',(0.0178488134497472,0.,0.0234564347034086));
#3128=CARTESIAN_POINT('',(0.01818,0.,0.0244));
#3129=CARTESIAN_POINT('',(0.0173491086588232,0.,0.0249564347034086));
#3130=CARTESIAN_POINT('',(0.00638695931295525,0.,0.0249564347034086));
#3131=CARTESIAN_POINT('',(0.00569366469180041,0.,0.0249564347034086));
#3132=CARTESIAN_POINT('',(0.0049468323459002,0.,0.0254258164848084));
#3133=CARTESIAN_POINT('',(0.00659683082356032,0.,0.0269258164848084));
#3134=CARTESIAN_POINT('',(0.00749999695532023,0.,0.0264564347034086));
#3135=CARTESIAN_POINT('',(0.0124001441060595,0.,0.0264564347034086));
#3136=CARTESIAN_POINT('',(0.0173002912567987,0.,0.0264564347034086));
#3137=CARTESIAN_POINT('',(0.01817,0.,0.02695));
#3138=CARTESIAN_POINT('',(0.0190397087432012,0.,0.0264564347034086));
#3139=CARTESIAN_POINT('',(0.0192837574352322,0.,0.0264564347034086));
#3140=CARTESIAN_POINT('',(0.0195278061272632,0.,0.0264564347034086));
#3141=CARTESIAN_POINT('',(0.0195278061272632,0.,0.0356532173517043));
#3142=CARTESIAN_POINT('',(0.0195278061272632,0.,0.04485));
#3143=CARTESIAN_POINT('',(0.0195471152833824,0.,0.045225));
#3144=CARTESIAN_POINT('',(0.0195664244395016,0.,0.0456));
#3145=CARTESIAN_POINT('',(0.0217465956557891,0.,0.0456));
#3146=CARTESIAN_POINT('',(0.023215385184315,0.,0.0456));
#3147=CARTESIAN_POINT('',(0.023215385184315,0.,0.0576067588916677));
#3148=CARTESIAN_POINT('',(0.023215385184315,0.,0.0696135177833354));
#3149=CARTESIAN_POINT('',(0.0140826925921575,0.,0.0696135177833354));
#3150=CARTESIAN_POINT('',(0.00495,0.,0.0696135177833354));
#3151=CARTESIAN_POINT('',(0.00495,0.,0.044425));
#3152=CARTESIAN_POINT('',(0.023215385184315,0.,0.0717351211646915));
#3153=CARTESIAN_POINT('',(0.0042,-0.002,0.0423));
#3154=CARTESIAN_POINT('',(0.0525971768395008,0.0035,0.0140992320997035));
#3155=CARTESIAN_POINT('',(0.0553900961443193,0.0035,0.0140992320997035));
#3156=CARTESIAN_POINT('',(0.0490542575346823,0.0035,0.0140992320997035));
#3157=CARTESIAN_POINT('',(0.0557,0.0035,0.01505));
#3158=CARTESIAN_POINT('',(0.0548643301485303,0.0035,0.0155992320997034));
#3159=CARTESIAN_POINT('',(0.0527092938416063,0.0035,0.0155992320997034));
#3160=CARTESIAN_POINT('',(0.0505542575346823,0.0035,0.0155992320997034));
#3161=CARTESIAN_POINT('',(0.0505542575346823,0.0035,0.0179496160498517));
#3162=CARTESIAN_POINT('',(0.0505542575346823,0.0035,0.0203));
#3163=CARTESIAN_POINT('',(0.0529214098534581,0.0035,0.0203));
#3164=CARTESIAN_POINT('',(0.0552885621722339,0.0035,0.0203));
#3165=CARTESIAN_POINT('',(0.05595,0.0035,0.02105));
#3166=CARTESIAN_POINT('',(0.0552885621722338,0.0035,0.0218));
#3167=CARTESIAN_POINT('',(0.0529214098534581,0.0035,0.0218));
#3168=CARTESIAN_POINT('',(0.0505542575346824,0.0035,0.0218));
#3169=CARTESIAN_POINT('',(0.0505542575346824,0.0035,0.0460817588916677));
#3170=CARTESIAN_POINT('',(0.0505542575346824,0.0035,0.0711135177833354));
#3171=CARTESIAN_POINT('',(0.0501792575346823,0.0035,0.0711135177833354));
#3172=CARTESIAN_POINT('',(0.024715385184315,0.0035,0.0711135177833354));
#3173=CARTESIAN_POINT('',(0.024715385184315,0.0035,0.0721101211646915));
#3174=CARTESIAN_POINT('',(0.023215385184315,0.0035,0.0717351211646915));
#3175=CARTESIAN_POINT('',(0.023215385184315,0.0035,0.0717351211646915));
#3176=CARTESIAN_POINT('',(0.00495,0.0035,0.044425));
#3177=CARTESIAN_POINT('',(0.00495,0.0035,0.0696135177833354));
#3178=CARTESIAN_POINT('',(0.0140826925921575,0.0035,0.0696135177833354));
#3179=CARTESIAN_POINT('',(0.023215385184315,0.0035,0.0696135177833354));
#3180=CARTESIAN_POINT('',(0.023215385184315,0.0035,0.0576067588916677));
#3181=CARTESIAN_POINT('',(0.023215385184315,0.0035,0.0456));
#3182=CARTESIAN_POINT('',(0.0217465956557891,0.0035,0.0456));
#3183=CARTESIAN_POINT('',(0.0195664244395016,0.0035,0.0456));
#3184=CARTESIAN_POINT('',(0.0195471152833824,0.0035,0.045225));
#3185=CARTESIAN_POINT('',(0.0195278061272632,0.0035,0.04485));
#3186=CARTESIAN_POINT('',(0.0195278061272632,0.0035,0.0356532173517043));
#3187=CARTESIAN_POINT('',(0.0195278061272632,0.0035,0.0264564347034086));
#3188=CARTESIAN_POINT('',(0.0192837574352322,0.0035,0.0264564347034086));
#3189=CARTESIAN_POINT('',(0.0190397087432012,0.0035,0.0264564347034086));
#3190=CARTESIAN_POINT('',(0.01817,0.0035,0.02695));
#3191=CARTESIAN_POINT('',(0.0173002912567987,0.0035,0.0264564347034086));
#3192=CARTESIAN_POINT('',(0.0124001441060595,0.0035,0.0264564347034086));
#3193=CARTESIAN_POINT('',(0.00749999695532023,0.0035,0.0264564347034086));
#3194=CARTESIAN_POINT('',(0.00659683082356032,0.0035,0.0269258164848084));
#3195=CARTESIAN_POINT('',(0.0049468323459002,0.0035,0.0254258164848084));
#3196=CARTESIAN_POINT('',(0.00569366469180041,0.0035,0.0249564347034086));
#3197=CARTESIAN_POINT('',(0.00638695931295525,0.0035,0.0249564347034086));
#3198=CARTESIAN_POINT('',(0.0173491086588232,0.0035,0.0249564347034086));
#3199=CARTESIAN_POINT('',(0.01818,0.0035,0.0244));
#3200=CARTESIAN_POINT('',(0.0178488134497472,0.0035,0.0234564347034086));
#3201=CARTESIAN_POINT('',(0.0124645336919286,0.0035,0.0234564347034086));
#3202=CARTESIAN_POINT('',(0.00495,0.0035,0.0234564347034086));
#3203=CARTESIAN_POINT('',(0.00495,0.0035,0.0238314347034086));
#3204=CARTESIAN_POINT('',(0.01819,0.0035,0.02185));
#3205=CARTESIAN_POINT('',(0.0191843196940172,0.0035,0.0219564347034086));
#3206=CARTESIAN_POINT('',(0.0206705649409617,0.0035,0.0219564347034086));
#3207=CARTESIAN_POINT('',(0.0221568101879063,0.0035,0.0219564347034086));
#3208=CARTESIAN_POINT('',(0.0225318101879063,0.0035,0.0219616095545585));
#3209=CARTESIAN_POINT('',(0.0229068101879063,0.0035,0.0219667844057083));
#3210=CARTESIAN_POINT('',(0.0229068101879063,0.0035,0.0223366095545585));
#3211=CARTESIAN_POINT('',(0.0229068101879063,0.0035,0.0415));
#3212=CARTESIAN_POINT('',(0.0230610976861106,0.0035,0.0415));
#3213=CARTESIAN_POINT('',(0.023215385184315,0.0035,0.0415));
#3214=CARTESIAN_POINT('',(0.023215385184315,0.0035,0.040575));
#3215=CARTESIAN_POINT('',(0.023215385184315,0.0035,0.0389));
#3216=CARTESIAN_POINT('',(0.0235903851843149,0.0035,0.0389));
#3217=CARTESIAN_POINT('',(0.0310385621722339,0.0035,0.0389));
#3218=CARTESIAN_POINT('',(0.0317,0.0035,0.03965));
#3219=CARTESIAN_POINT('',(0.0310385621722339,0.0035,0.0404));
#3220=CARTESIAN_POINT('',(0.0278769736782744,0.0035,0.0404));
#3221=CARTESIAN_POINT('',(0.024715385184315,0.0035,0.0404));
#3222=CARTESIAN_POINT('',(0.024715385184315,0.0035,0.04095));
#3223=CARTESIAN_POINT('',(0.024715385184315,0.0035,0.0415));
#3224=CARTESIAN_POINT('',(0.0278769736782744,0.0035,0.0415));
#3225=CARTESIAN_POINT('',(0.0310385621722339,0.0035,0.0415));
#3226=CARTESIAN_POINT('',(0.0317,0.0035,0.04225));
#3227=CARTESIAN_POINT('',(0.0310385621722339,0.0035,0.043));
#3228=CARTESIAN_POINT('',(0.0278769736782744,0.0035,0.043));
#3229=CARTESIAN_POINT('',(0.024715385184315,0.0035,0.043));
#3230=CARTESIAN_POINT('',(0.024715385184315,0.0035,0.04355));
#3231=CARTESIAN_POINT('',(0.024715385184315,0.0035,0.0441));
#3232=CARTESIAN_POINT('',(0.0278769736782744,0.0035,0.0441));
#3233=CARTESIAN_POINT('',(0.0310385621722339,0.0035,0.0441));
#3234=CARTESIAN_POINT('',(0.0317,0.0035,0.04485));
#3235=CARTESIAN_POINT('',(0.0310385621722339,0.0035,0.0456));
#3236=CARTESIAN_POINT('',(0.0278769736782744,0.0035,0.0456));
#3237=CARTESIAN_POINT('',(0.024715385184315,0.0035,0.0456));
#3238=CARTESIAN_POINT('',(0.024715385184315,0.0035,0.0576067588916677));
#3239=CARTESIAN_POINT('',(0.024715385184315,0.0035,0.0696135177833354));
#3240=CARTESIAN_POINT('',(0.0368848213594987,0.0035,0.0696135177833354));
#3241=CARTESIAN_POINT('',(0.0490542575346824,0.0035,0.0696135177833354));
#3242=CARTESIAN_POINT('',(0.0490542575346823,0.0035,0.0457067588916677));
#3243=CARTESIAN_POINT('',(0.0490542575346823,0.0035,0.0218));
#3244=CARTESIAN_POINT('',(0.0407521287673412,0.0035,0.0218));
#3245=CARTESIAN_POINT('',(0.03245,0.0035,0.0218));
#3246=CARTESIAN_POINT('',(0.03245,0.0035,0.0290942810861169));
#3247=CARTESIAN_POINT('',(0.03245,0.0035,0.0363885621722339));
#3248=CARTESIAN_POINT('',(0.0317,0.0035,0.03705));
#3249=CARTESIAN_POINT('',(0.03095,0.0035,0.0363885621722339));
#3250=CARTESIAN_POINT('',(0.03095,0.0035,0.0290942810861169));
#3251=CARTESIAN_POINT('',(0.03095,0.0035,0.0218));
#3252=CARTESIAN_POINT('',(0.0308930809715276,0.0035,0.0218));
#3253=CARTESIAN_POINT('',(0.030086161943055,0.0035,0.0218));
#3254=CARTESIAN_POINT('',(0.030086161943055,0.0035,0.021425));
#3255=CARTESIAN_POINT('',(0.030086161943055,0.0035,0.02005));
#3256=CARTESIAN_POINT('',(0.0244737998854106,0.0035,0.02005));
#3257=CARTESIAN_POINT('',(0.0188614378277661,0.0035,0.02005));
#3258=CARTESIAN_POINT('',(0.0182,0.0035,0.0193));
#3259=CARTESIAN_POINT('',(0.0188614378277661,0.0035,0.01855));
#3260=CARTESIAN_POINT('',(0.0248487998854106,0.0035,0.01855));
#3261=CARTESIAN_POINT('',(0.0315861619430551,0.0035,0.01855));
#3262=CARTESIAN_POINT('',(0.0315861619430551,0.0035,0.018925));
#3263=CARTESIAN_POINT('',(0.0315861619430551,0.0035,0.0203));
#3264=CARTESIAN_POINT('',(0.0403202097388687,0.0035,0.0203));
#3265=CARTESIAN_POINT('',(0.0490542575346823,0.0035,0.0203));
#3266=CARTESIAN_POINT('',(0.0490542575346823,0.0035,0.0175746160498517));
#3267=CARTESIAN_POINT('',(0.01816,0.0035,0.0295));
#3268=CARTESIAN_POINT('',(0.01816,0.,0.0295));
#3269=CARTESIAN_POINT('',(0.01916,0.,0.0295));
#3270=CARTESIAN_POINT('',(0.01815,0.0035,0.03205));
#3271=CARTESIAN_POINT('',(0.01815,0.,0.03205));
#3272=CARTESIAN_POINT('',(0.01915,0.,0.03205));
#3273=CARTESIAN_POINT('',(0.01814,0.0035,0.0346));
#3274=CARTESIAN_POINT('',(0.01814,0.,0.0346));
#3275=CARTESIAN_POINT('',(0.01914,0.,0.0346));
#3276=CARTESIAN_POINT('',(0.01813,0.0035,0.03715));
#3277=CARTESIAN_POINT('',(0.01813,0.,0.03715));
#3278=CARTESIAN_POINT('',(0.01913,0.,0.03715));
#3279=CARTESIAN_POINT('',(0.01812,0.0035,0.0397));
#3280=CARTESIAN_POINT('',(0.01812,0.,0.0397));
#3281=CARTESIAN_POINT('',(0.01912,0.,0.0397));
#3282=CARTESIAN_POINT('',(0.01811,0.0035,0.04225));
#3283=CARTESIAN_POINT('',(0.01811,0.,0.04225));
#3284=CARTESIAN_POINT('',(0.01911,0.,0.04225));
#3285=CARTESIAN_POINT('',(0.0181,0.0035,0.0448));
#3286=CARTESIAN_POINT('',(0.0181,0.,0.0448));
#3287=CARTESIAN_POINT('',(0.0191,0.,0.0448));
#3288=CARTESIAN_POINT('',(0.01809,0.0035,0.04735));
#3289=CARTESIAN_POINT('',(0.01809,0.,0.04735));
#3290=CARTESIAN_POINT('',(0.01909,0.,0.04735));
#3291=CARTESIAN_POINT('',(0.01808,0.0035,0.0499));
#3292=CARTESIAN_POINT('',(0.01808,0.,0.0499));
#3293=CARTESIAN_POINT('',(0.01908,0.,0.0499));
#3294=CARTESIAN_POINT('',(0.01807,0.0035,0.05245));
#3295=CARTESIAN_POINT('',(0.01807,0.,0.05245));
#3296=CARTESIAN_POINT('',(0.01907,0.,0.05245));
#3297=CARTESIAN_POINT('',(0.01806,0.0035,0.055));
#3298=CARTESIAN_POINT('',(0.01806,0.,0.055));
#3299=CARTESIAN_POINT('',(0.01906,0.,0.055));
#3300=CARTESIAN_POINT('',(0.01805,0.0035,0.05755));
#3301=CARTESIAN_POINT('',(0.01805,0.,0.05755));
#3302=CARTESIAN_POINT('',(0.01905,0.,0.05755));
#3303=CARTESIAN_POINT('',(0.01804,0.0035,0.0601));
#3304=CARTESIAN_POINT('',(0.01804,0.,0.0601));
#3305=CARTESIAN_POINT('',(0.01904,0.,0.0601));
#3306=CARTESIAN_POINT('',(0.01803,0.0035,0.06265));
#3307=CARTESIAN_POINT('',(0.01803,0.,0.06265));
#3308=CARTESIAN_POINT('',(0.01903,0.,0.06265));
#3309=CARTESIAN_POINT('',(0.01802,0.0035,0.0652));
#3310=CARTESIAN_POINT('',(0.01802,0.,0.0652));
#3311=CARTESIAN_POINT('',(0.01902,0.,0.0652));
#3312=CARTESIAN_POINT('',(0.0317,0.0035,0.04745));
#3313=CARTESIAN_POINT('',(0.0317,0.,0.04745));
#3314=CARTESIAN_POINT('',(0.0327,0.,0.04745));
#3315=CARTESIAN_POINT('',(0.0042,0.,0.0423));
#3316=CARTESIAN_POINT('',(0.0042,0.,0.0423));
#3317=CARTESIAN_POINT('',(0.0042,0.,0.0423));
#3318=CARTESIAN_POINT('',(0.0042,0.,0.0423));
#3319=CARTESIAN_POINT('',(0.0042,0.,0.0423));
#3320=CARTESIAN_POINT('',(0.0042,0.,0.0423));
#3321=CARTESIAN_POINT('',(0.0042,0.,0.0423));
#3322=CARTESIAN_POINT('',(0.0042,0.,0.0423));
#3323=CARTESIAN_POINT('',(0.0042,0.,0.0423));
#3324=CARTESIAN_POINT('',(0.0042,0.,0.0423));
#3325=CARTESIAN_POINT('',(0.0042,0.,0.0423));
#3326=CARTESIAN_POINT('',(0.0042,0.,0.0423));
#3327=CARTESIAN_POINT('',(0.0042,0.,0.0423));
#3328=CARTESIAN_POINT('',(0.0042,0.,0.0423));
#3329=CARTESIAN_POINT('',(0.0042,0.,0.0423));
#3330=CARTESIAN_POINT('',(0.0042,0.,0.0423));
#3331=CARTESIAN_POINT('',(0.0102,0.000501023615603728,0.0755));
#3332=CARTESIAN_POINT('',(0.0102,0.000501023615603728,0.0755));
#3333=CARTESIAN_POINT('',(0.0102,0.000501023615603728,0.0765));
#3334=CARTESIAN_POINT('',(0.0102,0.00075,0.0423));
#3335=CARTESIAN_POINT('',(0.0102,0.0005,0.0322895651857754));
#3336=CARTESIAN_POINT('',(0.0102,0.0005,0.0322895651857754));
#3337=CARTESIAN_POINT('',(0.0102,0.0005,0.0342895651857754));
#3338=CARTESIAN_POINT('',(0.0102,0.00075,0.0423));
#3339=CARTESIAN_POINT('',(0.0102,0.0005,0.0102895651857753));
#3340=CARTESIAN_POINT('',(0.0102,0.0005,0.0102895651857753));
#3341=CARTESIAN_POINT('',(0.0102,0.0005,0.0122895651857753));
#3342=CARTESIAN_POINT('',(0.0102,0.00075,0.0423));
#3343=CARTESIAN_POINT('',(0.0417,0.0005,0.0423));
#3344=CARTESIAN_POINT('',(0.0417,0.0005,0.0423));
#3345=CARTESIAN_POINT('',(0.0742,0.0005,0.0723));
#3346=CARTESIAN_POINT('',(0.0772,0.0005,0.0723));
#3347=CARTESIAN_POINT('',(0.0742,0.0005,0.0723));
#3348=CARTESIAN_POINT('',(0.0417,0.0005,0.0423));
#3349=CARTESIAN_POINT('',(0.0742,0.0005,0.0123));
#3350=CARTESIAN_POINT('',(0.0772,0.0005,0.0123));
#3351=CARTESIAN_POINT('',(0.0742,0.0005,0.0123));
#3352=CARTESIAN_POINT('',(0.0389613289676975,0.0035,0.0417211668238456));
#3353=MECHANICAL_DESIGN_GEOMETRIC_PRESENTATION_REPRESENTATION('',(#2018),
#3354);
#3354=(
GEOMETRIC_REPRESENTATION_CONTEXT(3)
GLOBAL_UNCERTAINTY_ASSIGNED_CONTEXT((#3355))
GLOBAL_UNIT_ASSIGNED_CONTEXT((#3358,#3357,#3356))
REPRESENTATION_CONTEXT('Part 3','TOP_LEVEL_ASSEMBLY_PART')
);
#3355=UNCERTAINTY_MEASURE_WITH_UNIT(LENGTH_MEASURE(1.E-8),#3358,
'DISTANCE_ACCURACY_VALUE','Maximum Tolerance applied to model');
#3356=(
NAMED_UNIT(*)
SI_UNIT($,.STERADIAN.)
SOLID_ANGLE_UNIT()
);
#3357=(
NAMED_UNIT(*)
PLANE_ANGLE_UNIT()
SI_UNIT($,.RADIAN.)
);
#3358=(
LENGTH_UNIT()
NAMED_UNIT(*)
SI_UNIT($,.METRE.)
);
#3359=PRODUCT_DEFINITION_SHAPE('','',#3360);
#3360=PRODUCT_DEFINITION('','',#3362,#3361);
#3361=PRODUCT_DEFINITION_CONTEXT('',#3368,'design');
#3362=PRODUCT_DEFINITION_FORMATION_WITH_SPECIFIED_SOURCE('','',#3364,
 .NOT_KNOWN.);
#3363=PRODUCT_RELATED_PRODUCT_CATEGORY('','',(#3364));
#3364=PRODUCT('Part 3','Part 3','Part 3',(#3366));
#3365=PRODUCT_CATEGORY('','');
#3366=PRODUCT_CONTEXT('',#3368,'mechanical');
#3367=APPLICATION_PROTOCOL_DEFINITION('international standard',
'ap242_managed_model_based_3d_engineering',2020,#3368);
#3368=APPLICATION_CONTEXT('managed model based 3d engineering');
ENDSEC;
END-ISO-10303-21;
